ISO-10303-21;
HEADER;
FILE_DESCRIPTION (( 'STEP AP214' ),
    '1' );
FILE_NAME ('MAX17261METD+.STEP',
    '2025-08-22T22:02:15',
    ( '' ),
    ( '' ),
    'SwSTEP 2.0',
    'SolidWorks 2021',
    '' );
FILE_SCHEMA (( 'AUTOMOTIVE_DESIGN' ));
ENDSEC;

DATA;
#1 = DIRECTION ( 'NONE',  ( -1.000000000000000000, 0.000000000000000000, 3.491481338843133355E-15 ) ) ;
#2 = CARTESIAN_POINT ( 'NONE',  ( 1.500000000000000888, 0.2000000000000000944, 0.3999999999999946931 ) ) ;
#3 = CYLINDRICAL_SURFACE ( 'NONE', #1611, 0.1000000000000000472 ) ;
#4 = EDGE_CURVE ( 'NONE', #11, #4367, #3586, .T. ) ;
#5 = ORIENTED_EDGE ( 'NONE', *, *, #2303, .F. ) ;
#6 =( LENGTH_UNIT ( ) NAMED_UNIT ( * ) SI_UNIT ( .MILLI., .METRE. ) );
#7 = ORIENTED_EDGE ( 'NONE', *, *, #4027, .T. ) ;
#8 = CARTESIAN_POINT ( 'NONE',  ( -1.500000000000003775, 0.2000000000000000944, -1.199999999999994627 ) ) ;
#9 = DIRECTION ( 'NONE',  ( -0.7071067811865445751, -0.000000000000000000, 0.7071067811865503483 ) ) ;
#10 = DIRECTION ( 'NONE',  ( 3.491481338843133355E-15, 0.000000000000000000, 1.000000000000000000 ) ) ;
#11 = VERTEX_POINT ( 'NONE', #1066 ) ;
#12 = ORIENTED_EDGE ( 'NONE', *, *, #2695, .T. ) ;
#13 = PLANE ( 'NONE',  #414 ) ;
#14 = VERTEX_POINT ( 'NONE', #480 ) ;
#15 = CARTESIAN_POINT ( 'NONE',  ( 5.237222008264701611E-15, 0.8000000000000001554, 1.500000000000000444 ) ) ;
#16 = VERTEX_POINT ( 'NONE', #4458 ) ;
#17 = DIRECTION ( 'NONE',  ( -1.000000000000000000, 0.000000000000000000, 3.491481338843133355E-15 ) ) ;
#18 = EDGE_CURVE ( 'NONE', #1868, #5660, #1030, .T. ) ;
#19 = LINE ( 'NONE', #3617, #1530 ) ;
#20 = SURFACE_STYLE_FILL_AREA ( #1759 ) ;
#21 = CYLINDRICAL_SURFACE ( 'NONE', #5524, 0.1250421398215223190 ) ;
#22 = AXIS2_PLACEMENT_3D ( 'NONE', #3986, #958, #1856 ) ;
#23 = LINE ( 'NONE', #3121, #2456 ) ;
#24 = AXIS2_PLACEMENT_3D ( 'NONE', #137, #2362, #5040 ) ;
#25 = CIRCLE ( 'NONE', #5429, 0.1000000000000000472 ) ;
#26 = LINE ( 'NONE', #2, #198 ) ;
#27 = EDGE_CURVE ( 'NONE', #5598, #3379, #4001, .T. ) ;
#28 = FACE_OUTER_BOUND ( 'NONE', #2857, .T. ) ;
#29 = VECTOR ( 'NONE', #4809, 1000.000000000000000 ) ;
#30 = DIRECTION ( 'NONE',  ( -1.000000000000000000, 0.000000000000000000, 3.491481338843133355E-15 ) ) ;
#31 = EDGE_LOOP ( 'NONE', ( #2757, #5389, #5241, #1402 ) ) ;
#32 = EDGE_LOOP ( 'NONE', ( #2090, #2188, #1589, #1101 ) ) ;
#33 = DIRECTION ( 'NONE',  ( 3.491481338843133355E-15, 0.000000000000000000, 1.000000000000000000 ) ) ;
#34 = EDGE_CURVE ( 'NONE', #4945, #2153, #2357, .T. ) ;
#35 = CARTESIAN_POINT ( 'NONE',  ( 1.499999999999997780, 0.2000000000000000111, -0.5000000000000052180 ) ) ;
#36 = DIRECTION ( 'NONE',  ( 1.000000000000000000, 0.000000000000000000, -3.252606517456511724E-15 ) ) ;
#37 = VECTOR ( 'NONE', #2900, 1000.000000000000000 ) ;
#38 = STYLED_ITEM ( 'NONE', ( #1942 ), #2708 ) ;
#39 = CARTESIAN_POINT ( 'NONE',  ( 0.8500000000000038636, 0.2000000000000000944, 1.099999999999996758 ) ) ;
#40 = CIRCLE ( 'NONE', #785, 0.1000000000000000472 ) ;
#41 = ADVANCED_FACE ( 'NONE', ( #3164 ), #1443, .F. ) ;
#42 = SURFACE_SIDE_STYLE ('',( #2237 ) ) ;
#43 = VERTEX_POINT ( 'NONE', #3199 ) ;
#44 = VECTOR ( 'NONE', #2692, 1000.000000000000000 ) ;
#45 = ORIENTED_EDGE ( 'NONE', *, *, #1505, .F. ) ;
#46 = AXIS2_PLACEMENT_3D ( 'NONE', #1784, #3908, #5661 ) ;
#47 = DIRECTION ( 'NONE',  ( 0.000000000000000000, -1.000000000000000000, 0.000000000000000000 ) ) ;
#48 = EDGE_CURVE ( 'NONE', #2438, #1764, #2088, .T. ) ;
#49 = ADVANCED_FACE ( 'NONE', ( #3135 ), #4863, .T. ) ;
#50 = DIRECTION ( 'NONE',  ( -0.000000000000000000, -1.000000000000000000, -0.000000000000000000 ) ) ;
#51 = VECTOR ( 'NONE', #4691, 1000.000000000000000 ) ;
#52 = VECTOR ( 'NONE', #389, 1000.000000000000000 ) ;
#53 = LINE ( 'NONE', #1007, #3636 ) ;
#54 = ORIENTED_EDGE ( 'NONE', *, *, #3216, .F. ) ;
#55 = CARTESIAN_POINT ( 'NONE',  ( -1.299999999999995159, 0.2000000000000000944, 1.300000000000004707 ) ) ;
#56 = LINE ( 'NONE', #1832, #223 ) ;
#57 = VECTOR ( 'NONE', #4089, 1000.000000000000000 ) ;
#58 = PRESENTATION_STYLE_ASSIGNMENT (( #3496 ) ) ;
#59 = AXIS2_PLACEMENT_3D ( 'NONE', #4123, #1423, #3298 ) ;
#60 = UNCERTAINTY_MEASURE_WITH_UNIT (LENGTH_MEASURE( 1.000000000000000082E-05 ), #5032, 'distance_accuracy_value', 'NONE');
#61 = LINE ( 'NONE', #3097, #234 ) ;
#62 = LINE ( 'NONE', #4332, #4893 ) ;
#63 = EDGE_CURVE ( 'NONE', #2029, #4371, #1904, .T. ) ;
#64 = CARTESIAN_POINT ( 'NONE',  ( -1.201669740778655404, 0.8000000000000001554, -1.201669740778646078 ) ) ;
#65 = DIRECTION ( 'NONE',  ( 1.000000000000000000, -0.000000000000000000, -3.762531881964509464E-15 ) ) ;
#66 = ORIENTED_EDGE ( 'NONE', *, *, #1939, .F. ) ;
#67 =( NAMED_UNIT ( * ) PLANE_ANGLE_UNIT ( ) SI_UNIT ( $, .RADIAN. ) );
#68 = ORIENTED_EDGE ( 'NONE', *, *, #4339, .T. ) ;
#69 = CARTESIAN_POINT ( 'NONE',  ( -1.300000000000002043, -3.660069929215019169, -0.6999999999999955147 ) ) ;
#70 = CARTESIAN_POINT ( 'NONE',  ( 0.8000000000000040412, 0.2000000000000000944, 1.149999999999997025 ) ) ;
#71 = DIRECTION ( 'NONE',  ( -1.000000000000000000, 0.000000000000000000, 3.491481338843136511E-15 ) ) ;
#72 = EDGE_LOOP ( 'NONE', ( #3497, #2505, #3943, #107 ) ) ;
#73 = ORIENTED_EDGE ( 'NONE', *, *, #1842, .T. ) ;
#74 = DIRECTION ( 'NONE',  ( 0.000000000000000000, 1.000000000000000000, 0.000000000000000000 ) ) ;
#75 = ADVANCED_FACE ( 'NONE', ( #1099 ), #1622, .T. ) ;
#76 = CARTESIAN_POINT ( 'NONE',  ( 1.200000000000001066, 0.2000000000000000944, 0.3999999999999957478 ) ) ;
#77 = CYLINDRICAL_SURFACE ( 'NONE', #5359, 0.1000000000000000472 ) ;
#78 = EDGE_LOOP ( 'NONE', ( #4640, #3850, #3468, #268 ) ) ;
#79 = DIRECTION ( 'NONE',  ( 1.000000000000000000, 0.000000000000000000, -3.491481338843133355E-15 ) ) ;
#80 = ORIENTED_EDGE ( 'NONE', *, *, #2360, .F. ) ;
#81 = EDGE_CURVE ( 'NONE', #4835, #648, #2446, .T. ) ;
#82 = DIRECTION ( 'NONE',  ( -1.000000000000000000, 0.000000000000000000, 4.336808689942006692E-15 ) ) ;
#83 = DIRECTION ( 'NONE',  ( -3.491481338843133355E-15, 0.000000000000000000, -1.000000000000000000 ) ) ;
#84 = ORIENTED_EDGE ( 'NONE', *, *, #5363, .T. ) ;
#85 = LINE ( 'NONE', #3144, #147 ) ;
#86 = LINE ( 'NONE', #1279, #3106 ) ;
#87 = FACE_OUTER_BOUND ( 'NONE', #2126, .T. ) ;
#88 = VERTEX_POINT ( 'NONE', #646 ) ;
#89 = CARTESIAN_POINT ( 'NONE',  ( -1.500000000000003553, 2.168404344971008868E-16, -1.099999999999994538 ) ) ;
#90 = EDGE_LOOP ( 'NONE', ( #2230, #2457, #182, #4965 ) ) ;
#91 = DIRECTION ( 'NONE',  ( 1.000000000000000000, -0.000000000000000000, -3.491481338843133355E-15 ) ) ;
#92 = CARTESIAN_POINT ( 'NONE',  ( -1.200000000000001066, 0.1999999999999998723, -0.3999999999999957478 ) ) ;
#93 = FACE_OUTER_BOUND ( 'NONE', #3329, .T. ) ;
#94 = VERTEX_POINT ( 'NONE', #5102 ) ;
#95 = VERTEX_POINT ( 'NONE', #4675 ) ;
#96 = CARTESIAN_POINT ( 'NONE',  ( 1.300000000000002487, 0.02500000000000006384, 0.7999999999999953815 ) ) ;
#97 = EDGE_CURVE ( 'NONE', #1088, #3403, #4611, .T. ) ;
#98 = EDGE_LOOP ( 'NONE', ( #3812, #2414, #1508, #1201 ) ) ;
#99 = CARTESIAN_POINT ( 'NONE',  ( -1.299999999999999378, -3.660069929215019169, 0.1000000000000045852 ) ) ;
#100 = VERTEX_POINT ( 'NONE', #1186 ) ;
#101 = CARTESIAN_POINT ( 'NONE',  ( 0.000000000000000000, 0.000000000000000000, 0.000000000000000000 ) ) ;
#102 = ORIENTED_EDGE ( 'NONE', *, *, #168, .F. ) ;
#103 = FACE_OUTER_BOUND ( 'NONE', #281, .T. ) ;
#104 = ADVANCED_FACE ( 'NONE', ( #1532 ), #3399, .F. ) ;
#105 = FILL_AREA_STYLE_COLOUR ( '', #4603 ) ;
#106 = DIRECTION ( 'NONE',  ( 1.000000000000000000, 0.000000000000000000, -3.491481338843133355E-15 ) ) ;
#107 = ORIENTED_EDGE ( 'NONE', *, *, #5386, .F. ) ;
#108 = UNCERTAINTY_MEASURE_WITH_UNIT (LENGTH_MEASURE( 1.000000000000000082E-05 ), #295, 'distance_accuracy_value', 'NONE');
#109 = DIRECTION ( 'NONE',  ( -1.000000000000000000, 0.000000000000000000, 3.491481338843133355E-15 ) ) ;
#110 =( NAMED_UNIT ( * ) PLANE_ANGLE_UNIT ( ) SI_UNIT ( $, .RADIAN. ) );
#111 = EDGE_CURVE ( 'NONE', #5454, #764, #4226, .T. ) ;
#112 = VECTOR ( 'NONE', #998, 1000.000000000000000 ) ;
#113 = FACE_OUTER_BOUND ( 'NONE', #3235, .T. ) ;
#114 = CARTESIAN_POINT ( 'NONE',  ( 1.300000000000002043, 0.1999999999999999278, 0.6999999999999952927 ) ) ;
#115 = VERTEX_POINT ( 'NONE', #4583 ) ;
#116 = VECTOR ( 'NONE', #5285, 1000.000000000000000 ) ;
#117 = PLANE ( 'NONE',  #4544 ) ;
#118 = ORIENTED_EDGE ( 'NONE', *, *, #5621, .F. ) ;
#119 = VECTOR ( 'NONE', #4258, 1000.000000000000000 ) ;
#120 = DIRECTION ( 'NONE',  ( -1.000000000000000000, -0.000000000000000000, 3.491481338843133355E-15 ) ) ;
#121 = LINE ( 'NONE', #2404, #1257 ) ;
#122 = CARTESIAN_POINT ( 'NONE',  ( 1.300000000000003597, 0.2000000000000000944, 1.099999999999995204 ) ) ;
#123 = AXIS2_PLACEMENT_3D ( 'NONE', #4265, #216, #2882 ) ;
#124 = EDGE_CURVE ( 'NONE', #4511, #1957, #212, .T. ) ;
#125 = FILL_AREA_STYLE_COLOUR ( '', #1970 ) ;
#126 = VERTEX_POINT ( 'NONE', #5466 ) ;
#127 = ORIENTED_EDGE ( 'NONE', *, *, #5096, .F. ) ;
#128 = CIRCLE ( 'NONE', #2070, 0.1000000000000000472 ) ;
#129 = FACE_OUTER_BOUND ( 'NONE', #1027, .T. ) ;
#130 = VECTOR ( 'NONE', #2764, 1000.000000000000000 ) ;
#131 = DIRECTION ( 'NONE',  ( -1.000000000000000000, 0.000000000000000000, 3.491481338843136511E-15 ) ) ;
#132 = ADVANCED_FACE ( 'NONE', ( #4112 ), #2941, .F. ) ;
#133 = VECTOR ( 'NONE', #4542, 1000.000000000000000 ) ;
#134 = DIRECTION ( 'NONE',  ( 0.000000000000000000, 1.000000000000000000, 0.000000000000000000 ) ) ;
#135 = LINE ( 'NONE', #978, #1896 ) ;
#136 = ORIENTED_EDGE ( 'NONE', *, *, #200, .T. ) ;
#137 = CARTESIAN_POINT ( 'NONE',  ( 1.299999999999996936, -6.505213034913026604E-16, -0.8000000000000047073 ) ) ;
#138 = ORIENTED_EDGE ( 'NONE', *, *, #1291, .T. ) ;
#139 = ADVANCED_FACE ( 'NONE', ( #1564 ), #3308, .F. ) ;
#140 = CARTESIAN_POINT ( 'NONE',  ( 1.500000000000002665, -3.660069929215019169, 0.8999999999999949152 ) ) ;
#141 = VECTOR ( 'NONE', #1173, 1000.000000000000000 ) ;
#142 = CYLINDRICAL_SURFACE ( 'NONE', #5251, 0.05000000000000012768 ) ;
#143 = VERTEX_POINT ( 'NONE', #2007 ) ;
#144 = AXIS2_PLACEMENT_3D ( 'NONE', #4322, #2243, #1695 ) ;
#145 = ADVANCED_FACE ( 'NONE', ( #1949 ), #3694, .F. ) ;
#146 = AXIS2_PLACEMENT_3D ( 'NONE', #2712, #4894, #3224 ) ;
#147 = VECTOR ( 'NONE', #5361, 1000.000000000000114 ) ;
#148 = FACE_OUTER_BOUND ( 'NONE', #3622, .T. ) ;
#149 = EDGE_CURVE ( 'NONE', #2923, #1870, #3018, .T. ) ;
#150 = CLOSED_SHELL ( 'NONE', ( #3273, #2805, #2177, #1568, #1308, #458, #2937 ) ) ;
#151 = DIRECTION ( 'NONE',  ( -3.491481338843133355E-15, 0.000000000000000000, -1.000000000000000000 ) ) ;
#152 = ORIENTED_EDGE ( 'NONE', *, *, #1683, .F. ) ;
#153 = SURFACE_STYLE_USAGE ( .BOTH. , #579 ) ;
#154 = ORIENTED_EDGE ( 'NONE', *, *, #1824, .T. ) ;
#155 = EDGE_CURVE ( 'NONE', #3376, #4140, #3380, .T. ) ;
#156 = CARTESIAN_POINT ( 'NONE',  ( 0.8000000000000040412, 0.1999999999999998723, 1.149999999999997247 ) ) ;
#157 = VECTOR ( 'NONE', #324, 1000.000000000000000 ) ;
#158 = DIRECTION ( 'NONE',  ( 0.000000000000000000, 1.000000000000000000, 0.000000000000000000 ) ) ;
#159 = DIRECTION ( 'NONE',  ( 0.000000000000000000, -1.000000000000000000, 0.000000000000000000 ) ) ;
#160 = ORIENTED_EDGE ( 'NONE', *, *, #5096, .T. ) ;
#161 = VERTEX_POINT ( 'NONE', #4769 ) ;
#162 = PLANE ( 'NONE',  #4331 ) ;
#163 = FACE_OUTER_BOUND ( 'NONE', #2883, .T. ) ;
#164 = CARTESIAN_POINT ( 'NONE',  ( -0.7999999999999960476, 0.2000000000000000944, 1.100000000000002975 ) ) ;
#165 = LINE ( 'NONE', #4428, #2896 ) ;
#166 = ORIENTED_EDGE ( 'NONE', *, *, #4355, .T. ) ;
#167 = DIRECTION ( 'NONE',  ( 0.000000000000000000, 1.000000000000000000, 0.000000000000000000 ) ) ;
#168 = EDGE_CURVE ( 'NONE', #4140, #4865, #3545, .T. ) ;
#169 = CARTESIAN_POINT ( 'NONE',  ( 1.500000000000004219, 1.456896669277396583E-16, 1.299999999999994937 ) ) ;
#170 = DIRECTION ( 'NONE',  ( 1.000000000000000000, 0.000000000000000000, -3.491481338843133355E-15 ) ) ;
#171 = ORIENTED_EDGE ( 'NONE', *, *, #3623, .T. ) ;
#172 = CARTESIAN_POINT ( 'NONE',  ( -1.300000000000002043, -3.660069929215019169, -0.6999999999999955147 ) ) ;
#173 = DIRECTION ( 'NONE',  ( 1.000000000000000000, 0.000000000000000000, -3.491481338843133355E-15 ) ) ;
#174 = EDGE_CURVE ( 'NONE', #5287, #1124, #4010, .T. ) ;
#175 = ORIENTED_EDGE ( 'NONE', *, *, #5610, .F. ) ;
#176 = DIRECTION ( 'NONE',  ( 1.000000000000000000, 0.000000000000000000, -4.336808689942006692E-15 ) ) ;
#177 = ORIENTED_EDGE ( 'NONE', *, *, #5587, .T. ) ;
#178 = CARTESIAN_POINT ( 'NONE',  ( -1.499999999999995115, 0.02500000000000006384, 1.300000000000005373 ) ) ;
#179 = CARTESIAN_POINT ( 'NONE',  ( -1.500000000000005995, 0.2000000000000000944, -1.499999999999994449 ) ) ;
#180 = ORIENTED_EDGE ( 'NONE', *, *, #3650, .F. ) ;
#181 = DIRECTION ( 'NONE',  ( 1.000000000000000000, 0.000000000000000000, -3.442199421911973919E-15 ) ) ;
#182 = ORIENTED_EDGE ( 'NONE', *, *, #3398, .T. ) ;
#183 = CARTESIAN_POINT ( 'NONE',  ( 1.200000000000002398, 0.2000000000000000944, 0.7999999999999957145 ) ) ;
#184 = DIRECTION ( 'NONE',  ( 1.000000000000000000, 0.000000000000000000, -3.252606517456511724E-15 ) ) ;
#185 = ORIENTED_EDGE ( 'NONE', *, *, #2963, .T. ) ;
#186 = LINE ( 'NONE', #2278, #1879 ) ;
#187 = ORIENTED_EDGE ( 'NONE', *, *, #5265, .F. ) ;
#188 = CARTESIAN_POINT ( 'NONE',  ( 1.500000000000001332, -3.660069929215019169, 0.4999999999999947820 ) ) ;
#189 = PLANE ( 'NONE',  #4736 ) ;
#190 = DIRECTION ( 'NONE',  ( 0.000000000000000000, 1.000000000000000000, 0.000000000000000000 ) ) ;
#191 = EDGE_LOOP ( 'NONE', ( #2100, #1852, #5488, #2874 ) ) ;
#192 = EDGE_CURVE ( 'NONE', #5558, #2038, #3146, .T. ) ;
#193 = CARTESIAN_POINT ( 'NONE',  ( -1.299999999999996936, 0.1999999999999998723, 0.8000000000000044853 ) ) ;
#194 = DIRECTION ( 'NONE',  ( 0.000000000000000000, -1.000000000000000000, 0.000000000000000000 ) ) ;
#195 = CYLINDRICAL_SURFACE ( 'NONE', #1455, 0.1000000000000000472 ) ;
#196 = ORIENTED_EDGE ( 'NONE', *, *, #5582, .F. ) ;
#197 = DIRECTION ( 'NONE',  ( 1.000000000000000000, 0.000000000000000000, -5.421010862427519803E-15 ) ) ;
#198 = VECTOR ( 'NONE', #2283, 1000.000000000000000 ) ;
#199 = CARTESIAN_POINT ( 'NONE',  ( 1.299999999999998490, 0.2000000000000000944, -0.4000000000000045186 ) ) ;
#200 = EDGE_CURVE ( 'NONE', #3482, #822, #1828, .T. ) ;
#201 = DIRECTION ( 'NONE',  ( 1.000000000000000000, 0.000000000000000000, -3.491481338843133355E-15 ) ) ;
#202 = DIRECTION ( 'NONE',  ( -1.000000000000000000, 0.000000000000000000, 3.491481338843133355E-15 ) ) ;
#203 = EDGE_LOOP ( 'NONE', ( #2584, #448, #2238, #5586 ) ) ;
#204 = AXIS2_PLACEMENT_3D ( 'NONE', #3859, #1147, #2131 ) ;
#205 = EDGE_CURVE ( 'NONE', #1764, #3415, #86, .T. ) ;
#206 = CARTESIAN_POINT ( 'NONE',  ( 1.499999999999999112, 0.02500000000000006384, -0.1000000000000052791 ) ) ;
#207 = EDGE_LOOP ( 'NONE', ( #248, #610, #5274, #3574 ) ) ;
#208 = LINE ( 'NONE', #1946, #3525 ) ;
#209 = LINE ( 'NONE', #1497, #3087 ) ;
#210 = CIRCLE ( 'NONE', #1420, 0.1250421398215223190 ) ;
#211 = EDGE_CURVE ( 'NONE', #4012, #3918, #5284, .T. ) ;
#212 = LINE ( 'NONE', #4171, #804 ) ;
#213 = CARTESIAN_POINT ( 'NONE',  ( -1.201669740778655404, 0.6999999999999999556, -1.201669740778646078 ) ) ;
#214 = VERTEX_POINT ( 'NONE', #3036 ) ;
#215 = VECTOR ( 'NONE', #1563, 1000.000000000000000 ) ;
#216 = DIRECTION ( 'NONE',  ( 0.000000000000000000, -1.000000000000000000, 0.000000000000000000 ) ) ;
#217 = ORIENTED_EDGE ( 'NONE', *, *, #3944, .T. ) ;
#218 = EDGE_CURVE ( 'NONE', #2946, #407, #2697, .T. ) ;
#219 = CARTESIAN_POINT ( 'NONE',  ( -0.5000000000000037748, 0.000000000000000000, -1.149999999999998135 ) ) ;
#220 = VECTOR ( 'NONE', #2148, 1000.000000000000000 ) ;
#221 = CARTESIAN_POINT ( 'NONE',  ( -1.326711880600177862, 0.6999999999999999556, -1.201669740778645634 ) ) ;
#222 = ORIENTED_EDGE ( 'NONE', *, *, #2284, .F. ) ;
#223 = VECTOR ( 'NONE', #3570, 1000.000000000000000 ) ;
#224 = DIRECTION ( 'NONE',  ( -0.000000000000000000, -1.000000000000000000, -0.000000000000000000 ) ) ;
#225 = ORIENTED_EDGE ( 'NONE', *, *, #249, .T. ) ;
#226 = UNCERTAINTY_MEASURE_WITH_UNIT (LENGTH_MEASURE( 1.000000000000000082E-05 ), #2040, 'distance_accuracy_value', 'NONE');
#227 =( GEOMETRIC_REPRESENTATION_CONTEXT ( 3 ) GLOBAL_UNCERTAINTY_ASSIGNED_CONTEXT ( ( #629 ) ) GLOBAL_UNIT_ASSIGNED_CONTEXT ( ( #3709, #110, #1880 ) ) REPRESENTATION_CONTEXT ( 'NONE', 'WORKASPACE' ) );
#228 = CARTESIAN_POINT ( 'NONE',  ( -3.491481338843134834E-16, 0.02500000000000006384, -0.1000000000000000472 ) ) ;
#229 = VECTOR ( 'NONE', #4956, 1000.000000000000000 ) ;
#230 = FACE_OUTER_BOUND ( 'NONE', #3997, .T. ) ;
#231 = VECTOR ( 'NONE', #2609, 1000.000000000000000 ) ;
#232 = PLANE ( 'NONE',  #3553 ) ;
#233 = VECTOR ( 'NONE', #91, 1000.000000000000000 ) ;
#234 = VECTOR ( 'NONE', #1368, 1000.000000000000114 ) ;
#235 = CYLINDRICAL_SURFACE ( 'NONE', #3955, 0.1000000000000000472 ) ;
#236 = LINE ( 'NONE', #4599, #5362 ) ;
#237 = ORIENTED_EDGE ( 'NONE', *, *, #557, .F. ) ;
#238 = CARTESIAN_POINT ( 'NONE',  ( 1.499999999999995781, -3.660069929215019169, -1.100000000000004974 ) ) ;
#239 = DIRECTION ( 'NONE',  ( 1.000000000000000000, 0.000000000000000000, -3.491481338843133355E-15 ) ) ;
#240 = CLOSED_SHELL ( 'NONE', ( #4869, #1908, #1255, #3998, #3439, #2097 ) ) ;
#241 = ADVANCED_FACE ( 'NONE', ( #1687 ), #806, .F. ) ;
#242 = ORIENTED_EDGE ( 'NONE', *, *, #5494, .T. ) ;
#243 = EDGE_CURVE ( 'NONE', #596, #4306, #3424, .T. ) ;
#244 = CIRCLE ( 'NONE', #4916, 0.1000000000000000472 ) ;
#245 = VERTEX_POINT ( 'NONE', #3836 ) ;
#246 = DIRECTION ( 'NONE',  ( -0.000000000000000000, -1.000000000000000000, -0.000000000000000000 ) ) ;
#247 = DIRECTION ( 'NONE',  ( -0.000000000000000000, -1.000000000000000000, -0.000000000000000000 ) ) ;
#248 = ORIENTED_EDGE ( 'NONE', *, *, #4088, .F. ) ;
#249 = EDGE_CURVE ( 'NONE', #1582, #4725, #4261, .T. ) ;
#250 = ORIENTED_EDGE ( 'NONE', *, *, #1573, .F. ) ;
#251 = PLANE ( 'NONE',  #4401 ) ;
#252 = CARTESIAN_POINT ( 'NONE',  ( 1.499999999999999112, -3.660069929215019169, -0.1000000000000052791 ) ) ;
#253 = ORIENTED_EDGE ( 'NONE', *, *, #4950, .F. ) ;
#254 = ADVANCED_FACE ( 'NONE', ( #4294 ), #2970, .F. ) ;
#255 = LINE ( 'NONE', #4209, #3724 ) ;
#256 = EDGE_LOOP ( 'NONE', ( #1885, #2543, #5168, #594 ) ) ;
#257 = FACE_OUTER_BOUND ( 'NONE', #4290, .T. ) ;
#258 = DIRECTION ( 'NONE',  ( -3.491481338843133355E-15, 0.000000000000000000, -1.000000000000000000 ) ) ;
#259 = DIRECTION ( 'NONE',  ( 0.000000000000000000, -1.000000000000000000, 0.000000000000000000 ) ) ;
#260 = CARTESIAN_POINT ( 'NONE',  ( 1.500000000000004219, 0.2000000000000000944, 1.299999999999994937 ) ) ;
#261 = CARTESIAN_POINT ( 'NONE',  ( -1.499999999999998002, 0.02500000000000006384, 0.5000000000000052180 ) ) ;
#262 = CARTESIAN_POINT ( 'NONE',  ( -0.8500000000000024203, 0.02500000000000006384, -0.7999999999999970468 ) ) ;
#263 = EDGE_LOOP ( 'NONE', ( #4649, #1487, #684, #3002 ) ) ;
#264 = DIRECTION ( 'NONE',  ( -3.491481338843133355E-15, 0.000000000000000000, -1.000000000000000000 ) ) ;
#265 = CARTESIAN_POINT ( 'NONE',  ( 1.500000000000004885, 0.8000000000000001554, 1.499999999999995337 ) ) ;
#266 = EDGE_CURVE ( 'NONE', #3918, #1524, #2257, .T. ) ;
#267 =( NAMED_UNIT ( * ) PLANE_ANGLE_UNIT ( ) SI_UNIT ( $, .RADIAN. ) );
#268 = ORIENTED_EDGE ( 'NONE', *, *, #2093, .F. ) ;
#269 = DIRECTION ( 'NONE',  ( 0.000000000000000000, 1.000000000000000000, 0.000000000000000000 ) ) ;
#270 = ORIENTED_EDGE ( 'NONE', *, *, #1775, .F. ) ;
#271 = DIRECTION ( 'NONE',  ( 3.491481338843133355E-15, 0.000000000000000000, 1.000000000000000000 ) ) ;
#272 = DIRECTION ( 'NONE',  ( -1.000000000000000000, 0.000000000000000000, 4.336808689942015369E-15 ) ) ;
#273 = LINE ( 'NONE', #5013, #783 ) ;
#274 = VERTEX_POINT ( 'NONE', #1855 ) ;
#275 = DIRECTION ( 'NONE',  ( 3.491481338843133355E-15, 0.000000000000000000, 1.000000000000000000 ) ) ;
#276 = ORIENTED_EDGE ( 'NONE', *, *, #2984, .T. ) ;
#277 = FACE_OUTER_BOUND ( 'NONE', #383, .T. ) ;
#278 = EDGE_CURVE ( 'NONE', #1112, #4083, #1212, .T. ) ;
#279 = PLANE ( 'NONE',  #309 ) ;
#280 = ORIENTED_EDGE ( 'NONE', *, *, #1016, .F. ) ;
#281 = EDGE_LOOP ( 'NONE', ( #2581, #3426, #2491, #185 ) ) ;
#282 = ORIENTED_EDGE ( 'NONE', *, *, #5216, .F. ) ;
#283 = EDGE_CURVE ( 'NONE', #4012, #1886, #4403, .T. ) ;
#284 = CARTESIAN_POINT ( 'NONE',  ( -1.500000000000002220, 0.02500000000000006384, -0.6999999999999948486 ) ) ;
#285 =( NAMED_UNIT ( * ) PLANE_ANGLE_UNIT ( ) SI_UNIT ( $, .RADIAN. ) );
#286 = EDGE_CURVE ( 'NONE', #3060, #1849, #373, .T. ) ;
#287 = DIRECTION ( 'NONE',  ( 3.491481338843133355E-15, 0.000000000000000000, 1.000000000000000000 ) ) ;
#288 = DIRECTION ( 'NONE',  ( -1.000000000000000000, 0.000000000000000000, 3.491481338843133355E-15 ) ) ;
#289 = CARTESIAN_POINT ( 'NONE',  ( -0.7999999999999960476, 0.1999999999999998723, 1.100000000000002975 ) ) ;
#290 = ORIENTED_EDGE ( 'NONE', *, *, #1594, .F. ) ;
#291 = DIRECTION ( 'NONE',  ( -0.000000000000000000, -1.000000000000000000, 0.000000000000000000 ) ) ;
#292 = CARTESIAN_POINT ( 'NONE',  ( -1.300000000000003597, 0.2000000000000000944, -1.099999999999995204 ) ) ;
#293 = SURFACE_STYLE_FILL_AREA ( #1581 ) ;
#294 = EDGE_LOOP ( 'NONE', ( #3032, #3341, #171, #4100 ) ) ;
#295 =( LENGTH_UNIT ( ) NAMED_UNIT ( * ) SI_UNIT ( .MILLI., .METRE. ) );
#296 = ORIENTED_EDGE ( 'NONE', *, *, #4563, .T. ) ;
#297 = AXIS2_PLACEMENT_3D ( 'NONE', #2545, #4680, #746 ) ;
#298 = LINE ( 'NONE', #765, #1264 ) ;
#299 = CARTESIAN_POINT ( 'NONE',  ( -0.7999999999999958256, 0.2000000000000000944, 1.150000000000003020 ) ) ;
#300 = LINE ( 'NONE', #1658, #3000 ) ;
#301 = MECHANICAL_DESIGN_GEOMETRIC_PRESENTATION_REPRESENTATION (  '', ( #1874 ), #5169 ) ;
#302 = AXIS2_PLACEMENT_3D ( 'NONE', #4325, #2176, #2668 ) ;
#303 = DIRECTION ( 'NONE',  ( 3.491481338843133355E-15, 0.000000000000000000, 1.000000000000000000 ) ) ;
#304 = DIRECTION ( 'NONE',  ( -1.000000000000000000, 0.000000000000000000, 4.336808689942015369E-15 ) ) ;
#305 = EDGE_LOOP ( 'NONE', ( #3132, #5319, #3642, #4022 ) ) ;
#306 = LINE ( 'NONE', #5585, #2809 ) ;
#307 = VERTEX_POINT ( 'NONE', #1834 ) ;
#308 = CIRCLE ( 'NONE', #123, 0.1000000000000000472 ) ;
#309 = AXIS2_PLACEMENT_3D ( 'NONE', #2041, #2878, #2354 ) ;
#310 = DIRECTION ( 'NONE',  ( 0.000000000000000000, -1.000000000000000000, 0.000000000000000000 ) ) ;
#311 = LINE ( 'NONE', #252, #4515 ) ;
#312 = EDGE_CURVE ( 'NONE', #2277, #4141, #5280, .T. ) ;
#313 = VECTOR ( 'NONE', #2520, 1000.000000000000000 ) ;
#314 = EDGE_LOOP ( 'NONE', ( #424, #623, #1403, #2459 ) ) ;
#315 = DIRECTION ( 'NONE',  ( 0.000000000000000000, -1.000000000000000000, 0.000000000000000000 ) ) ;
#316 = ORIENTED_EDGE ( 'NONE', *, *, #1113, .F. ) ;
#317 = ORIENTED_EDGE ( 'NONE', *, *, #4807, .F. ) ;
#318 = EDGE_CURVE ( 'NONE', #382, #2765, #905, .T. ) ;
#319 = CARTESIAN_POINT ( 'NONE',  ( 1.299999999999995159, 0.2000000000000000944, -1.300000000000004707 ) ) ;
#320 = AXIS2_PLACEMENT_3D ( 'NONE', #3035, #1713, #5581 ) ;
#321 = CARTESIAN_POINT ( 'NONE',  ( 1.499999999999995559, 0.2000000000000000944, -1.100000000000004974 ) ) ;
#322 = AXIS2_PLACEMENT_3D ( 'NONE', #2143, #1727, #3381 ) ;
#323 = ADVANCED_FACE ( 'NONE', ( #28 ), #4441, .F. ) ;
#324 = DIRECTION ( 'NONE',  ( -1.000000000000000000, 0.000000000000000000, 3.491481338843133355E-15 ) ) ;
#325 = AXIS2_PLACEMENT_3D ( 'NONE', #4032, #5329, #658 ) ;
#326 = CARTESIAN_POINT ( 'NONE',  ( -1.500000000000005995, 0.2000000000000000944, -1.499999999999994449 ) ) ;
#327 = DIRECTION ( 'NONE',  ( -0.000000000000000000, -1.000000000000000000, -0.000000000000000000 ) ) ;
#328 = ORIENTED_EDGE ( 'NONE', *, *, #2284, .T. ) ;
#329 = CARTESIAN_POINT ( 'NONE',  ( 0.000000000000000000, 0.000000000000000000, 0.000000000000000000 ) ) ;
#330 = ADVANCED_FACE ( 'NONE', ( #576 ), #195, .F. ) ;
#331 = PLANE ( 'NONE',  #965 ) ;
#332 =( GEOMETRIC_REPRESENTATION_CONTEXT ( 3 ) GLOBAL_UNCERTAINTY_ASSIGNED_CONTEXT ( ( #5281 ) ) GLOBAL_UNIT_ASSIGNED_CONTEXT ( ( #868, #903, #3871 ) ) REPRESENTATION_CONTEXT ( 'NONE', 'WORKASPACE' ) );
#333 = DIRECTION ( 'NONE',  ( 3.491481338843133355E-15, 0.000000000000000000, 1.000000000000000000 ) ) ;
#334 = AXIS2_PLACEMENT_3D ( 'NONE', #4160, #291, #4601 ) ;
#335 = AXIS2_PLACEMENT_3D ( 'NONE', #4189, #662, #5084 ) ;
#336 = CARTESIAN_POINT ( 'NONE',  ( 0.000000000000000000, 0.000000000000000000, 0.000000000000000000 ) ) ;
#337 = ADVANCED_FACE ( 'NONE', ( #113 ), #3211, .F. ) ;
#338 = ORIENTED_EDGE ( 'NONE', *, *, #5051, .T. ) ;
#339 = ORIENTED_EDGE ( 'NONE', *, *, #667, .F. ) ;
#340 = LINE ( 'NONE', #188, #229 ) ;
#341 = DIRECTION ( 'NONE',  ( 0.000000000000000000, -1.000000000000000000, 0.000000000000000000 ) ) ;
#342 = AXIS2_PLACEMENT_3D ( 'NONE', #172, #1509, #2889 ) ;
#343 = LINE ( 'NONE', #3860, #3970 ) ;
#344 = CARTESIAN_POINT ( 'NONE',  ( -1.499999999999997113, -3.660069929215019169, 0.7000000000000050626 ) ) ;
#345 = AXIS2_PLACEMENT_3D ( 'NONE', #1017, #4569, #173 ) ;
#346 = ORIENTED_EDGE ( 'NONE', *, *, #4122, .F. ) ;
#347 = ORIENTED_EDGE ( 'NONE', *, *, #1109, .T. ) ;
#348 = VECTOR ( 'NONE', #3055, 1000.000000000000000 ) ;
#349 =( NAMED_UNIT ( * ) PLANE_ANGLE_UNIT ( ) SI_UNIT ( $, .RADIAN. ) );
#350 = DIRECTION ( 'NONE',  ( 0.000000000000000000, 1.000000000000000000, 0.000000000000000000 ) ) ;
#351 = ORIENTED_EDGE ( 'NONE', *, *, #2399, .T. ) ;
#352 = CARTESIAN_POINT ( 'NONE',  ( 1.499999999999999778, 0.8000000000000001554, 0.09999999999999481526 ) ) ;
#353 = ORIENTED_EDGE ( 'NONE', *, *, #249, .F. ) ;
#354 = ORIENTED_EDGE ( 'NONE', *, *, #4645, .F. ) ;
#355 = CARTESIAN_POINT ( 'NONE',  ( 1.500000000000000000, 0.02500000000000006384, 0.09999999999999481526 ) ) ;
#356 = CARTESIAN_POINT ( 'NONE',  ( -1.499999999999999556, 0.000000000000000000, 5.237222008264698455E-15 ) ) ;
#357 = LINE ( 'NONE', #2021, #3075 ) ;
#358 = CARTESIAN_POINT ( 'NONE',  ( -1.299999999999998046, -3.660069929215019169, 0.5000000000000045519 ) ) ;
#359 = LINE ( 'NONE', #3538, #313 ) ;
#360 = DIRECTION ( 'NONE',  ( 1.000000000000000000, 0.000000000000000000, -3.491481338843133355E-15 ) ) ;
#361 = EDGE_LOOP ( 'NONE', ( #5230, #1145, #2593, #2812 ) ) ;
#362 = DIRECTION ( 'NONE',  ( 1.000000000000000000, 0.000000000000000000, -4.336808689942015369E-15 ) ) ;
#363 = CARTESIAN_POINT ( 'NONE',  ( -1.500000000000005995, 0.2000000000000000944, -1.499999999999994449 ) ) ;
#364 = ADVANCED_FACE ( 'NONE', ( #1881 ), #232, .F. ) ;
#365 = CARTESIAN_POINT ( 'NONE',  ( 1.499999999999999112, 0.2000000000000000944, -0.1000000000000052791 ) ) ;
#366 = ORIENTED_EDGE ( 'NONE', *, *, #370, .T. ) ;
#367 = PLANE ( 'NONE',  #3738 ) ;
#368 = ORIENTED_EDGE ( 'NONE', *, *, #5324, .T. ) ;
#369 = CARTESIAN_POINT ( 'NONE',  ( -0.8500000000000023093, 0.2000000000000000944, -0.7999999999999970468 ) ) ;
#370 = EDGE_CURVE ( 'NONE', #592, #5646, #1513, .T. ) ;
#371 = DIRECTION ( 'NONE',  ( -0.000000000000000000, -1.000000000000000000, -0.000000000000000000 ) ) ;
#372 = CARTESIAN_POINT ( 'NONE',  ( -1.299999999999999378, 0.1999999999999998723, 0.1000000000000045852 ) ) ;
#373 = LINE ( 'NONE', #2539, #2462 ) ;
#374 = FACE_OUTER_BOUND ( 'NONE', #2063, .T. ) ;
#375 = EDGE_LOOP ( 'NONE', ( #4120, #2541, #707, #5383 ) ) ;
#376 = ADVANCED_FACE ( 'NONE', ( #5365 ), #1551, .F. ) ;
#377 = VERTEX_POINT ( 'NONE', #3258 ) ;
#378 = EDGE_CURVE ( 'NONE', #3064, #3883, #3288, .T. ) ;
#379 = DIRECTION ( 'NONE',  ( 0.000000000000000000, 1.000000000000000000, 0.000000000000000000 ) ) ;
#380 = ORIENTED_EDGE ( 'NONE', *, *, #1677, .T. ) ;
#381 = FACE_OUTER_BOUND ( 'NONE', #3316, .T. ) ;
#382 = VERTEX_POINT ( 'NONE', #1084 ) ;
#383 = EDGE_LOOP ( 'NONE', ( #621, #731 ) ) ;
#384 = CARTESIAN_POINT ( 'NONE',  ( -1.299999999999998490, 2.168404344971008868E-16, 0.4000000000000045186 ) ) ;
#385 = CARTESIAN_POINT ( 'NONE',  ( -1.300000000000004263, 0.2000000000000000944, -1.299999999999995604 ) ) ;
#386 = EDGE_CURVE ( 'NONE', #1449, #2783, #2311, .T. ) ;
#387 = DIRECTION ( 'NONE',  ( 0.000000000000000000, -1.000000000000000000, 0.000000000000000000 ) ) ;
#388 = DIRECTION ( 'NONE',  ( 3.491481338843133355E-15, -0.000000000000000000, 1.000000000000000000 ) ) ;
#389 = DIRECTION ( 'NONE',  ( 1.000000000000000000, -0.000000000000000000, -3.491481338843133355E-15 ) ) ;
#390 = ORIENTED_EDGE ( 'NONE', *, *, #900, .T. ) ;
#391 = DIRECTION ( 'NONE',  ( 0.000000000000000000, 1.000000000000000000, 0.000000000000000000 ) ) ;
#392 = CARTESIAN_POINT ( 'NONE',  ( 0.000000000000000000, 0.000000000000000000, 0.000000000000000000 ) ) ;
#393 = ADVANCED_FACE ( 'NONE', ( #2841 ), #4099, .F. ) ;
#394 = ORIENTED_EDGE ( 'NONE', *, *, #4437, .F. ) ;
#395 = ORIENTED_EDGE ( 'NONE', *, *, #5471, .F. ) ;
#396 = EDGE_CURVE ( 'NONE', #1120, #3567, #2339, .T. ) ;
#397 = CARTESIAN_POINT ( 'NONE',  ( -1.499999999999999112, 0.2000000000000000944, 0.3000000000000051514 ) ) ;
#398 = LINE ( 'NONE', #3806, #956 ) ;
#399 = ADVANCED_FACE ( 'NONE', ( #2427 ), #1486, .F. ) ;
#400 = CARTESIAN_POINT ( 'NONE',  ( -1.499999999999995781, 0.2000000000000000944, 1.100000000000004974 ) ) ;
#401 = VERTEX_POINT ( 'NONE', #5331 ) ;
#402 = ORIENTED_EDGE ( 'NONE', *, *, #3956, .F. ) ;
#403 = EDGE_CURVE ( 'NONE', #535, #1847, #5388, .T. ) ;
#404 = VECTOR ( 'NONE', #5210, 1000.000000000000000 ) ;
#405 = ORIENTED_EDGE ( 'NONE', *, *, #5621, .T. ) ;
#406 = LINE ( 'NONE', #1252, #4638 ) ;
#407 = VERTEX_POINT ( 'NONE', #3234 ) ;
#408 = AXIS2_PLACEMENT_3D ( 'NONE', #1558, #2495, #3303 ) ;
#409 = AXIS2_PLACEMENT_3D ( 'NONE', #1472, #2824, #1002 ) ;
#410 = DIRECTION ( 'NONE',  ( -1.000000000000000000, 0.000000000000000000, 3.491481338843133355E-15 ) ) ;
#411 = CARTESIAN_POINT ( 'NONE',  ( -1.499999999999996669, -3.660069929215019169, 0.9000000000000052403 ) ) ;
#412 = VECTOR ( 'NONE', #4215, 1000.000000000000000 ) ;
#413 = LINE ( 'NONE', #4378, #3441 ) ;
#414 = AXIS2_PLACEMENT_3D ( 'NONE', #3531, #4085, #3330 ) ;
#415 = DIRECTION ( 'NONE',  ( 0.000000000000000000, 1.000000000000000000, 0.000000000000000000 ) ) ;
#416 = VERTEX_POINT ( 'NONE', #4471 ) ;
#417 = CARTESIAN_POINT ( 'NONE',  ( 1.500000000000003775, 0.2000000000000000944, 1.199999999999994627 ) ) ;
#418 = DIRECTION ( 'NONE',  ( 0.000000000000000000, 1.000000000000000000, 0.000000000000000000 ) ) ;
#419 = CARTESIAN_POINT ( 'NONE',  ( -1.500000000000000666, 0.2000000000000000111, -0.2999999999999946598 ) ) ;
#420 = VECTOR ( 'NONE', #1549, 1000.000000000000000 ) ;
#421 = CIRCLE ( 'NONE', #685, 0.1000000000000000472 ) ;
#422 =( NAMED_UNIT ( * ) SI_UNIT ( $, .STERADIAN. ) SOLID_ANGLE_UNIT ( ) );
#423 = ORIENTED_EDGE ( 'NONE', *, *, #1175, .T. ) ;
#424 = ORIENTED_EDGE ( 'NONE', *, *, #4417, .F. ) ;
#425 = FACE_OUTER_BOUND ( 'NONE', #305, .T. ) ;
#426 =( GEOMETRIC_REPRESENTATION_CONTEXT ( 3 ) GLOBAL_UNCERTAINTY_ASSIGNED_CONTEXT ( ( #4009 ) ) GLOBAL_UNIT_ASSIGNED_CONTEXT ( ( #3592, #4464, #4493 ) ) REPRESENTATION_CONTEXT ( 'NONE', 'WORKASPACE' ) );
#427 = PRESENTATION_STYLE_ASSIGNMENT (( #500 ) ) ;
#428 = CARTESIAN_POINT ( 'NONE',  ( 1.299999999999996936, 0.2000000000000000944, -0.8000000000000047073 ) ) ;
#429 = CIRCLE ( 'NONE', #4164, 0.1000000000000000472 ) ;
#430 = VERTEX_POINT ( 'NONE', #548 ) ;
#431 = AXIS2_PLACEMENT_3D ( 'NONE', #1294, #2091, #5599 ) ;
#432 = ORIENTED_EDGE ( 'NONE', *, *, #5232, .F. ) ;
#433 =( GEOMETRIC_REPRESENTATION_CONTEXT ( 3 ) GLOBAL_UNCERTAINTY_ASSIGNED_CONTEXT ( ( #2250 ) ) GLOBAL_UNIT_ASSIGNED_CONTEXT ( ( #3957, #67, #4444 ) ) REPRESENTATION_CONTEXT ( 'NONE', 'WORKASPACE' ) );
#434 = ADVANCED_FACE ( 'NONE', ( #4962 ), #1046, .F. ) ;
#435 = ORIENTED_EDGE ( 'NONE', *, *, #4128, .T. ) ;
#436 = DIRECTION ( 'NONE',  ( 3.491481338843133355E-15, -0.000000000000000000, 1.000000000000000000 ) ) ;
#437 = ORIENTED_EDGE ( 'NONE', *, *, #1035, .F. ) ;
#438 = ORIENTED_EDGE ( 'NONE', *, *, #3794, .T. ) ;
#439 = VECTOR ( 'NONE', #4851, 1000.000000000000000 ) ;
#440 = DIRECTION ( 'NONE',  ( -1.000000000000000000, 0.000000000000000000, 3.491481338843133355E-15 ) ) ;
#441 = ADVANCED_FACE ( 'NONE', ( #2810 ), #3182, .F. ) ;
#442 = PLANE ( 'NONE',  #5355 ) ;
#443 = EDGE_CURVE ( 'NONE', #3403, #2800, #1907, .T. ) ;
#444 = LINE ( 'NONE', #2592, #52 ) ;
#445 = LINE ( 'NONE', #3069, #1897 ) ;
#446 = DIRECTION ( 'NONE',  ( -1.000000000000000000, 0.000000000000000000, 3.252606517456511724E-15 ) ) ;
#447 = DIRECTION ( 'NONE',  ( 1.000000000000000000, 0.000000000000000000, -3.491481338843133355E-15 ) ) ;
#448 = ORIENTED_EDGE ( 'NONE', *, *, #1688, .F. ) ;
#449 = ORIENTED_EDGE ( 'NONE', *, *, #386, .T. ) ;
#450 = DIRECTION ( 'NONE',  ( -1.000000000000000000, 0.000000000000000000, 3.491481338843133355E-15 ) ) ;
#451 = CARTESIAN_POINT ( 'NONE',  ( 2.444036937190192954E-15, 0.02500000000000006384, 0.6999999999999998446 ) ) ;
#452 = LINE ( 'NONE', #70, #776 ) ;
#453 = EDGE_CURVE ( 'NONE', #1348, #3842, #606, .T. ) ;
#454 = DIRECTION ( 'NONE',  ( -1.000000000000000000, 0.000000000000000000, 4.336808689942015369E-15 ) ) ;
#455 = ORIENTED_EDGE ( 'NONE', *, *, #3732, .T. ) ;
#456 = VERTEX_POINT ( 'NONE', #1133 ) ;
#457 = CARTESIAN_POINT ( 'NONE',  ( 1.499999999999995115, 0.2000000000000000944, -1.300000000000005373 ) ) ;
#458 = ADVANCED_FACE ( 'NONE', ( #4660 ), #4244, .F. ) ;
#459 = EDGE_LOOP ( 'NONE', ( #801, #1817, #4008, #1014 ) ) ;
#460 = CARTESIAN_POINT ( 'NONE',  ( 1.300000000000002487, 0.2000000000000000944, 0.7999999999999953815 ) ) ;
#461 = ORIENTED_EDGE ( 'NONE', *, *, #3392, .T. ) ;
#462 = FACE_OUTER_BOUND ( 'NONE', #2181, .T. ) ;
#463 = EDGE_CURVE ( 'NONE', #919, #1956, #5535, .T. ) ;
#464 = FILL_AREA_STYLE ('',( #3044 ) ) ;
#465 = DIRECTION ( 'NONE',  ( 3.263228249898816653E-15, -0.000000000000000000, 1.000000000000000000 ) ) ;
#466 = UNCERTAINTY_MEASURE_WITH_UNIT (LENGTH_MEASURE( 1.000000000000000082E-05 ), #3928, 'distance_accuracy_value', 'NONE');
#467 = DIRECTION ( 'NONE',  ( 0.000000000000000000, 1.000000000000000000, 0.000000000000000000 ) ) ;
#468 = EDGE_CURVE ( 'NONE', #4337, #2923, #2463, .T. ) ;
#469 = DIRECTION ( 'NONE',  ( -0.000000000000000000, -1.000000000000000000, -0.000000000000000000 ) ) ;
#470 = VERTEX_POINT ( 'NONE', #3764 ) ;
#471 = EDGE_LOOP ( 'NONE', ( #891, #5424, #368, #1309 ) ) ;
#472 = CARTESIAN_POINT ( 'NONE',  ( -1.499999999999998890, 0.8000000000000001554, 0.5000000000000052180 ) ) ;
#473 = LINE ( 'NONE', #3153, #1424 ) ;
#474 = DIRECTION ( 'NONE',  ( 0.000000000000000000, 1.000000000000000000, 0.000000000000000000 ) ) ;
#475 = FILL_AREA_STYLE ('',( #125 ) ) ;
#476 = ORIENTED_EDGE ( 'NONE', *, *, #4379, .T. ) ;
#477 = ORIENTED_EDGE ( 'NONE', *, *, #4946, .F. ) ;
#478 = CARTESIAN_POINT ( 'NONE',  ( 1.299999999999996714, 0.2000000000000000944, -0.9000000000000049072 ) ) ;
#479 =( GEOMETRIC_REPRESENTATION_CONTEXT ( 3 ) GLOBAL_UNCERTAINTY_ASSIGNED_CONTEXT ( ( #4063 ) ) GLOBAL_UNIT_ASSIGNED_CONTEXT ( ( #1398, #3127, #1300 ) ) REPRESENTATION_CONTEXT ( 'NONE', 'WORKASPACE' ) );
#480 = CARTESIAN_POINT ( 'NONE',  ( -1.300000000000004263, 0.02500000000000006384, -1.299999999999995604 ) ) ;
#481 = PLANE ( 'NONE',  #3372 ) ;
#482 = EDGE_LOOP ( 'NONE', ( #1797, #5342 ) ) ;
#483 = LINE ( 'NONE', #2956, #412 ) ;
#484 = LINE ( 'NONE', #1851, #5184 ) ;
#485 = ADVANCED_FACE ( 'NONE', ( #4187 ), #5176, .F. ) ;
#486 = AXIS2_PLACEMENT_3D ( 'NONE', #1884, #906, #2672 ) ;
#487 = EDGE_CURVE ( 'NONE', #4418, #5215, #4303, .T. ) ;
#488 = CARTESIAN_POINT ( 'NONE',  ( 1.500000000000004219, 0.2000000000000000111, 1.299999999999994937 ) ) ;
#489 = AXIS2_PLACEMENT_3D ( 'NONE', #457, #4457, #3197 ) ;
#490 = VECTOR ( 'NONE', #4145, 1000.000000000000000 ) ;
#491 = EDGE_CURVE ( 'NONE', #4725, #3072, #5596, .T. ) ;
#492 = ADVANCED_FACE ( 'NONE', ( #2519 ), #5506, .F. ) ;
#493 = DIRECTION ( 'NONE',  ( 1.000000000000000000, 0.000000000000000000, -3.491481338843133355E-15 ) ) ;
#494 = CIRCLE ( 'NONE', #4810, 0.1000000000000000472 ) ;
#495 = DIRECTION ( 'NONE',  ( 1.000000000000000000, 0.000000000000000000, -5.421010862427519803E-15 ) ) ;
#496 = ORIENTED_EDGE ( 'NONE', *, *, #695, .T. ) ;
#497 = EDGE_CURVE ( 'NONE', #401, #4814, #3198, .T. ) ;
#498 = LINE ( 'NONE', #5390, #698 ) ;
#499 = VERTEX_POINT ( 'NONE', #2117 ) ;
#500 = SURFACE_STYLE_USAGE ( .BOTH. , #963 ) ;
#501 = CARTESIAN_POINT ( 'NONE',  ( -0.7999999999999960476, 0.2000000000000000944, 1.100000000000002975 ) ) ;
#502 = VECTOR ( 'NONE', #3070, 1000.000000000000000 ) ;
#503 = CARTESIAN_POINT ( 'NONE',  ( 1.500000000000002442, 0.2000000000000000944, 0.7999999999999947153 ) ) ;
#504 = VECTOR ( 'NONE', #3845, 1000.000000000000000 ) ;
#505 = ADVANCED_FACE ( 'NONE', ( #728 ), #3345, .F. ) ;
#506 = VERTEX_POINT ( 'NONE', #1642 ) ;
#507 = MECHANICAL_DESIGN_GEOMETRIC_PRESENTATION_REPRESENTATION (  '', ( #3464 ), #227 ) ;
#508 = ORIENTED_EDGE ( 'NONE', *, *, #4380, .T. ) ;
#509 = CARTESIAN_POINT ( 'NONE',  ( -1.300000000000003819, 0.1999999999999998723, -1.199999999999995293 ) ) ;
#510 = VECTOR ( 'NONE', #4555, 1000.000000000000000 ) ;
#511 = VECTOR ( 'NONE', #3815, 1000.000000000000000 ) ;
#512 = DIRECTION ( 'NONE',  ( -0.000000000000000000, -1.000000000000000000, 0.000000000000000000 ) ) ;
#513 = ORIENTED_EDGE ( 'NONE', *, *, #3475, .T. ) ;
#514 = CARTESIAN_POINT ( 'NONE',  ( -1.500000000000003553, -3.660069929215019169, -1.099999999999994538 ) ) ;
#515 = PLANE ( 'NONE',  #1810 ) ;
#516 = AXIS2_PLACEMENT_3D ( 'NONE', #5430, #714, #2476 ) ;
#517 = FACE_OUTER_BOUND ( 'NONE', #78, .T. ) ;
#518 = AXIS2_PLACEMENT_3D ( 'NONE', #4688, #756, #3822 ) ;
#519 = DIRECTION ( 'NONE',  ( 0.000000000000000000, 1.000000000000000000, 0.000000000000000000 ) ) ;
#520 = CARTESIAN_POINT ( 'NONE',  ( -1.299999999999996936, 0.2000000000000000944, 0.8000000000000044853 ) ) ;
#521 = VECTOR ( 'NONE', #1583, 1000.000000000000000 ) ;
#522 = CARTESIAN_POINT ( 'NONE',  ( 1.499999999999994005, 0.02500000000000006384, -1.500000000000004885 ) ) ;
#523 = EDGE_LOOP ( 'NONE', ( #577, #1864, #2791, #2806 ) ) ;
#524 = FILL_AREA_STYLE ('',( #1462 ) ) ;
#525 = ORIENTED_EDGE ( 'NONE', *, *, #5657, .F. ) ;
#526 = CARTESIAN_POINT ( 'NONE',  ( 1.299999999999997380, 0.2000000000000000944, -0.7000000000000046185 ) ) ;
#527 = DIRECTION ( 'NONE',  ( -1.000000000000000000, -0.000000000000000000, 3.491481338843133355E-15 ) ) ;
#528 = DIRECTION ( 'NONE',  ( 1.000000000000000000, 0.000000000000000000, -3.491481338843133355E-15 ) ) ;
#529 = EDGE_CURVE ( 'NONE', #5307, #3916, #3025, .T. ) ;
#530 = CARTESIAN_POINT ( 'NONE',  ( 1.199999999999998401, 0.02500000000000006384, -0.4000000000000041855 ) ) ;
#531 = DIRECTION ( 'NONE',  ( 0.000000000000000000, 1.000000000000000000, 0.000000000000000000 ) ) ;
#532 = ORIENTED_EDGE ( 'NONE', *, *, #2640, .T. ) ;
#533 = ADVANCED_FACE ( 'NONE', ( #2488 ), #5080, .F. ) ;
#534 = DIRECTION ( 'NONE',  ( -1.000000000000000000, 0.000000000000000000, 3.252606517456511724E-15 ) ) ;
#535 = VERTEX_POINT ( 'NONE', #2049 ) ;
#536 = DIRECTION ( 'NONE',  ( -3.636041628507867543E-15, 0.000000000000000000, -1.000000000000000000 ) ) ;
#537 = CARTESIAN_POINT ( 'NONE',  ( -1.500000000000000000, -3.660069929215019169, -0.09999999999999481526 ) ) ;
#538 = CARTESIAN_POINT ( 'NONE',  ( 0.8000000000000038192, 2.168404344971008868E-16, 1.099999999999996980 ) ) ;
#539 = EDGE_LOOP ( 'NONE', ( #809, #4093, #1040, #3713 ) ) ;
#540 = CARTESIAN_POINT ( 'NONE',  ( -1.201669740778655404, 0.8000000000000001554, -1.201669740778646078 ) ) ;
#541 = ORIENTED_EDGE ( 'NONE', *, *, #2369, .T. ) ;
#542 = DIRECTION ( 'NONE',  ( -0.000000000000000000, -1.000000000000000000, -0.000000000000000000 ) ) ;
#543 = PLANE ( 'NONE',  #3152 ) ;
#544 = DIRECTION ( 'NONE',  ( -0.000000000000000000, -1.000000000000000000, 0.000000000000000000 ) ) ;
#545 = VERTEX_POINT ( 'NONE', #3742 ) ;
#546 = CARTESIAN_POINT ( 'NONE',  ( -1.499999999999999112, 7.115076756936122848E-17, 0.1000000000000052791 ) ) ;
#547 = FILL_AREA_STYLE_COLOUR ( '', #3628 ) ;
#548 = CARTESIAN_POINT ( 'NONE',  ( 1.199999999999996847, 0.2000000000000000944, -0.8000000000000043743 ) ) ;
#549 = CARTESIAN_POINT ( 'NONE',  ( -1.500000000000003553, 0.2000000000000000944, -0.8999999999999951372 ) ) ;
#550 = ORIENTED_EDGE ( 'NONE', *, *, #1028, .T. ) ;
#551 = ORIENTED_EDGE ( 'NONE', *, *, #1731, .F. ) ;
#552 = ADVANCED_FACE ( 'NONE', ( #5147 ), #1575, .T. ) ;
#553 = PLANE ( 'NONE',  #2348 ) ;
#554 = FACE_OUTER_BOUND ( 'NONE', #3770, .T. ) ;
#555 =( LENGTH_UNIT ( ) NAMED_UNIT ( * ) SI_UNIT ( .MILLI., .METRE. ) );
#556 = VERTEX_POINT ( 'NONE', #786 ) ;
#557 = EDGE_CURVE ( 'NONE', #5503, #2451, #1649, .T. ) ;
#558 = CARTESIAN_POINT ( 'NONE',  ( -1.199999999999999734, -3.660069929215019169, 4.189777606611758449E-15 ) ) ;
#559 = ORIENTED_EDGE ( 'NONE', *, *, #4071, .F. ) ;
#560 = LINE ( 'NONE', #2322, #4498 ) ;
#561 = PLANE ( 'NONE',  #489 ) ;
#562 = EDGE_CURVE ( 'NONE', #1120, #680, #244, .T. ) ;
#563 = ORIENTED_EDGE ( 'NONE', *, *, #2657, .T. ) ;
#564 = DIRECTION ( 'NONE',  ( -0.000000000000000000, 1.000000000000000000, -0.000000000000000000 ) ) ;
#565 = ORIENTED_EDGE ( 'NONE', *, *, #5356, .F. ) ;
#566 = FACE_OUTER_BOUND ( 'NONE', #4695, .T. ) ;
#567 = VERTEX_POINT ( 'NONE', #4482 ) ;
#568 = EDGE_CURVE ( 'NONE', #401, #5220, #1863, .T. ) ;
#569 = FACE_OUTER_BOUND ( 'NONE', #459, .T. ) ;
#570 = VECTOR ( 'NONE', #5323, 1000.000000000000000 ) ;
#571 = DIRECTION ( 'NONE',  ( 0.000000000000000000, -1.000000000000000000, 0.000000000000000000 ) ) ;
#572 = ORIENTED_EDGE ( 'NONE', *, *, #5644, .F. ) ;
#573 = UNCERTAINTY_MEASURE_WITH_UNIT (LENGTH_MEASURE( 1.000000000000000082E-05 ), #555, 'distance_accuracy_value', 'NONE');
#574 = CARTESIAN_POINT ( 'NONE',  ( 1.299999999999999822, -6.505213034913026604E-16, -4.538925740496072573E-15 ) ) ;
#575 = VECTOR ( 'NONE', #3314, 1000.000000000000000 ) ;
#576 = FACE_OUTER_BOUND ( 'NONE', #90, .T. ) ;
#577 = ORIENTED_EDGE ( 'NONE', *, *, #5363, .F. ) ;
#578 = VECTOR ( 'NONE', #5415, 1000.000000000000000 ) ;
#579 = SURFACE_SIDE_STYLE ('',( #1395 ) ) ;
#580 = ORIENTED_EDGE ( 'NONE', *, *, #4, .T. ) ;
#581 = CARTESIAN_POINT ( 'NONE',  ( 1.499999999999997113, 0.2000000000000000111, -0.7000000000000052847 ) ) ;
#582 = FACE_OUTER_BOUND ( 'NONE', #4026, .T. ) ;
#583 = VECTOR ( 'NONE', #4282, 1000.000000000000000 ) ;
#584 = CARTESIAN_POINT ( 'NONE',  ( 1.499999999999994005, 0.2000000000000000944, -1.500000000000004885 ) ) ;
#585 = ORIENTED_EDGE ( 'NONE', *, *, #2289, .F. ) ;
#586 = ORIENTED_EDGE ( 'NONE', *, *, #4413, .F. ) ;
#587 = VECTOR ( 'NONE', #4259, 1000.000000000000000 ) ;
#588 = LINE ( 'NONE', #2825, #2435 ) ;
#589 = CIRCLE ( 'NONE', #3537, 0.1000000000000000472 ) ;
#590 = EDGE_CURVE ( 'NONE', #3659, #1921, #1920, .T. ) ;
#591 = AXIS2_PLACEMENT_3D ( 'NONE', #2433, #1056, #1024 ) ;
#592 = VERTEX_POINT ( 'NONE', #763 ) ;
#593 = DIRECTION ( 'NONE',  ( -0.000000000000000000, -1.000000000000000000, -0.000000000000000000 ) ) ;
#594 = ORIENTED_EDGE ( 'NONE', *, *, #657, .F. ) ;
#595 = FACE_OUTER_BOUND ( 'NONE', #889, .T. ) ;
#596 = VERTEX_POINT ( 'NONE', #2875 ) ;
#597 = LINE ( 'NONE', #2393, #4629 ) ;
#598 = PRESENTATION_LAYER_ASSIGNMENT (  '', '', ( #3464 ) ) ;
#599 = CIRCLE ( 'NONE', #2083, 0.1000000000000000472 ) ;
#600 = CARTESIAN_POINT ( 'NONE',  ( -1.500000000000002665, 2.168404344971008868E-16, -0.8999999999999951372 ) ) ;
#601 = ADVANCED_FACE ( 'NONE', ( #4579 ), #2533, .F. ) ;
#602 = CLOSED_SHELL ( 'NONE', ( #3911, #3181, #4598, #3251, #337, #3335 ) ) ;
#603 = DIRECTION ( 'NONE',  ( 1.000000000000000000, 0.000000000000000000, -3.252606517456511724E-15 ) ) ;
#604 = VECTOR ( 'NONE', #2019, 1000.000000000000000 ) ;
#605 = EDGE_CURVE ( 'NONE', #4091, #3460, #2062, .T. ) ;
#606 = CIRCLE ( 'NONE', #5108, 0.1000000000000000472 ) ;
#607 = DIRECTION ( 'NONE',  ( 0.000000000000000000, 1.000000000000000000, 0.000000000000000000 ) ) ;
#608 = VERTEX_POINT ( 'NONE', #206 ) ;
#609 = CARTESIAN_POINT ( 'NONE',  ( 1.300000000000003819, 0.02500000000000006384, 1.199999999999995293 ) ) ;
#610 = ORIENTED_EDGE ( 'NONE', *, *, #4715, .F. ) ;
#611 = DIRECTION ( 'NONE',  ( 0.000000000000000000, 1.000000000000000000, 0.000000000000000000 ) ) ;
#612 = STYLED_ITEM ( 'NONE', ( #4474 ), #832 ) ;
#613 = FACE_OUTER_BOUND ( 'NONE', #4180, .T. ) ;
#614 = ORIENTED_EDGE ( 'NONE', *, *, #4849, .T. ) ;
#615 = ORIENTED_EDGE ( 'NONE', *, *, #3585, .T. ) ;
#616 = DIRECTION ( 'NONE',  ( 3.491481338843133355E-15, 0.000000000000000000, 1.000000000000000000 ) ) ;
#617 = LINE ( 'NONE', #5492, #4058 ) ;
#618 = ADVANCED_FACE ( 'NONE', ( #5550 ), #5008, .F. ) ;
#619 = CARTESIAN_POINT ( 'NONE',  ( -1.500000000000000888, 0.8000000000000001554, 5.237222008264703188E-15 ) ) ;
#620 = CARTESIAN_POINT ( 'NONE',  ( -1.500000000000001110, 0.2000000000000000944, -0.2999999999999946598 ) ) ;
#621 = ORIENTED_EDGE ( 'NONE', *, *, #3658, .F. ) ;
#622 = DIRECTION ( 'NONE',  ( -3.491481338843133355E-15, 0.000000000000000000, -1.000000000000000000 ) ) ;
#623 = ORIENTED_EDGE ( 'NONE', *, *, #904, .F. ) ;
#624 = DIRECTION ( 'NONE',  ( 1.000000000000000000, -0.000000000000000000, -3.491481338843133355E-15 ) ) ;
#625 = EDGE_CURVE ( 'NONE', #1223, #1476, #1094, .T. ) ;
#626 = CARTESIAN_POINT ( 'NONE',  ( 1.299999999999999378, -3.660069929215019169, -0.1000000000000045852 ) ) ;
#627 = DIRECTION ( 'NONE',  ( 0.000000000000000000, 1.000000000000000000, 0.000000000000000000 ) ) ;
#628 = ORIENTED_EDGE ( 'NONE', *, *, #1317, .T. ) ;
#629 = UNCERTAINTY_MEASURE_WITH_UNIT (LENGTH_MEASURE( 1.000000000000000082E-05 ), #3709, 'distance_accuracy_value', 'NONE');
#630 = EDGE_CURVE ( 'NONE', #4970, #4043, #3393, .T. ) ;
#631 = FACE_OUTER_BOUND ( 'NONE', #1447, .T. ) ;
#632 = DIRECTION ( 'NONE',  ( -1.000000000000000000, 0.000000000000000000, 3.491481338843133355E-15 ) ) ;
#633 = ORIENTED_EDGE ( 'NONE', *, *, #18, .F. ) ;
#634 = DIRECTION ( 'NONE',  ( 1.000000000000000000, 0.000000000000000000, -4.336808689942015369E-15 ) ) ;
#635 = EDGE_LOOP ( 'NONE', ( #2392, #4149, #5461, #2744 ) ) ;
#636 = PLANE ( 'NONE',  #334 ) ;
#637 = EDGE_CURVE ( 'NONE', #1078, #214, #5093, .T. ) ;
#638 = CARTESIAN_POINT ( 'NONE',  ( -1.499999999999997113, 0.2000000000000000944, 0.7000000000000050626 ) ) ;
#639 = SURFACE_STYLE_FILL_AREA ( #3270 ) ;
#640 = EDGE_CURVE ( 'NONE', #1651, #14, #1207, .T. ) ;
#641 = ORIENTED_EDGE ( 'NONE', *, *, #3511, .T. ) ;
#642 = DIRECTION ( 'NONE',  ( -3.442199421911973919E-15, 0.000000000000000000, -1.000000000000000000 ) ) ;
#643 = ORIENTED_EDGE ( 'NONE', *, *, #3569, .F. ) ;
#644 = DIRECTION ( 'NONE',  ( 0.000000000000000000, 1.000000000000000000, 0.000000000000000000 ) ) ;
#645 = DIRECTION ( 'NONE',  ( 1.000000000000000000, 0.000000000000000000, -3.491481338843133355E-15 ) ) ;
#646 = CARTESIAN_POINT ( 'NONE',  ( -0.7999999999999958256, 0.1999999999999998723, 1.150000000000003020 ) ) ;
#647 = DIRECTION ( 'NONE',  ( -0.000000000000000000, 1.000000000000000000, -0.000000000000000000 ) ) ;
#648 = VERTEX_POINT ( 'NONE', #2851 ) ;
#649 = FACE_OUTER_BOUND ( 'NONE', #5333, .T. ) ;
#650 = VERTEX_POINT ( 'NONE', #4696 ) ;
#651 = CARTESIAN_POINT ( 'NONE',  ( 1.299999999999998490, 0.2000000000000000944, -0.4000000000000045186 ) ) ;
#652 = LINE ( 'NONE', #4030, #2807 ) ;
#653 = VERTEX_POINT ( 'NONE', #2030 ) ;
#654 = DIRECTION ( 'NONE',  ( 0.000000000000000000, 1.000000000000000000, 0.000000000000000000 ) ) ;
#655 = ORIENTED_EDGE ( 'NONE', *, *, #2255, .T. ) ;
#656 = CARTESIAN_POINT ( 'NONE',  ( 1.500000000000002665, -3.660069929215019169, 0.8999999999999949152 ) ) ;
#657 = EDGE_CURVE ( 'NONE', #2239, #2319, #3748, .T. ) ;
#658 = DIRECTION ( 'NONE',  ( -0.7071067811865445751, 0.000000000000000000, 0.7071067811865503483 ) ) ;
#659 = EDGE_CURVE ( 'NONE', #5114, #416, #3801, .T. ) ;
#660 =( GEOMETRIC_REPRESENTATION_CONTEXT ( 3 ) GLOBAL_UNCERTAINTY_ASSIGNED_CONTEXT ( ( #2722 ) ) GLOBAL_UNIT_ASSIGNED_CONTEXT ( ( #3991, #1785, #3486 ) ) REPRESENTATION_CONTEXT ( 'NONE', 'WORKASPACE' ) );
#661 = CARTESIAN_POINT ( 'NONE',  ( -1.499999999999998446, 0.02500000000000006384, 0.3000000000000051514 ) ) ;
#662 = DIRECTION ( 'NONE',  ( 0.000000000000000000, -1.000000000000000000, 0.000000000000000000 ) ) ;
#663 = ORIENTED_EDGE ( 'NONE', *, *, #5444, .F. ) ;
#664 = FACE_OUTER_BOUND ( 'NONE', #1385, .T. ) ;
#665 = VECTOR ( 'NONE', #4918, 1000.000000000000000 ) ;
#666 = CARTESIAN_POINT ( 'NONE',  ( -1.499999999999999556, 0.02500000000000006384, 5.237222008264698455E-15 ) ) ;
#667 = EDGE_CURVE ( 'NONE', #5529, #100, #1525, .T. ) ;
#668 = VECTOR ( 'NONE', #30, 1000.000000000000000 ) ;
#669 = ORIENTED_EDGE ( 'NONE', *, *, #5360, .T. ) ;
#670 = ORIENTED_EDGE ( 'NONE', *, *, #155, .T. ) ;
#671 = FACE_OUTER_BOUND ( 'NONE', #5631, .T. ) ;
#672 = LINE ( 'NONE', #2410, #215 ) ;
#673 = AXIS2_PLACEMENT_3D ( 'NONE', #3159, #4046, #2663 ) ;
#674 = CARTESIAN_POINT ( 'NONE',  ( 1.499999999999999112, -3.660069929215019169, -0.1000000000000052791 ) ) ;
#675 = CARTESIAN_POINT ( 'NONE',  ( 1.500000000000000666, 0.2000000000000000944, 0.2999999999999946598 ) ) ;
#676 = ORIENTED_EDGE ( 'NONE', *, *, #4824, .T. ) ;
#677 = CIRCLE ( 'NONE', #3619, 0.1250421398215223190 ) ;
#678 = CARTESIAN_POINT ( 'NONE',  ( 1.500000000000000666, 0.2000000000000000944, 0.2999999999999946598 ) ) ;
#679 = VECTOR ( 'NONE', #531, 1000.000000000000000 ) ;
#680 = VERTEX_POINT ( 'NONE', #4165 ) ;
#681 = CARTESIAN_POINT ( 'NONE',  ( -1.499999999999999112, 0.1999999999999998723, 0.1000000000000052791 ) ) ;
#682 = CIRCLE ( 'NONE', #5081, 0.1000000000000000472 ) ;
#683 = FACE_OUTER_BOUND ( 'NONE', #3088, .T. ) ;
#684 = ORIENTED_EDGE ( 'NONE', *, *, #5293, .F. ) ;
#685 = AXIS2_PLACEMENT_3D ( 'NONE', #5620, #2045, #1289 ) ;
#686 = MANIFOLD_SOLID_BREP ( 'Boss-Extrude2[8]', #1746 ) ;
#687 = CARTESIAN_POINT ( 'NONE',  ( 1.499999999999994005, 0.02500000000000006384, -1.500000000000004885 ) ) ;
#688 = ORIENTED_EDGE ( 'NONE', *, *, #3635, .T. ) ;
#689 = CIRCLE ( 'NONE', #970, 0.1000000000000000472 ) ;
#690 = CYLINDRICAL_SURFACE ( 'NONE', #3262, 0.1000000000000000472 ) ;
#691 = VECTOR ( 'NONE', #2499, 1000.000000000000000 ) ;
#692 = CARTESIAN_POINT ( 'NONE',  ( 1.199999999999995515, 0.2000000000000000944, -1.200000000000003952 ) ) ;
#693 = EDGE_CURVE ( 'NONE', #556, #2260, #1457, .T. ) ;
#694 = VECTOR ( 'NONE', #2713, 1000.000000000000000 ) ;
#695 = EDGE_CURVE ( 'NONE', #1762, #1849, #2128, .T. ) ;
#696 = DIRECTION ( 'NONE',  ( -3.491481338843133355E-15, 0.000000000000000000, -1.000000000000000000 ) ) ;
#697 = AXIS2_PLACEMENT_3D ( 'NONE', #875, #5208, #1763 ) ;
#698 = VECTOR ( 'NONE', #2261, 1000.000000000000000 ) ;
#699 = CARTESIAN_POINT ( 'NONE',  ( 1.300000000000000266, 0.1999999999999999278, 0.09999999999999550915 ) ) ;
#700 = CARTESIAN_POINT ( 'NONE',  ( 3.840629472727446691E-15, 0.000000000000000000, 1.099999999999999867 ) ) ;
#701 = ORIENTED_EDGE ( 'NONE', *, *, #1082, .T. ) ;
#702 = CARTESIAN_POINT ( 'NONE',  ( -1.076627600957133168, 0.6999999999999999556, -1.201669740778646522 ) ) ;
#703 = LINE ( 'NONE', #5209, #3972 ) ;
#704 = ADVANCED_FACE ( 'NONE', ( #4289 ), #367, .F. ) ;
#705 = CLOSED_SHELL ( 'NONE', ( #75, #5044, #1333, #4239, #4639, #139 ) ) ;
#706 = DIRECTION ( 'NONE',  ( 0.000000000000000000, 1.000000000000000000, 0.000000000000000000 ) ) ;
#707 = ORIENTED_EDGE ( 'NONE', *, *, #4376, .F. ) ;
#708 = VECTOR ( 'NONE', #2790, 1000.000000000000000 ) ;
#709 = ORIENTED_EDGE ( 'NONE', *, *, #5573, .T. ) ;
#710 = EDGE_CURVE ( 'NONE', #5263, #1052, #4453, .T. ) ;
#711 = CARTESIAN_POINT ( 'NONE',  ( -1.745740669421566678E-15, 0.02500000000000006384, -0.5000000000000000000 ) ) ;
#712 = DIRECTION ( 'NONE',  ( 0.000000000000000000, -1.000000000000000000, 0.000000000000000000 ) ) ;
#713 =( GEOMETRIC_REPRESENTATION_CONTEXT ( 3 ) GLOBAL_UNCERTAINTY_ASSIGNED_CONTEXT ( ( #4467 ) ) GLOBAL_UNIT_ASSIGNED_CONTEXT ( ( #6, #4786, #1782 ) ) REPRESENTATION_CONTEXT ( 'NONE', 'WORKASPACE' ) );
#714 = DIRECTION ( 'NONE',  ( -0.000000000000000000, -1.000000000000000000, -0.000000000000000000 ) ) ;
#715 = EDGE_CURVE ( 'NONE', #2288, #1754, #3031, .T. ) ;
#716 = FILL_AREA_STYLE ('',( #2914 ) ) ;
#717 = ORIENTED_EDGE ( 'NONE', *, *, #4281, .T. ) ;
#718 = CARTESIAN_POINT ( 'NONE',  ( -1.300000000000002487, 0.2000000000000000944, -0.7999999999999956035 ) ) ;
#719 = EDGE_LOOP ( 'NONE', ( #2471, #12, #709, #4929, #851 ) ) ;
#720 = CARTESIAN_POINT ( 'NONE',  ( -1.300000000000004263, 0.1999999999999999278, -1.299999999999995381 ) ) ;
#721 = FACE_OUTER_BOUND ( 'NONE', #5348, .T. ) ;
#722 = ORIENTED_EDGE ( 'NONE', *, *, #2314, .T. ) ;
#723 = CARTESIAN_POINT ( 'NONE',  ( 1.300000000000003819, -3.660069929215019169, 1.199999999999995293 ) ) ;
#724 = VERTEX_POINT ( 'NONE', #5632 ) ;
#725 = ADVANCED_FACE ( 'NONE', ( #3830 ), #3855, .F. ) ;
#726 = CARTESIAN_POINT ( 'NONE',  ( -1.499999999999996669, -3.660069929215019169, 0.9000000000000052403 ) ) ;
#727 = CARTESIAN_POINT ( 'NONE',  ( 0.8500000000000000888, 0.000000000000000000, -2.967759138016663352E-15 ) ) ;
#728 = FACE_OUTER_BOUND ( 'NONE', #3458, .T. ) ;
#729 = CARTESIAN_POINT ( 'NONE',  ( -1.500000000000002665, 2.168404344971008868E-16, -0.8999999999999951372 ) ) ;
#730 = CARTESIAN_POINT ( 'NONE',  ( -1.499999999999996669, 0.1999999999999998723, 0.9000000000000052403 ) ) ;
#731 = ORIENTED_EDGE ( 'NONE', *, *, #1638, .F. ) ;
#732 = MANIFOLD_SOLID_BREP ( 'Boss-Extrude2[1]', #2649 ) ;
#733 = CARTESIAN_POINT ( 'NONE',  ( -1.500000000000004219, -3.660069929215019169, -1.299999999999994937 ) ) ;
#734 = CARTESIAN_POINT ( 'NONE',  ( 0.8499999999999965361, 0.1999999999999998723, -1.100000000000003197 ) ) ;
#735 = ORIENTED_EDGE ( 'NONE', *, *, #2399, .F. ) ;
#736 = FILL_AREA_STYLE ('',( #3358 ) ) ;
#737 = ORIENTED_EDGE ( 'NONE', *, *, #1311, .T. ) ;
#738 = CARTESIAN_POINT ( 'NONE',  ( -1.300000000000003597, -3.660069929215019169, -1.099999999999995204 ) ) ;
#739 = CARTESIAN_POINT ( 'NONE',  ( 1.299999999999996714, 0.02500000000000006384, -0.9000000000000049072 ) ) ;
#740 = DIRECTION ( 'NONE',  ( -0.000000000000000000, -1.000000000000000000, -0.000000000000000000 ) ) ;
#741 = DIRECTION ( 'NONE',  ( -1.000000000000000000, 0.000000000000000000, 3.491481338843133355E-15 ) ) ;
#742 = LINE ( 'NONE', #4202, #1425 ) ;
#743 = ORIENTED_EDGE ( 'NONE', *, *, #4104, .F. ) ;
#744 = VERTEX_POINT ( 'NONE', #4765 ) ;
#745 = EDGE_CURVE ( 'NONE', #4190, #650, #800, .T. ) ;
#746 = DIRECTION ( 'NONE',  ( -1.000000000000000000, 0.000000000000000000, 3.252606517456511724E-15 ) ) ;
#747 = DIRECTION ( 'NONE',  ( -0.000000000000000000, -1.000000000000000000, -0.000000000000000000 ) ) ;
#748 = ORIENTED_EDGE ( 'NONE', *, *, #1285, .T. ) ;
#749 = DIRECTION ( 'NONE',  ( 0.7071067811865504593, 0.000000000000000000, 0.7071067811865446862 ) ) ;
#750 = ORIENTED_EDGE ( 'NONE', *, *, #1113, .T. ) ;
#751 = EDGE_CURVE ( 'NONE', #307, #915, #3518, .T. ) ;
#752 = ORIENTED_EDGE ( 'NONE', *, *, #3142, .T. ) ;
#753 = DIRECTION ( 'NONE',  ( 0.000000000000000000, 1.000000000000000000, 0.000000000000000000 ) ) ;
#754 = PLANE ( 'NONE',  #885 ) ;
#755 = EDGE_CURVE ( 'NONE', #143, #5321, #828, .T. ) ;
#756 = DIRECTION ( 'NONE',  ( -0.000000000000000000, -1.000000000000000000, 0.000000000000000000 ) ) ;
#757 = LINE ( 'NONE', #2089, #583 ) ;
#758 = CARTESIAN_POINT ( 'NONE',  ( -1.300000000000003819, 0.02500000000000006384, -1.199999999999995293 ) ) ;
#759 = EDGE_LOOP ( 'NONE', ( #3920, #2221, #5313, #1662 ) ) ;
#760 = LINE ( 'NONE', #733, #1821 ) ;
#761 = DIRECTION ( 'NONE',  ( 3.491481338843133355E-15, 0.000000000000000000, 1.000000000000000000 ) ) ;
#762 = ORIENTED_EDGE ( 'NONE', *, *, #2718, .F. ) ;
#763 = CARTESIAN_POINT ( 'NONE',  ( 1.499999999999997780, -2.168404344971008868E-16, -0.5000000000000052180 ) ) ;
#764 = VERTEX_POINT ( 'NONE', #4834 ) ;
#765 = CARTESIAN_POINT ( 'NONE',  ( -1.500000000000005995, 0.2000000000000000944, -1.499999999999994449 ) ) ;
#766 = DIRECTION ( 'NONE',  ( -1.000000000000000000, -0.000000000000000000, 3.491481338843133355E-15 ) ) ;
#767 = FACE_OUTER_BOUND ( 'NONE', #5021, .T. ) ;
#768 = AXIS2_PLACEMENT_3D ( 'NONE', #1127, #310, #5109 ) ;
#769 = DIRECTION ( 'NONE',  ( 3.491481338843133355E-15, -0.000000000000000000, 1.000000000000000000 ) ) ;
#770 = EDGE_CURVE ( 'NONE', #4814, #2288, #2599, .T. ) ;
#771 = PLANE ( 'NONE',  #3173 ) ;
#772 = ORIENTED_EDGE ( 'NONE', *, *, #923, .F. ) ;
#773 = ORIENTED_EDGE ( 'NONE', *, *, #396, .T. ) ;
#774 = CIRCLE ( 'NONE', #866, 0.1000000000000000472 ) ;
#775 = DIRECTION ( 'NONE',  ( -1.000000000000000000, 0.000000000000000000, 3.491481338843133355E-15 ) ) ;
#776 = VECTOR ( 'NONE', #5310, 1000.000000000000000 ) ;
#777 = ORIENTED_EDGE ( 'NONE', *, *, #1146, .F. ) ;
#778 = DIRECTION ( 'NONE',  ( 0.000000000000000000, 1.000000000000000000, 0.000000000000000000 ) ) ;
#779 = ORIENTED_EDGE ( 'NONE', *, *, #894, .T. ) ;
#780 = VERTEX_POINT ( 'NONE', #1765 ) ;
#781 = CARTESIAN_POINT ( 'NONE',  ( -1.300000000000002043, 0.2000000000000000944, -0.6999999999999955147 ) ) ;
#782 = AXIS2_PLACEMENT_3D ( 'NONE', #5600, #761, #1736 ) ;
#783 = VECTOR ( 'NONE', #2008, 1000.000000000000000 ) ;
#784 = DIRECTION ( 'NONE',  ( 1.000000000000000000, 0.000000000000000000, -3.491481338843133355E-15 ) ) ;
#785 = AXIS2_PLACEMENT_3D ( 'NONE', #1366, #542, #902 ) ;
#786 = CARTESIAN_POINT ( 'NONE',  ( 0.7999999999999961586, 0.02500000000000006384, -1.150000000000003020 ) ) ;
#787 = EDGE_CURVE ( 'NONE', #1921, #3011, #4183, .T. ) ;
#788 = CARTESIAN_POINT ( 'NONE',  ( 1.300000000000003597, -3.660069929215019169, 1.099999999999995204 ) ) ;
#789 = AXIS2_PLACEMENT_3D ( 'NONE', #4368, #4836, #450 ) ;
#790 = DIRECTION ( 'NONE',  ( -1.000000000000000000, 0.000000000000000000, 3.762531881964509464E-15 ) ) ;
#791 = EDGE_LOOP ( 'NONE', ( #3648, #2513, #4203, #4163, #3607 ) ) ;
#792 = ADVANCED_FACE ( 'NONE', ( #908 ), #2575, .F. ) ;
#793 = CARTESIAN_POINT ( 'NONE',  ( 1.300000000000002709, -3.660069929215019169, 0.8999999999999954703 ) ) ;
#794 = DIRECTION ( 'NONE',  ( 0.000000000000000000, 1.000000000000000000, 0.000000000000000000 ) ) ;
#795 = VECTOR ( 'NONE', #4394, 1000.000000000000000 ) ;
#796 = EDGE_CURVE ( 'NONE', #2239, #919, #3548, .T. ) ;
#797 = VECTOR ( 'NONE', #4410, 1000.000000000000000 ) ;
#798 = VECTOR ( 'NONE', #415, 1000.000000000000000 ) ;
#799 = ORIENTED_EDGE ( 'NONE', *, *, #211, .F. ) ;
#800 = LINE ( 'NONE', #5659, #3204 ) ;
#801 = ORIENTED_EDGE ( 'NONE', *, *, #3050, .T. ) ;
#802 = CARTESIAN_POINT ( 'NONE',  ( -1.500000000000001332, -3.660069929215019169, -0.4999999999999947820 ) ) ;
#803 = LINE ( 'NONE', #4641, #4719 ) ;
#804 = VECTOR ( 'NONE', #741, 1000.000000000000000 ) ;
#805 = CARTESIAN_POINT ( 'NONE',  ( 1.500000000000004219, 0.02500000000000006384, 1.299999999999994937 ) ) ;
#806 = PLANE ( 'NONE',  #2834 ) ;
#807 = VECTOR ( 'NONE', #5481, 1000.000000000000000 ) ;
#808 = CARTESIAN_POINT ( 'NONE',  ( 1.500000000000000666, -3.660069929215019169, 0.2999999999999946598 ) ) ;
#809 = ORIENTED_EDGE ( 'NONE', *, *, #1388, .F. ) ;
#810 = ORIENTED_EDGE ( 'NONE', *, *, #3398, .F. ) ;
#811 = DIRECTION ( 'NONE',  ( 0.000000000000000000, 1.000000000000000000, 0.000000000000000000 ) ) ;
#812 = CARTESIAN_POINT ( 'NONE',  ( -1.499999999999999556, 0.02500000000000006384, 5.237222008264698455E-15 ) ) ;
#813 = VERTEX_POINT ( 'NONE', #5368 ) ;
#814 = ORIENTED_EDGE ( 'NONE', *, *, #4871, .F. ) ;
#815 = FACE_OUTER_BOUND ( 'NONE', #1614, .T. ) ;
#816 = PRESENTATION_STYLE_ASSIGNMENT (( #4755 ) ) ;
#817 = DIRECTION ( 'NONE',  ( -0.000000000000000000, -1.000000000000000000, -0.000000000000000000 ) ) ;
#818 = DIRECTION ( 'NONE',  ( 1.000000000000000000, 0.000000000000000000, -3.491481338843136511E-15 ) ) ;
#819 = ADVANCED_FACE ( 'NONE', ( #3213 ), #3236, .F. ) ;
#820 = LINE ( 'NONE', #1644, #1964 ) ;
#821 = CARTESIAN_POINT ( 'NONE',  ( -1.499999999999995115, -3.660069929215019169, 1.300000000000005373 ) ) ;
#822 = VERTEX_POINT ( 'NONE', #4964 ) ;
#823 = DIRECTION ( 'NONE',  ( 3.491481338843133355E-15, -0.000000000000000000, 1.000000000000000000 ) ) ;
#824 = DIRECTION ( 'NONE',  ( 1.000000000000000000, 0.000000000000000000, -2.168404344971007685E-15 ) ) ;
#825 = EDGE_CURVE ( 'NONE', #2153, #2765, #2197, .T. ) ;
#826 = VERTEX_POINT ( 'NONE', #4913 ) ;
#827 = EDGE_CURVE ( 'NONE', #4361, #5658, #1836, .T. ) ;
#828 = LINE ( 'NONE', #5187, #1652 ) ;
#829 = EDGE_LOOP ( 'NONE', ( #5125, #68, #4800, #3672 ) ) ;
#830 = DIRECTION ( 'NONE',  ( -1.000000000000000000, -0.000000000000000000, 3.491481338843133355E-15 ) ) ;
#831 = CARTESIAN_POINT ( 'NONE',  ( 1.300000000000002487, -3.660069929215019169, 0.7999999999999953815 ) ) ;
#832 = MANIFOLD_SOLID_BREP ( 'Boss-Extrude2[4]', #1277 ) ;
#833 = EDGE_CURVE ( 'NONE', #2868, #3401, #498, .T. ) ;
#834 = VERTEX_POINT ( 'NONE', #3988 ) ;
#835 = EDGE_LOOP ( 'NONE', ( #5009, #5648, #4620, #3065 ) ) ;
#836 = ORIENTED_EDGE ( 'NONE', *, *, #3556, .T. ) ;
#837 = CARTESIAN_POINT ( 'NONE',  ( 1.299999999999998490, 0.1999999999999998723, -0.4000000000000045186 ) ) ;
#838 = ORIENTED_EDGE ( 'NONE', *, *, #81, .F. ) ;
#839 = LINE ( 'NONE', #319, #4897 ) ;
#840 = PRESENTATION_STYLE_ASSIGNMENT (( #4798 ) ) ;
#841 = EDGE_CURVE ( 'NONE', #1124, #2661, #1488, .T. ) ;
#842 = CARTESIAN_POINT ( 'NONE',  ( -1.047444401652939612E-15, 0.02500000000000006384, -0.2999999999999999334 ) ) ;
#843 = ORIENTED_EDGE ( 'NONE', *, *, #3218, .F. ) ;
#844 = CARTESIAN_POINT ( 'NONE',  ( 1.499999999999997113, 0.2000000000000000944, -0.7000000000000052847 ) ) ;
#845 = LINE ( 'NONE', #4400, #4530 ) ;
#846 = EDGE_CURVE ( 'NONE', #5045, #2287, #5306, .T. ) ;
#847 = FACE_OUTER_BOUND ( 'NONE', #4266, .T. ) ;
#848 = PLANE ( 'NONE',  #2425 ) ;
#849 = ORIENTED_EDGE ( 'NONE', *, *, #3242, .T. ) ;
#850 = DIRECTION ( 'NONE',  ( 0.000000000000000000, 1.000000000000000000, 0.000000000000000000 ) ) ;
#851 = ORIENTED_EDGE ( 'NONE', *, *, #63, .T. ) ;
#852 = LINE ( 'NONE', #2601, #1164 ) ;
#853 = CARTESIAN_POINT ( 'NONE',  ( 1.499999999999996447, 0.02500000000000006384, -0.9000000000000054623 ) ) ;
#854 = FACE_OUTER_BOUND ( 'NONE', #3306, .T. ) ;
#855 = MANIFOLD_SOLID_BREP ( 'Boss-Extrude2[6]', #240 ) ;
#856 = ORIENTED_EDGE ( 'NONE', *, *, #3142, .F. ) ;
#857 = ADVANCED_FACE ( 'NONE', ( #3348 ), #117, .F. ) ;
#858 = VERTEX_POINT ( 'NONE', #1050 ) ;
#859 = CIRCLE ( 'NONE', #2888, 0.1250421398215223190 ) ;
#860 = EDGE_CURVE ( 'NONE', #3011, #3937, #5508, .T. ) ;
#861 = ORIENTED_EDGE ( 'NONE', *, *, #2657, .F. ) ;
#862 = CARTESIAN_POINT ( 'NONE',  ( -1.299999999999995159, 0.02500000000000006384, 1.300000000000004707 ) ) ;
#863 = ORIENTED_EDGE ( 'NONE', *, *, #1466, .F. ) ;
#864 = CIRCLE ( 'NONE', #4406, 0.1000000000000000472 ) ;
#865 = ORIENTED_EDGE ( 'NONE', *, *, #3550, .T. ) ;
#866 = AXIS2_PLACEMENT_3D ( 'NONE', #1631, #1128, #3405 ) ;
#867 = CARTESIAN_POINT ( 'NONE',  ( -1.299999999999998490, -3.660069929215019169, 0.4000000000000045186 ) ) ;
#868 =( LENGTH_UNIT ( ) NAMED_UNIT ( * ) SI_UNIT ( .MILLI., .METRE. ) );
#869 = AXIS2_PLACEMENT_3D ( 'NONE', #5015, #2107, #2973 ) ;
#870 = UNCERTAINTY_MEASURE_WITH_UNIT (LENGTH_MEASURE( 1.000000000000000082E-05 ), #2281, 'distance_accuracy_value', 'NONE');
#871 = VECTOR ( 'NONE', #1620, 1000.000000000000000 ) ;
#872 = DIRECTION ( 'NONE',  ( -3.762531881964509464E-15, 0.000000000000000000, -1.000000000000000000 ) ) ;
#873 = VECTOR ( 'NONE', #3728, 1000.000000000000000 ) ;
#874 = ORIENTED_EDGE ( 'NONE', *, *, #4154, .T. ) ;
#875 = CARTESIAN_POINT ( 'NONE',  ( -1.499999999999999112, -3.660069929215019169, 0.1000000000000052791 ) ) ;
#876 = CIRCLE ( 'NONE', #5441, 0.1000000000000000472 ) ;
#877 = EDGE_CURVE ( 'NONE', #5476, #3937, #2897, .T. ) ;
#878 = VECTOR ( 'NONE', #4692, 1000.000000000000000 ) ;
#879 = AXIS2_PLACEMENT_3D ( 'NONE', #4315, #3033, #2577 ) ;
#880 = CARTESIAN_POINT ( 'NONE',  ( -1.500000000000002442, 0.2000000000000000944, -0.7999999999999949374 ) ) ;
#881 = VERTEX_POINT ( 'NONE', #5540 ) ;
#882 = CARTESIAN_POINT ( 'NONE',  ( -1.500000000000000000, 0.1999999999999998723, -0.09999999999999481526 ) ) ;
#883 = ORIENTED_EDGE ( 'NONE', *, *, #5549, .T. ) ;
#884 = LINE ( 'NONE', #3551, #3894 ) ;
#885 = AXIS2_PLACEMENT_3D ( 'NONE', #3382, #5174, #5116 ) ;
#886 = DIRECTION ( 'NONE',  ( -3.491481338843133355E-15, 0.000000000000000000, -1.000000000000000000 ) ) ;
#887 = AXIS2_PLACEMENT_3D ( 'NONE', #3498, #2147, #1675 ) ;
#888 = AXIS2_PLACEMENT_3D ( 'NONE', #3895, #5647, #5223 ) ;
#889 = EDGE_LOOP ( 'NONE', ( #2343, #4174, #5201, #1181 ) ) ;
#890 = ADVANCED_FACE ( 'NONE', ( #1137 ), #1996, .T. ) ;
#891 = ORIENTED_EDGE ( 'NONE', *, *, #3684, .F. ) ;
#892 = VECTOR ( 'NONE', #519, 1000.000000000000000 ) ;
#893 = DIRECTION ( 'NONE',  ( -3.491481338843133355E-15, 0.000000000000000000, -1.000000000000000000 ) ) ;
#894 = EDGE_CURVE ( 'NONE', #3759, #4483, #236, .T. ) ;
#895 = VECTOR ( 'NONE', #2755, 1000.000000000000000 ) ;
#896 = ORIENTED_EDGE ( 'NONE', *, *, #1260, .T. ) ;
#897 = CARTESIAN_POINT ( 'NONE',  ( -1.499999999999997780, 7.115076756936122848E-17, 0.5000000000000052180 ) ) ;
#898 = ORIENTED_EDGE ( 'NONE', *, *, #200, .F. ) ;
#899 = VERTEX_POINT ( 'NONE', #262 ) ;
#900 = EDGE_CURVE ( 'NONE', #744, #1704, #1645, .T. ) ;
#901 = AXIS2_PLACEMENT_3D ( 'NONE', #358, #3847, #1701 ) ;
#902 = DIRECTION ( 'NONE',  ( 1.000000000000000000, 0.000000000000000000, -3.491481338843136511E-15 ) ) ;
#903 =( NAMED_UNIT ( * ) PLANE_ANGLE_UNIT ( ) SI_UNIT ( $, .RADIAN. ) );
#904 = EDGE_CURVE ( 'NONE', #2822, #5416, #1898, .T. ) ;
#905 = LINE ( 'NONE', #5303, #4177 ) ;
#906 = DIRECTION ( 'NONE',  ( 0.000000000000000000, 1.000000000000000000, 0.000000000000000000 ) ) ;
#907 = ORIENTED_EDGE ( 'NONE', *, *, #3556, .F. ) ;
#908 = FACE_OUTER_BOUND ( 'NONE', #2262, .T. ) ;
#909 = EDGE_LOOP ( 'NONE', ( #4776, #3987, #1943, #3507 ) ) ;
#910 = DIRECTION ( 'NONE',  ( 0.000000000000000000, 1.000000000000000000, 0.000000000000000000 ) ) ;
#911 = DIRECTION ( 'NONE',  ( 1.000000000000000000, 0.000000000000000000, -3.491481338843133355E-15 ) ) ;
#912 = CYLINDRICAL_SURFACE ( 'NONE', #4628, 0.1000000000000000472 ) ;
#913 = CYLINDRICAL_SURFACE ( 'NONE', #1609, 0.1250421398215223190 ) ;
#914 = LINE ( 'NONE', #584, #5625 ) ;
#915 = VERTEX_POINT ( 'NONE', #4539 ) ;
#916 = EDGE_LOOP ( 'NONE', ( #1499, #394, #3954, #2384 ) ) ;
#917 = DIRECTION ( 'NONE',  ( 1.000000000000000000, 0.000000000000000000, -3.491481338843133355E-15 ) ) ;
#918 = ADVANCED_FACE ( 'NONE', ( #1516 ), #4158, .F. ) ;
#919 = VERTEX_POINT ( 'NONE', #4572 ) ;
#920 = CARTESIAN_POINT ( 'NONE',  ( -1.500000000000000666, -3.660069929215019169, -0.2999999999999946598 ) ) ;
#921 = VERTEX_POINT ( 'NONE', #730 ) ;
#922 = LINE ( 'NONE', #788, #3530 ) ;
#923 = EDGE_CURVE ( 'NONE', #1847, #4062, #1739, .T. ) ;
#924 = DIRECTION ( 'NONE',  ( 0.000000000000000000, -1.000000000000000000, 0.000000000000000000 ) ) ;
#925 = CARTESIAN_POINT ( 'NONE',  ( 1.499999999999999556, 0.000000000000000000, -5.237222008264698455E-15 ) ) ;
#926 = ADVANCED_FACE ( 'NONE', ( #3323 ), #4125, .F. ) ;
#927 = CARTESIAN_POINT ( 'NONE',  ( -1.499999999999998224, 0.8000000000000001554, 0.7000000000000052847 ) ) ;
#928 = DIRECTION ( 'NONE',  ( 0.000000000000000000, -1.000000000000000000, 0.000000000000000000 ) ) ;
#929 = ORIENTED_EDGE ( 'NONE', *, *, #3927, .F. ) ;
#930 = ORIENTED_EDGE ( 'NONE', *, *, #562, .F. ) ;
#931 = CARTESIAN_POINT ( 'NONE',  ( 1.300000000000002487, 0.2000000000000000944, 0.7999999999999953815 ) ) ;
#932 = PRODUCT_CONTEXT ( 'NONE', #5083, 'mechanical' ) ;
#933 = CARTESIAN_POINT ( 'NONE',  ( 1.299999999999999378, 0.02500000000000006384, -0.1000000000000045852 ) ) ;
#934 = DIRECTION ( 'NONE',  ( 0.000000000000000000, 1.000000000000000000, 0.000000000000000000 ) ) ;
#935 = CARTESIAN_POINT ( 'NONE',  ( -1.499999999999997780, 0.1999999999999998723, 0.5000000000000052180 ) ) ;
#936 = ORIENTED_EDGE ( 'NONE', *, *, #3865, .F. ) ;
#937 = VERTEX_POINT ( 'NONE', #5054 ) ;
#938 = CARTESIAN_POINT ( 'NONE',  ( -1.500000000000001998, 2.168404344971008868E-16, -0.6999999999999948486 ) ) ;
#939 = ADVANCED_FACE ( 'NONE', ( #4630 ), #5483, .F. ) ;
#940 = VECTOR ( 'NONE', #2998, 1000.000000000000000 ) ;
#941 = DIRECTION ( 'NONE',  ( -1.000000000000000000, -0.000000000000000000, 3.491481338843133355E-15 ) ) ;
#942 = CARTESIAN_POINT ( 'NONE',  ( -1.299999999999995826, 0.2000000000000000944, 1.100000000000004308 ) ) ;
#943 = ORIENTED_EDGE ( 'NONE', *, *, #3886, .F. ) ;
#944 = CYLINDRICAL_SURFACE ( 'NONE', #4974, 0.05000000000000012768 ) ;
#945 = CARTESIAN_POINT ( 'NONE',  ( -1.299999999999995159, 0.2000000000000000944, 1.300000000000004707 ) ) ;
#946 = VECTOR ( 'NONE', #4959, 1000.000000000000000 ) ;
#947 = DIRECTION ( 'NONE',  ( -1.000000000000000000, 0.000000000000000000, 4.336808689942015369E-15 ) ) ;
#948 = AXIS2_PLACEMENT_3D ( 'NONE', #4694, #1679, #4404 ) ;
#949 = VECTOR ( 'NONE', #747, 1000.000000000000000 ) ;
#950 = EDGE_CURVE ( 'NONE', #1032, #2598, #3263, .T. ) ;
#951 = CARTESIAN_POINT ( 'NONE',  ( 1.299999999999997380, -3.660069929215019169, -0.7000000000000046185 ) ) ;
#952 = AXIS2_PLACEMENT_3D ( 'NONE', #5569, #2119, #3848 ) ;
#953 = LINE ( 'NONE', #3951, #3606 ) ;
#954 = EDGE_CURVE ( 'NONE', #88, #3598, #2558, .T. ) ;
#955 = CARTESIAN_POINT ( 'NONE',  ( 1.499999999999994005, 0.02500000000000006384, -1.500000000000004885 ) ) ;
#956 = VECTOR ( 'NONE', #5607, 1000.000000000000000 ) ;
#957 = STYLED_ITEM ( 'NONE', ( #1660 ), #2633 ) ;
#958 = DIRECTION ( 'NONE',  ( -0.000000000000000000, -1.000000000000000000, 0.000000000000000000 ) ) ;
#959 = EDGE_CURVE ( 'NONE', #1058, #3939, #2465, .T. ) ;
#960 = EDGE_LOOP ( 'NONE', ( #3029, #1470, #1307, #5367 ) ) ;
#961 = ORIENTED_EDGE ( 'NONE', *, *, #4651, .F. ) ;
#962 = CARTESIAN_POINT ( 'NONE',  ( -1.201669740778655404, 0.8000000000000001554, -1.201669740778646078 ) ) ;
#963 = SURFACE_SIDE_STYLE ('',( #2233 ) ) ;
#964 = DIRECTION ( 'NONE',  ( 0.000000000000000000, -1.000000000000000000, 0.000000000000000000 ) ) ;
#965 = AXIS2_PLACEMENT_3D ( 'NONE', #4727, #794, #2028 ) ;
#966 = DIRECTION ( 'NONE',  ( -3.636041628507867543E-15, 0.000000000000000000, -1.000000000000000000 ) ) ;
#967 = AXIS2_PLACEMENT_3D ( 'NONE', #2280, #4006, #82 ) ;
#968 = FILL_AREA_STYLE ('',( #5312 ) ) ;
#969 = ORIENTED_EDGE ( 'NONE', *, *, #3667, .F. ) ;
#970 = AXIS2_PLACEMENT_3D ( 'NONE', #3846, #4626, #3980 ) ;
#971 = ORIENTED_EDGE ( 'NONE', *, *, #63, .F. ) ;
#972 = AXIS2_PLACEMENT_3D ( 'NONE', #4492, #3395, #4672 ) ;
#973 = DIRECTION ( 'NONE',  ( -0.000000000000000000, -1.000000000000000000, -0.000000000000000000 ) ) ;
#974 = CIRCLE ( 'NONE', #3981, 0.05000000000000012768 ) ;
#975 = DIRECTION ( 'NONE',  ( 1.000000000000000000, 0.000000000000000000, -3.491481338843133355E-15 ) ) ;
#976 = AXIS2_PLACEMENT_3D ( 'NONE', #2932, #3714, #3301 ) ;
#977 = VECTOR ( 'NONE', #327, 1000.000000000000000 ) ;
#978 = CARTESIAN_POINT ( 'NONE',  ( 1.047444401652939612E-15, 0.000000000000000000, 0.2999999999999999334 ) ) ;
#979 = PLANE ( 'NONE',  #5622 ) ;
#980 = ORIENTED_EDGE ( 'NONE', *, *, #3522, .F. ) ;
#981 = DIRECTION ( 'NONE',  ( 1.000000000000000000, 0.000000000000000000, -3.468277731116981327E-15 ) ) ;
#982 = EDGE_CURVE ( 'NONE', #1058, #4613, #5027, .T. ) ;
#983 = SURFACE_STYLE_FILL_AREA ( #4903 ) ;
#984 = LINE ( 'NONE', #221, #3446 ) ;
#985 = VERTEX_POINT ( 'NONE', #5417 ) ;
#986 = AXIS2_PLACEMENT_3D ( 'NONE', #3596, #5583, #3001 ) ;
#987 = DIRECTION ( 'NONE',  ( 0.000000000000000000, 1.000000000000000000, 0.000000000000000000 ) ) ;
#988 = ADVANCED_FACE ( 'NONE', ( #4999 ), #1733, .F. ) ;
#989 = VECTOR ( 'NONE', #850, 1000.000000000000000 ) ;
#990 = EDGE_CURVE ( 'NONE', #5321, #5470, #2828, .T. ) ;
#991 = CARTESIAN_POINT ( 'NONE',  ( -1.299999999999995604, -6.505213034913026604E-16, 1.200000000000004396 ) ) ;
#992 = CARTESIAN_POINT ( 'NONE',  ( -1.299999999999998490, 0.2000000000000000944, 0.4000000000000045186 ) ) ;
#993 = ORIENTED_EDGE ( 'NONE', *, *, #3279, .T. ) ;
#994 = CARTESIAN_POINT ( 'NONE',  ( 1.299999999999995604, -6.505213034913026604E-16, -1.200000000000004396 ) ) ;
#995 = ORIENTED_EDGE ( 'NONE', *, *, #4288, .T. ) ;
#996 = ADVANCED_FACE ( 'NONE', ( #4724 ), #2207, .F. ) ;
#997 = CARTESIAN_POINT ( 'NONE',  ( -1.300000000000002043, 2.168404344971008868E-16, -0.6999999999999955147 ) ) ;
#998 = DIRECTION ( 'NONE',  ( 3.491481338843133355E-15, -0.000000000000000000, 1.000000000000000000 ) ) ;
#999 = EDGE_CURVE ( 'NONE', #3240, #2138, #3020, .T. ) ;
#1000 = EDGE_LOOP ( 'NONE', ( #2483, #5016, #1068, #3082 ) ) ;
#1001 = ORIENTED_EDGE ( 'NONE', *, *, #211, .T. ) ;
#1002 = DIRECTION ( 'NONE',  ( 3.392917504980814878E-15, 0.000000000000000000, 1.000000000000000000 ) ) ;
#1003 = DIRECTION ( 'NONE',  ( 1.000000000000000000, 0.000000000000000000, -3.491481338843133355E-15 ) ) ;
#1004 = ADVANCED_FACE ( 'NONE', ( #1292 ), #2565, .F. ) ;
#1005 = ADVANCED_FACE ( 'NONE', ( #5229 ), #1313, .F. ) ;
#1006 = ORIENTED_EDGE ( 'NONE', *, *, #312, .T. ) ;
#1007 = CARTESIAN_POINT ( 'NONE',  ( -1.299999999999997380, -3.660069929215019169, 0.7000000000000043965 ) ) ;
#1008 = VERTEX_POINT ( 'NONE', #3925 ) ;
#1009 = CARTESIAN_POINT ( 'NONE',  ( 1.300000000000000933, 0.2000000000000000944, 0.3999999999999954148 ) ) ;
#1010 = ORIENTED_EDGE ( 'NONE', *, *, #3463, .F. ) ;
#1011 = PLANE ( 'NONE',  #1978 ) ;
#1012 = SURFACE_STYLE_FILL_AREA ( #1929 ) ;
#1013 = CARTESIAN_POINT ( 'NONE',  ( -1.499999999999994449, 0.02500000000000006384, 1.500000000000005773 ) ) ;
#1014 = ORIENTED_EDGE ( 'NONE', *, *, #2975, .F. ) ;
#1015 = DIRECTION ( 'NONE',  ( 0.000000000000000000, 1.000000000000000000, 0.000000000000000000 ) ) ;
#1016 = EDGE_CURVE ( 'NONE', #881, #1476, #5672, .T. ) ;
#1017 = CARTESIAN_POINT ( 'NONE',  ( 1.300000000000002043, -3.660069929215019169, 0.6999999999999952927 ) ) ;
#1018 = DIRECTION ( 'NONE',  ( 3.491481338843133355E-15, -0.000000000000000000, 1.000000000000000000 ) ) ;
#1019 = ORIENTED_EDGE ( 'NONE', *, *, #954, .F. ) ;
#1020 = FILL_AREA_STYLE_COLOUR ( '', #3898 ) ;
#1021 = ORIENTED_EDGE ( 'NONE', *, *, #468, .F. ) ;
#1022 = LINE ( 'NONE', #1431, #1075 ) ;
#1023 = EDGE_CURVE ( 'NONE', #14, #2242, #1077, .T. ) ;
#1024 = DIRECTION ( 'NONE',  ( 1.000000000000000000, 0.000000000000000000, -3.252606517456511724E-15 ) ) ;
#1025 = PLANE ( 'NONE',  #2253 ) ;
#1026 = EDGE_LOOP ( 'NONE', ( #1286, #1156, #1293, #5575 ) ) ;
#1027 = EDGE_LOOP ( 'NONE', ( #3419, #4233, #4102, #4953 ) ) ;
#1028 = EDGE_CURVE ( 'NONE', #3409, #3842, #444, .T. ) ;
#1029 = LINE ( 'NONE', #4644, #5532 ) ;
#1030 = LINE ( 'NONE', #3973, #4440 ) ;
#1031 = CARTESIAN_POINT ( 'NONE',  ( -1.326711880600177862, 0.8000000000000001554, -1.201669740778645634 ) ) ;
#1032 = VERTEX_POINT ( 'NONE', #3873 ) ;
#1033 = DIRECTION ( 'NONE',  ( 1.000000000000000000, 0.000000000000000000, -4.336808689942015369E-15 ) ) ;
#1034 = ORIENTED_EDGE ( 'NONE', *, *, #1941, .F. ) ;
#1035 = EDGE_CURVE ( 'NONE', #4295, #3484, #4779, .T. ) ;
#1036 = CARTESIAN_POINT ( 'NONE',  ( -1.500000000000004219, 0.2000000000000000944, -1.099999999999994538 ) ) ;
#1037 = PRODUCT_DEFINITION_FORMATION_WITH_SPECIFIED_SOURCE ( 'ANY', '', #4570, .NOT_KNOWN. ) ;
#1038 = CARTESIAN_POINT ( 'NONE',  ( 1.499999999999998224, 0.2000000000000000944, -0.4000000000000052403 ) ) ;
#1039 = CARTESIAN_POINT ( 'NONE',  ( -1.500000000000000666, 2.168404344971008868E-16, -0.2999999999999946598 ) ) ;
#1040 = ORIENTED_EDGE ( 'NONE', *, *, #2162, .T. ) ;
#1041 = UNCERTAINTY_MEASURE_WITH_UNIT (LENGTH_MEASURE( 1.000000000000000082E-05 ), #2872, 'distance_accuracy_value', 'NONE');
#1042 = CARTESIAN_POINT ( 'NONE',  ( -1.300000000000001377, -3.660069929215019169, -0.4999999999999954481 ) ) ;
#1043 = DIRECTION ( 'NONE',  ( 1.000000000000000000, 0.000000000000000000, -3.491481338843136511E-15 ) ) ;
#1044 = AXIS2_PLACEMENT_3D ( 'NONE', #2244, #3137, #1363 ) ;
#1045 = VECTOR ( 'NONE', #2481, 1000.000000000000000 ) ;
#1046 = CYLINDRICAL_SURFACE ( 'NONE', #59, 0.1000000000000000472 ) ;
#1047 = CARTESIAN_POINT ( 'NONE',  ( 1.299999999999995826, 0.2000000000000000944, -1.100000000000004308 ) ) ;
#1048 = EDGE_LOOP ( 'NONE', ( #4116, #4518, #3800, #3254 ) ) ;
#1049 = VECTOR ( 'NONE', #1154, 1000.000000000000000 ) ;
#1050 = CARTESIAN_POINT ( 'NONE',  ( 1.500000000000004885, 0.02500000000000006384, 1.499999999999995337 ) ) ;
#1051 = EDGE_CURVE ( 'NONE', #11, #5314, #3901, .T. ) ;
#1052 = VERTEX_POINT ( 'NONE', #5149 ) ;
#1053 = AXIS2_PLACEMENT_3D ( 'NONE', #5491, #616, #5036 ) ;
#1054 = LINE ( 'NONE', #4942, #5090 ) ;
#1055 = EDGE_CURVE ( 'NONE', #4483, #3060, #2693, .T. ) ;
#1056 = DIRECTION ( 'NONE',  ( -0.000000000000000000, -1.000000000000000000, -0.000000000000000000 ) ) ;
#1057 = DIRECTION ( 'NONE',  ( 0.000000000000000000, 1.000000000000000000, 0.000000000000000000 ) ) ;
#1058 = VERTEX_POINT ( 'NONE', #488 ) ;
#1059 = ORIENTED_EDGE ( 'NONE', *, *, #982, .F. ) ;
#1060 = VECTOR ( 'NONE', #4020, 1000.000000000000000 ) ;
#1061 = FACE_OUTER_BOUND ( 'NONE', #4271, .T. ) ;
#1062 = VECTOR ( 'NONE', #3331, 1000.000000000000000 ) ;
#1063 = VECTOR ( 'NONE', #4377, 1000.000000000000000 ) ;
#1064 = EDGE_CURVE ( 'NONE', #899, #126, #61, .T. ) ;
#1065 = CIRCLE ( 'NONE', #591, 0.1000000000000000472 ) ;
#1066 = CARTESIAN_POINT ( 'NONE',  ( 1.499999999999998446, 0.2000000000000000111, -0.3000000000000051514 ) ) ;
#1067 = CARTESIAN_POINT ( 'NONE',  ( -1.326711880600177862, 0.6999999999999999556, -1.201669740778645634 ) ) ;
#1068 = ORIENTED_EDGE ( 'NONE', *, *, #5059, .T. ) ;
#1069 = CARTESIAN_POINT ( 'NONE',  ( 0.7999999999999963807, 0.2000000000000000944, -1.100000000000002975 ) ) ;
#1070 = ORIENTED_EDGE ( 'NONE', *, *, #3133, .F. ) ;
#1071 = CARTESIAN_POINT ( 'NONE',  ( -1.499999999999998446, -3.660069929215019169, 0.3000000000000051514 ) ) ;
#1072 = MECHANICAL_DESIGN_GEOMETRIC_PRESENTATION_REPRESENTATION (  '', ( #3268 ), #426 ) ;
#1073 = EDGE_CURVE ( 'NONE', #4573, #4823, #23, .T. ) ;
#1074 = CARTESIAN_POINT ( 'NONE',  ( 0.8500000000000038636, 0.2000000000000000944, 1.099999999999996758 ) ) ;
#1075 = VECTOR ( 'NONE', #2760, 1000.000000000000000 ) ;
#1076 = CARTESIAN_POINT ( 'NONE',  ( 1.499999999999998446, 0.2000000000000000944, -0.3000000000000051514 ) ) ;
#1077 = CIRCLE ( 'NONE', #3983, 0.1000000000000000472 ) ;
#1078 = VERTEX_POINT ( 'NONE', #2754 ) ;
#1079 = EDGE_CURVE ( 'NONE', #4386, #3047, #2252, .T. ) ;
#1080 = DIRECTION ( 'NONE',  ( 0.000000000000000000, 1.000000000000000000, 0.000000000000000000 ) ) ;
#1081 = CIRCLE ( 'NONE', #2344, 0.1000000000000000472 ) ;
#1082 = EDGE_CURVE ( 'NONE', #1595, #3072, #1390, .T. ) ;
#1083 = VECTOR ( 'NONE', #2727, 1000.000000000000000 ) ;
#1084 = CARTESIAN_POINT ( 'NONE',  ( 1.499999999999995781, 1.456896669277396583E-16, -1.100000000000004974 ) ) ;
#1085 = CARTESIAN_POINT ( 'NONE',  ( 1.299999999999997380, 0.02500000000000006384, -0.7000000000000046185 ) ) ;
#1086 = ORIENTED_EDGE ( 'NONE', *, *, #3924, .T. ) ;
#1087 = CARTESIAN_POINT ( 'NONE',  ( 1.500000000000001776, 0.8000000000000001554, 0.6999999999999948486 ) ) ;
#1088 = VERTEX_POINT ( 'NONE', #4829 ) ;
#1089 = CARTESIAN_POINT ( 'NONE',  ( -0.5000000000000036637, 0.2000000000000000944, -1.149999999999998357 ) ) ;
#1090 = VECTOR ( 'NONE', #1742, 1000.000000000000000 ) ;
#1091 = CARTESIAN_POINT ( 'NONE',  ( 1.200000000000003730, 0.02500000000000006384, 1.199999999999995737 ) ) ;
#1092 = FILL_AREA_STYLE_COLOUR ( '', #2524 ) ;
#1093 = ORIENTED_EDGE ( 'NONE', *, *, #48, .F. ) ;
#1094 = LINE ( 'NONE', #4196, #4756 ) ;
#1095 = VERTEX_POINT ( 'NONE', #2670 ) ;
#1096 = LINE ( 'NONE', #1121, #1518 ) ;
#1097 = CARTESIAN_POINT ( 'NONE',  ( 1.500000000000002665, 0.2000000000000000944, 0.8999999999999949152 ) ) ;
#1098 = ADVANCED_FACE ( 'NONE', ( #4468 ), #1833, .T. ) ;
#1099 = FACE_OUTER_BOUND ( 'NONE', #5379, .T. ) ;
#1100 = LINE ( 'NONE', #3774, #873 ) ;
#1101 = ORIENTED_EDGE ( 'NONE', *, *, #5101, .T. ) ;
#1102 = ORIENTED_EDGE ( 'NONE', *, *, #2039, .F. ) ;
#1103 = EDGE_CURVE ( 'NONE', #5287, #1754, #3571, .T. ) ;
#1104 = SURFACE_SIDE_STYLE ('',( #1012 ) ) ;
#1105 = DIRECTION ( 'NONE',  ( -1.000000000000000000, 0.000000000000000000, 3.491481338843133355E-15 ) ) ;
#1106 = EDGE_LOOP ( 'NONE', ( #508, #1983, #4408, #3999 ) ) ;
#1107 = FACE_OUTER_BOUND ( 'NONE', #314, .T. ) ;
#1108 = CARTESIAN_POINT ( 'NONE',  ( 1.500000000000002665, 1.456896669277396583E-16, 0.8999999999999949152 ) ) ;
#1109 = EDGE_CURVE ( 'NONE', #1893, #1931, #85, .T. ) ;
#1110 = DIRECTION ( 'NONE',  ( -1.000000000000000000, 0.000000000000000000, 3.491481338843133355E-15 ) ) ;
#1111 = CARTESIAN_POINT ( 'NONE',  ( 1.500000000000001998, -3.660069929215019169, 0.6999999999999946265 ) ) ;
#1112 = VERTEX_POINT ( 'NONE', #3594 ) ;
#1113 = EDGE_CURVE ( 'NONE', #1236, #4319, #4873, .T. ) ;
#1114 = PLANE ( 'NONE',  #3014 ) ;
#1115 = LINE ( 'NONE', #666, #1434 ) ;
#1116 = CARTESIAN_POINT ( 'NONE',  ( 1.300000000000003597, 0.2000000000000000944, 1.099999999999995204 ) ) ;
#1117 = PRESENTATION_STYLE_ASSIGNMENT (( #4107 ) ) ;
#1118 = ORIENTED_EDGE ( 'NONE', *, *, #5601, .F. ) ;
#1119 = DIRECTION ( 'NONE',  ( -1.000000000000000000, -0.000000000000000000, 3.491481338843133355E-15 ) ) ;
#1120 = VERTEX_POINT ( 'NONE', #4435 ) ;
#1121 = CARTESIAN_POINT ( 'NONE',  ( -1.299999999999995826, -3.660069929215019169, 1.100000000000004308 ) ) ;
#1122 = FACE_OUTER_BOUND ( 'NONE', #539, .T. ) ;
#1123 = LINE ( 'NONE', #5467, #2637 ) ;
#1124 = VERTEX_POINT ( 'NONE', #546 ) ;
#1125 = CARTESIAN_POINT ( 'NONE',  ( 1.499999999999994005, 0.2000000000000000944, -1.500000000000004885 ) ) ;
#1126 = ORIENTED_EDGE ( 'NONE', *, *, #2093, .T. ) ;
#1127 = CARTESIAN_POINT ( 'NONE',  ( 0.8000000000000038192, 0.2000000000000000944, 1.099999999999996980 ) ) ;
#1128 = DIRECTION ( 'NONE',  ( 0.000000000000000000, -1.000000000000000000, 0.000000000000000000 ) ) ;
#1129 = ORIENTED_EDGE ( 'NONE', *, *, #3297, .T. ) ;
#1130 = LINE ( 'NONE', #1633, #1987 ) ;
#1131 = ORIENTED_EDGE ( 'NONE', *, *, #2864, .F. ) ;
#1132 = CARTESIAN_POINT ( 'NONE',  ( -1.299999999999999378, 0.1999999999999998723, 0.1000000000000045852 ) ) ;
#1133 = CARTESIAN_POINT ( 'NONE',  ( -1.200000000000002398, 0.1999999999999998723, -0.7999999999999959366 ) ) ;
#1134 = PRESENTATION_LAYER_ASSIGNMENT (  '', '', ( #3602 ) ) ;
#1135 = EDGE_CURVE ( 'NONE', #4502, #1319, #1853, .T. ) ;
#1136 = DIRECTION ( 'NONE',  ( 1.000000000000000000, 0.000000000000000000, -3.491481338843133355E-15 ) ) ;
#1137 = FACE_OUTER_BOUND ( 'NONE', #2407, .T. ) ;
#1138 = ORIENTED_EDGE ( 'NONE', *, *, #4950, .T. ) ;
#1139 = CYLINDRICAL_SURFACE ( 'NONE', #1541, 0.1000000000000000472 ) ;
#1140 = CIRCLE ( 'NONE', #4326, 0.1000000000000000472 ) ;
#1141 = CARTESIAN_POINT ( 'NONE',  ( 1.500000000000000666, 0.02500000000000006384, 0.2999999999999946598 ) ) ;
#1142 = VECTOR ( 'NONE', #65, 1000.000000000000000 ) ;
#1143 = ORIENTED_EDGE ( 'NONE', *, *, #1670, .T. ) ;
#1144 = VECTOR ( 'NONE', #644, 1000.000000000000000 ) ;
#1145 = ORIENTED_EDGE ( 'NONE', *, *, #3522, .T. ) ;
#1146 = EDGE_CURVE ( 'NONE', #1957, #3064, #1878, .T. ) ;
#1147 = DIRECTION ( 'NONE',  ( -0.000000000000000000, -1.000000000000000000, -0.000000000000000000 ) ) ;
#1148 = DIRECTION ( 'NONE',  ( -0.000000000000000000, -1.000000000000000000, -0.000000000000000000 ) ) ;
#1149 = CIRCLE ( 'NONE', #952, 0.1000000000000000472 ) ;
#1150 = EDGE_CURVE ( 'NONE', #4655, #1956, #1643, .T. ) ;
#1151 = LINE ( 'NONE', #3913, #3089 ) ;
#1152 = VERTEX_POINT ( 'NONE', #5049 ) ;
#1153 = AXIS2_PLACEMENT_3D ( 'NONE', #831, #2157, #3934 ) ;
#1154 = DIRECTION ( 'NONE',  ( 1.000000000000000000, 0.000000000000000000, -3.491481338843133355E-15 ) ) ;
#1155 = CIRCLE ( 'NONE', #4729, 0.1000000000000000472 ) ;
#1156 = ORIENTED_EDGE ( 'NONE', *, *, #4607, .F. ) ;
#1157 = FACE_OUTER_BOUND ( 'NONE', #263, .T. ) ;
#1158 = AXIS2_PLACEMENT_3D ( 'NONE', #2677, #3603, #3523 ) ;
#1159 = CARTESIAN_POINT ( 'NONE',  ( -1.299999999999999378, 0.2000000000000000944, 0.1000000000000045852 ) ) ;
#1160 = ORIENTED_EDGE ( 'NONE', *, *, #487, .T. ) ;
#1161 = FACE_OUTER_BOUND ( 'NONE', #909, .T. ) ;
#1162 = VERTEX_POINT ( 'NONE', #5504 ) ;
#1163 = DIRECTION ( 'NONE',  ( -1.000000000000000000, 0.000000000000000000, 3.491481338843133355E-15 ) ) ;
#1164 = VECTOR ( 'NONE', #2155, 1000.000000000000000 ) ;
#1165 = VECTOR ( 'NONE', #4517, 1000.000000000000000 ) ;
#1166 = EDGE_CURVE ( 'NONE', #3061, #3460, #2486, .T. ) ;
#1167 = DIRECTION ( 'NONE',  ( 0.000000000000000000, -1.000000000000000000, 0.000000000000000000 ) ) ;
#1168 = VECTOR ( 'NONE', #2784, 1000.000000000000000 ) ;
#1169 = AXIS2_PLACEMENT_3D ( 'NONE', #821, #1761, #3067 ) ;
#1170 = FACE_OUTER_BOUND ( 'NONE', #3115, .T. ) ;
#1171 = DIRECTION ( 'NONE',  ( 1.000000000000000000, 0.000000000000000000, -3.491481338843133355E-15 ) ) ;
#1172 = ORIENTED_EDGE ( 'NONE', *, *, #3663, .T. ) ;
#1173 = DIRECTION ( 'NONE',  ( -0.000000000000000000, -1.000000000000000000, -0.000000000000000000 ) ) ;
#1174 = CARTESIAN_POINT ( 'NONE',  ( -1.300000000000003597, -3.660069929215019169, -1.099999999999995204 ) ) ;
#1175 = EDGE_CURVE ( 'NONE', #506, #2962, #2423, .T. ) ;
#1176 = CLOSED_SHELL ( 'NONE', ( #4021, #5128, #4906, #145, #5425, #2406 ) ) ;
#1177 = EDGE_LOOP ( 'NONE', ( #3184, #1591, #380, #2748 ) ) ;
#1178 = ADVANCED_FACE ( 'NONE', ( #5385 ), #4960, .F. ) ;
#1179 = VECTOR ( 'NONE', #769, 1000.000000000000000 ) ;
#1180 = CARTESIAN_POINT ( 'NONE',  ( -1.300000000000004263, 0.2000000000000000944, -1.299999999999995604 ) ) ;
#1181 = ORIENTED_EDGE ( 'NONE', *, *, #2509, .T. ) ;
#1182 = CARTESIAN_POINT ( 'NONE',  ( 1.200000000000003730, 0.2000000000000000944, 1.199999999999995737 ) ) ;
#1183 = LINE ( 'NONE', #5097, #3786 ) ;
#1184 = CARTESIAN_POINT ( 'NONE',  ( 1.299999999999999378, 0.1999999999999999278, -0.1000000000000045852 ) ) ;
#1185 = EDGE_CURVE ( 'NONE', #4805, #648, #2926, .T. ) ;
#1186 = CARTESIAN_POINT ( 'NONE',  ( -1.299999999999998712, 0.2000000000000000944, 0.3000000000000044853 ) ) ;
#1187 = DIRECTION ( 'NONE',  ( -1.000000000000000000, -0.000000000000000000, 3.491481338843133355E-15 ) ) ;
#1188 = ORIENTED_EDGE ( 'NONE', *, *, #3140, .F. ) ;
#1189 = CARTESIAN_POINT ( 'NONE',  ( -1.326711880600177862, 0.8000000000000001554, -1.201669740778645634 ) ) ;
#1190 = ORIENTED_EDGE ( 'NONE', *, *, #4671, .T. ) ;
#1191 = EDGE_CURVE ( 'NONE', #3916, #608, #3677, .T. ) ;
#1192 = PLANE ( 'NONE',  #4617 ) ;
#1193 = ORIENTED_EDGE ( 'NONE', *, *, #1781, .T. ) ;
#1194 = EDGE_LOOP ( 'NONE', ( #1559, #5343, #1335, #676 ) ) ;
#1195 = VERTEX_POINT ( 'NONE', #1132 ) ;
#1196 = DIRECTION ( 'NONE',  ( 1.000000000000000000, -0.000000000000000000, -3.491481338843133355E-15 ) ) ;
#1197 =( LENGTH_UNIT ( ) NAMED_UNIT ( * ) SI_UNIT ( .MILLI., .METRE. ) );
#1198 = DIRECTION ( 'NONE',  ( -0.000000000000000000, -1.000000000000000000, -0.000000000000000000 ) ) ;
#1199 = DIRECTION ( 'NONE',  ( -1.000000000000000000, 0.000000000000000000, 3.491481338843133355E-15 ) ) ;
#1200 = DIRECTION ( 'NONE',  ( 0.000000000000000000, -1.000000000000000000, 0.000000000000000000 ) ) ;
#1201 = ORIENTED_EDGE ( 'NONE', *, *, #770, .F. ) ;
#1202 = DIRECTION ( 'NONE',  ( -0.000000000000000000, -1.000000000000000000, 0.000000000000000000 ) ) ;
#1203 = CARTESIAN_POINT ( 'NONE',  ( 1.499999999999994005, 0.02500000000000006384, -1.500000000000004885 ) ) ;
#1204 = ADVANCED_FACE ( 'NONE', ( #5446 ), #1932, .F. ) ;
#1205 = CARTESIAN_POINT ( 'NONE',  ( -1.200000000000002398, -3.660069929215019169, -0.7999999999999959366 ) ) ;
#1206 = ORIENTED_EDGE ( 'NONE', *, *, #659, .F. ) ;
#1207 = LINE ( 'NONE', #1180, #521 ) ;
#1208 = EDGE_LOOP ( 'NONE', ( #4528, #1680, #4549, #5286, #4860 ) ) ;
#1209 = DIRECTION ( 'NONE',  ( -3.636041628507867543E-15, 0.000000000000000000, -1.000000000000000000 ) ) ;
#1210 = LINE ( 'NONE', #1712, #2628 ) ;
#1211 = CARTESIAN_POINT ( 'NONE',  ( -1.500000000000004219, 0.2000000000000000111, -1.299999999999994937 ) ) ;
#1212 = LINE ( 'NONE', #3572, #2927 ) ;
#1213 = CARTESIAN_POINT ( 'NONE',  ( -1.299999999999996936, -3.660069929215019169, 0.8000000000000044853 ) ) ;
#1214 = ORIENTED_EDGE ( 'NONE', *, *, #695, .F. ) ;
#1215 = EDGE_CURVE ( 'NONE', #4462, #5598, #4427, .T. ) ;
#1216 = CARTESIAN_POINT ( 'NONE',  ( -1.299999999999995159, -2.710505431213761085E-16, 1.300000000000004485 ) ) ;
#1217 = ORIENTED_EDGE ( 'NONE', *, *, #4574, .F. ) ;
#1218 = DIRECTION ( 'NONE',  ( 1.000000000000000000, -0.000000000000000000, -3.491481338843133355E-15 ) ) ;
#1219 = CARTESIAN_POINT ( 'NONE',  ( 1.300000000000003597, -3.660069929215019169, 1.099999999999995204 ) ) ;
#1220 = ORIENTED_EDGE ( 'NONE', *, *, #827, .F. ) ;
#1221 = ADVANCED_FACE ( 'NONE', ( #3762 ), #1599, .T. ) ;
#1222 = DIRECTION ( 'NONE',  ( 0.7071067811865445751, 0.000000000000000000, -0.7071067811865503483 ) ) ;
#1223 = VERTEX_POINT ( 'NONE', #3295 ) ;
#1224 = ORIENTED_EDGE ( 'NONE', *, *, #4505, .F. ) ;
#1225 = LINE ( 'NONE', #3013, #2813 ) ;
#1226 = LINE ( 'NONE', #3437, #2642 ) ;
#1227 = CARTESIAN_POINT ( 'NONE',  ( -1.500000000000005551, 0.8000000000000001554, -1.299999999999994937 ) ) ;
#1228 = ADVANCED_FACE ( 'NONE', ( #631 ), #690, .F. ) ;
#1229 = CARTESIAN_POINT ( 'NONE',  ( -1.500000000000001332, 0.2000000000000000944, -0.4999999999999947820 ) ) ;
#1230 = CARTESIAN_POINT ( 'NONE',  ( 1.199999999999998401, 0.2000000000000000944, -0.4000000000000041855 ) ) ;
#1231 = ORIENTED_EDGE ( 'NONE', *, *, #1533, .T. ) ;
#1232 = DIRECTION ( 'NONE',  ( 3.491481338843133355E-15, 0.000000000000000000, 1.000000000000000000 ) ) ;
#1233 = PLANE ( 'NONE',  #3804 ) ;
#1234 = DIRECTION ( 'NONE',  ( 0.000000000000000000, 1.000000000000000000, 0.000000000000000000 ) ) ;
#1235 = ORIENTED_EDGE ( 'NONE', *, *, #463, .T. ) ;
#1236 = VERTEX_POINT ( 'NONE', #2460 ) ;
#1237 = LINE ( 'NONE', #2997, #2179 ) ;
#1238 = CARTESIAN_POINT ( 'NONE',  ( -0.5000000000000036637, 0.2000000000000000944, -1.149999999999998357 ) ) ;
#1239 = DIRECTION ( 'NONE',  ( -1.000000000000000000, 0.000000000000000000, 3.252606517456511724E-15 ) ) ;
#1240 = AXIS2_PLACEMENT_3D ( 'NONE', #336, #1234, #2571 ) ;
#1241 = VECTOR ( 'NONE', #3418, 1000.000000000000000 ) ;
#1242 = DIRECTION ( 'NONE',  ( -1.000000000000000000, 0.000000000000000000, 3.468277731116981327E-15 ) ) ;
#1243 = EDGE_CURVE ( 'NONE', #1223, #3047, #876, .T. ) ;
#1244 = PLANE ( 'NONE',  #2542 ) ;
#1245 = EDGE_LOOP ( 'NONE', ( #2681, #2300, #5317, #3781 ) ) ;
#1246 = ORIENTED_EDGE ( 'NONE', *, *, #982, .T. ) ;
#1247 = VECTOR ( 'NONE', #4842, 1000.000000000000000 ) ;
#1248 = CARTESIAN_POINT ( 'NONE',  ( -1.200000000000003730, 2.168404344971008868E-16, -1.199999999999995737 ) ) ;
#1249 = EDGE_CURVE ( 'NONE', #937, #3271, #3707, .T. ) ;
#1250 = AXIS2_PLACEMENT_3D ( 'NONE', #2627, #4768, #1239 ) ;
#1251 = ORIENTED_EDGE ( 'NONE', *, *, #999, .T. ) ;
#1252 = CARTESIAN_POINT ( 'NONE',  ( 1.300000000000002709, 0.2000000000000000944, 0.8999999999999955813 ) ) ;
#1253 = ORIENTED_EDGE ( 'NONE', *, *, #5051, .F. ) ;
#1254 = EDGE_LOOP ( 'NONE', ( #5202, #339, #628, #1303 ) ) ;
#1255 = ADVANCED_FACE ( 'NONE', ( #257 ), #3740, .F. ) ;
#1256 = DIRECTION ( 'NONE',  ( 0.000000000000000000, -1.000000000000000000, 0.000000000000000000 ) ) ;
#1257 = VECTOR ( 'NONE', #3715, 1000.000000000000000 ) ;
#1258 = DIRECTION ( 'NONE',  ( 0.000000000000000000, 1.000000000000000000, 0.000000000000000000 ) ) ;
#1259 = AXIS2_PLACEMENT_3D ( 'NONE', #4463, #2304, #981 ) ;
#1260 = EDGE_CURVE ( 'NONE', #4865, #1704, #2396, .T. ) ;
#1261 = CARTESIAN_POINT ( 'NONE',  ( -1.299999999999999822, 2.168404344971008868E-16, 4.538925740496072573E-15 ) ) ;
#1262 = VECTOR ( 'NONE', #4186, 1000.000000000000000 ) ;
#1263 = LINE ( 'NONE', #3019, #4241 ) ;
#1264 = VECTOR ( 'NONE', #1209, 1000.000000000000000 ) ;
#1265 = VERTEX_POINT ( 'NONE', #1108 ) ;
#1266 = CARTESIAN_POINT ( 'NONE',  ( 1.499999999999995115, -3.660069929215019169, -1.300000000000005373 ) ) ;
#1267 = EDGE_CURVE ( 'NONE', #921, #4405, #2863, .T. ) ;
#1268 = CARTESIAN_POINT ( 'NONE',  ( 1.499999999999994005, 0.02500000000000006384, -1.500000000000004885 ) ) ;
#1269 = LINE ( 'NONE', #5546, #5330 ) ;
#1270 = AXIS2_PLACEMENT_3D ( 'NONE', #2112, #1991, #2512 ) ;
#1271 = VECTOR ( 'NONE', #3791, 1000.000000000000000 ) ;
#1272 = LINE ( 'NONE', #1205, #2710 ) ;
#1273 = ORIENTED_EDGE ( 'NONE', *, *, #4268, .T. ) ;
#1274 = EDGE_LOOP ( 'NONE', ( #242, #2466, #154, #565 ) ) ;
#1275 = DIRECTION ( 'NONE',  ( -3.491481338843133355E-15, 0.000000000000000000, -1.000000000000000000 ) ) ;
#1276 = DIRECTION ( 'NONE',  ( -1.000000000000000000, -0.000000000000000000, 3.491481338843133355E-15 ) ) ;
#1277 = CLOSED_SHELL ( 'NONE', ( #2762, #5228, #3862, #4784, #5507, #2664 ) ) ;
#1278 = CYLINDRICAL_SURFACE ( 'NONE', #1153, 0.1000000000000000472 ) ;
#1279 = CARTESIAN_POINT ( 'NONE',  ( -1.299999999999996714, 0.2000000000000000944, 0.9000000000000046851 ) ) ;
#1280 = AXIS2_PLACEMENT_3D ( 'NONE', #1261, #5568, #818 ) ;
#1281 = EDGE_LOOP ( 'NONE', ( #5570, #2507, #1535, #2308 ) ) ;
#1282 = ORIENTED_EDGE ( 'NONE', *, *, #3161, .T. ) ;
#1283 = VECTOR ( 'NONE', #4606, 1000.000000000000000 ) ;
#1284 = DIRECTION ( 'NONE',  ( -3.491481338843133355E-15, 0.000000000000000000, -1.000000000000000000 ) ) ;
#1285 = EDGE_CURVE ( 'NONE', #3659, #1265, #4212, .T. ) ;
#1286 = ORIENTED_EDGE ( 'NONE', *, *, #950, .F. ) ;
#1287 = DIRECTION ( 'NONE',  ( 1.000000000000000000, 0.000000000000000000, -4.336808689942006692E-15 ) ) ;
#1288 = EDGE_CURVE ( 'NONE', #5559, #2199, #1225, .T. ) ;
#1289 = DIRECTION ( 'NONE',  ( 1.000000000000000000, 0.000000000000000000, -3.252606517456511724E-15 ) ) ;
#1290 = FILL_AREA_STYLE_COLOUR ( '', #2352 ) ;
#1291 = EDGE_CURVE ( 'NONE', #2224, #506, #421, .T. ) ;
#1292 = FACE_OUTER_BOUND ( 'NONE', #2631, .T. ) ;
#1293 = ORIENTED_EDGE ( 'NONE', *, *, #4976, .T. ) ;
#1294 = CARTESIAN_POINT ( 'NONE',  ( -1.300000000000000933, 2.168404344971008868E-16, -0.3999999999999954148 ) ) ;
#1295 = DIRECTION ( 'NONE',  ( 0.000000000000000000, 1.000000000000000000, 0.000000000000000000 ) ) ;
#1296 = ORIENTED_EDGE ( 'NONE', *, *, #4778, .F. ) ;
#1297 = PRESENTATION_STYLE_ASSIGNMENT (( #4366 ) ) ;
#1298 = ORIENTED_EDGE ( 'NONE', *, *, #1413, .T. ) ;
#1299 = DIRECTION ( 'NONE',  ( -1.000000000000000000, 0.000000000000000000, 3.252606517456511724E-15 ) ) ;
#1300 =( NAMED_UNIT ( * ) SI_UNIT ( $, .STERADIAN. ) SOLID_ANGLE_UNIT ( ) );
#1301 = DIRECTION ( 'NONE',  ( 0.000000000000000000, -1.000000000000000000, 0.000000000000000000 ) ) ;
#1302 = EDGE_CURVE ( 'NONE', #2923, #4194, #5115, .T. ) ;
#1303 = ORIENTED_EDGE ( 'NONE', *, *, #396, .F. ) ;
#1304 = VERTEX_POINT ( 'NONE', #4716 ) ;
#1305 = VERTEX_POINT ( 'NONE', #781 ) ;
#1306 = CARTESIAN_POINT ( 'NONE',  ( -1.300000000000003819, 0.2000000000000000944, -1.199999999999995293 ) ) ;
#1307 = ORIENTED_EDGE ( 'NONE', *, *, #640, .T. ) ;
#1308 = ADVANCED_FACE ( 'NONE', ( #4754 ), #2556, .T. ) ;
#1309 = ORIENTED_EDGE ( 'NONE', *, *, #1999, .T. ) ;
#1310 = DIRECTION ( 'NONE',  ( 0.000000000000000000, 1.000000000000000000, 0.000000000000000000 ) ) ;
#1311 = EDGE_CURVE ( 'NONE', #2907, #985, #3544, .T. ) ;
#1312 = CARTESIAN_POINT ( 'NONE',  ( 1.299999999999995604, 0.02500000000000006384, -1.200000000000004396 ) ) ;
#1313 = PLANE ( 'NONE',  #1169 ) ;
#1314 = ORIENTED_EDGE ( 'NONE', *, *, #1302, .T. ) ;
#1315 = DIRECTION ( 'NONE',  ( 1.000000000000000000, 0.000000000000000000, -3.252606517456511724E-15 ) ) ;
#1316 = CARTESIAN_POINT ( 'NONE',  ( -1.299999999999995159, 0.1999999999999998723, 1.300000000000004485 ) ) ;
#1317 = EDGE_CURVE ( 'NONE', #5529, #3567, #2115, .T. ) ;
#1318 = CARTESIAN_POINT ( 'NONE',  ( -1.500000000000005995, 0.8000000000000001554, -1.499999999999994449 ) ) ;
#1319 = VERTEX_POINT ( 'NONE', #3410 ) ;
#1320 = DIRECTION ( 'NONE',  ( 3.491481338843133355E-15, 0.000000000000000000, 1.000000000000000000 ) ) ;
#1321 = ORIENTED_EDGE ( 'NONE', *, *, #3512, .F. ) ;
#1322 = FACE_OUTER_BOUND ( 'NONE', #2600, .T. ) ;
#1323 = EDGE_CURVE ( 'NONE', #5014, #724, #3896, .T. ) ;
#1324 = APPLICATION_PROTOCOL_DEFINITION ( 'draft international standard', 'automotive_design', 1998, #5083 ) ;
#1325 = AXIS2_PLACEMENT_3D ( 'NONE', #299, #1685, #4673 ) ;
#1326 = VECTOR ( 'NONE', #3701, 1000.000000000000000 ) ;
#1327 = CARTESIAN_POINT ( 'NONE',  ( 1.300000000000004263, 0.1999999999999999278, 1.299999999999995381 ) ) ;
#1328 = CARTESIAN_POINT ( 'NONE',  ( -1.299999999999997380, 1.626303258728256651E-16, 0.7000000000000043965 ) ) ;
#1329 = ORIENTED_EDGE ( 'NONE', *, *, #487, .F. ) ;
#1330 = ORIENTED_EDGE ( 'NONE', *, *, #1413, .F. ) ;
#1331 = CARTESIAN_POINT ( 'NONE',  ( 1.199999999999995515, 0.02500000000000006384, -1.200000000000003952 ) ) ;
#1332 = AXIS2_PLACEMENT_3D ( 'NONE', #2068, #3809, #5066 ) ;
#1333 = ADVANCED_FACE ( 'NONE', ( #4277 ), #3436, .F. ) ;
#1334 = VECTOR ( 'NONE', #3192, 1000.000000000000000 ) ;
#1335 = ORIENTED_EDGE ( 'NONE', *, *, #4095, .T. ) ;
#1336 = CARTESIAN_POINT ( 'NONE',  ( -1.500000000000001332, 0.2000000000000000111, -0.4999999999999947820 ) ) ;
#1337 = VERTEX_POINT ( 'NONE', #355 ) ;
#1338 = VECTOR ( 'NONE', #388, 1000.000000000000000 ) ;
#1339 = AXIS2_PLACEMENT_3D ( 'NONE', #3621, #5358, #5382 ) ;
#1340 = DIRECTION ( 'NONE',  ( 1.000000000000000000, 0.000000000000000000, -3.491481338843133355E-15 ) ) ;
#1341 = CIRCLE ( 'NONE', #4519, 0.05000000000000012768 ) ;
#1342 = VECTOR ( 'NONE', #5037, 1000.000000000000000 ) ;
#1343 = VECTOR ( 'NONE', #3400, 1000.000000000000000 ) ;
#1344 = VECTOR ( 'NONE', #5058, 1000.000000000000000 ) ;
#1345 = EDGE_CURVE ( 'NONE', #430, #1927, #2953, .T. ) ;
#1346 = ORIENTED_EDGE ( 'NONE', *, *, #2518, .T. ) ;
#1347 = CARTESIAN_POINT ( 'NONE',  ( 0.8000000000000038192, 0.02500000000000006384, 1.099999999999996980 ) ) ;
#1348 = VERTEX_POINT ( 'NONE', #3783 ) ;
#1349 = ADVANCED_FACE ( 'NONE', ( #815 ), #5594, .F. ) ;
#1350 = LINE ( 'NONE', #3104, #1444 ) ;
#1351 = AXIS2_PLACEMENT_3D ( 'NONE', #3946, #5653, #2204 ) ;
#1352 = LINE ( 'NONE', #5290, #1805 ) ;
#1353 = AXIS2_PLACEMENT_3D ( 'NONE', #931, #1607, #4664 ) ;
#1354 = EDGE_CURVE ( 'NONE', #2043, #3091, #1081, .T. ) ;
#1355 = ORIENTED_EDGE ( 'NONE', *, *, #318, .T. ) ;
#1356 = CLOSED_SHELL ( 'NONE', ( #2012, #1004, #4345, #890, #3266, #3321, #939 ) ) ;
#1357 = ORIENTED_EDGE ( 'NONE', *, *, #3478, .F. ) ;
#1358 = CARTESIAN_POINT ( 'NONE',  ( 1.499999999999996669, 0.2000000000000000944, -0.8000000000000053735 ) ) ;
#1359 = EDGE_CURVE ( 'NONE', #834, #3844, #2588, .T. ) ;
#1360 = VECTOR ( 'NONE', #2227, 1000.000000000000000 ) ;
#1361 = CARTESIAN_POINT ( 'NONE',  ( -1.326711880600177862, 0.8000000000000001554, -1.201669740778645634 ) ) ;
#1362 = ORIENTED_EDGE ( 'NONE', *, *, #959, .T. ) ;
#1363 = DIRECTION ( 'NONE',  ( 1.000000000000000000, 0.000000000000000000, -4.336808689942006692E-15 ) ) ;
#1364 = ORIENTED_EDGE ( 'NONE', *, *, #3045, .F. ) ;
#1365 = MECHANICAL_DESIGN_GEOMETRIC_PRESENTATION_REPRESENTATION (  '', ( #2098 ), #5464 ) ;
#1366 = CARTESIAN_POINT ( 'NONE',  ( -1.299999999999999822, 0.1999999999999998723, 4.538925740496072573E-15 ) ) ;
#1367 = DIRECTION ( 'NONE',  ( 1.000000000000000000, 0.000000000000000000, -3.491481338843133355E-15 ) ) ;
#1368 = DIRECTION ( 'NONE',  ( 0.7071067811865445751, 0.000000000000000000, -0.7071067811865503483 ) ) ;
#1369 = CARTESIAN_POINT ( 'NONE',  ( 1.499999999999996669, 0.2000000000000000944, -0.9000000000000054623 ) ) ;
#1370 = CARTESIAN_POINT ( 'NONE',  ( 1.299999999999999822, 0.2000000000000000944, -4.538925740496072573E-15 ) ) ;
#1371 = VERTEX_POINT ( 'NONE', #284 ) ;
#1372 = ORIENTED_EDGE ( 'NONE', *, *, #403, .T. ) ;
#1373 = DIRECTION ( 'NONE',  ( -1.000000000000000000, 0.000000000000000000, 3.468277731116981327E-15 ) ) ;
#1374 = CARTESIAN_POINT ( 'NONE',  ( -1.300000000000002043, 0.02500000000000006384, -0.6999999999999955147 ) ) ;
#1375 = ADVANCED_FACE ( 'NONE', ( #2171 ), #1757, .F. ) ;
#1376 = DIRECTION ( 'NONE',  ( -1.000000000000000000, -0.000000000000000000, 3.491481338843133355E-15 ) ) ;
#1377 = CARTESIAN_POINT ( 'NONE',  ( -0.8499999999999962030, 0.2000000000000000944, 1.100000000000003197 ) ) ;
#1378 = FILL_AREA_STYLE_COLOUR ( '', #3354 ) ;
#1379 = EDGE_LOOP ( 'NONE', ( #5530, #2079, #4328, #4844 ) ) ;
#1380 = ORIENTED_EDGE ( 'NONE', *, *, #605, .F. ) ;
#1381 = CARTESIAN_POINT ( 'NONE',  ( -1.499999999999999112, 0.02500000000000006384, 0.3000000000000051514 ) ) ;
#1382 = EDGE_CURVE ( 'NONE', #4473, #2473, #5225, .T. ) ;
#1383 = ORIENTED_EDGE ( 'NONE', *, *, #1401, .F. ) ;
#1384 = CARTESIAN_POINT ( 'NONE',  ( -1.299999999999995159, 0.2000000000000000944, 1.300000000000004707 ) ) ;
#1385 = EDGE_LOOP ( 'NONE', ( #2170, #4351, #1102, #1160, #1086 ) ) ;
#1386 = LINE ( 'NONE', #3385, #3084 ) ;
#1387 = DIRECTION ( 'NONE',  ( -0.000000000000000000, -1.000000000000000000, 0.000000000000000000 ) ) ;
#1388 = EDGE_CURVE ( 'NONE', #3863, #4835, #589, .T. ) ;
#1389 = EDGE_CURVE ( 'NONE', #3492, #1906, #839, .T. ) ;
#1390 = LINE ( 'NONE', #3513, #3191 ) ;
#1391 = ADVANCED_FACE ( 'NONE', ( #462 ), #515, .F. ) ;
#1392 = CARTESIAN_POINT ( 'NONE',  ( -1.499999999999999556, 0.000000000000000000, 5.237222008264698455E-15 ) ) ;
#1393 = DIRECTION ( 'NONE',  ( -1.000000000000000000, 0.000000000000000000, 3.491481338843133355E-15 ) ) ;
#1394 = ORIENTED_EDGE ( 'NONE', *, *, #1103, .F. ) ;
#1395 = SURFACE_STYLE_FILL_AREA ( #2782 ) ;
#1396 = ORIENTED_EDGE ( 'NONE', *, *, #4376, .T. ) ;
#1397 = CARTESIAN_POINT ( 'NONE',  ( -1.300000000000002709, 0.2000000000000000944, -0.8999999999999956923 ) ) ;
#1398 =( LENGTH_UNIT ( ) NAMED_UNIT ( * ) SI_UNIT ( .MILLI., .METRE. ) );
#1399 = FACE_OUTER_BOUND ( 'NONE', #1661, .T. ) ;
#1400 = CARTESIAN_POINT ( 'NONE',  ( 1.499999999999997113, -3.660069929215019169, -0.7000000000000052847 ) ) ;
#1401 = EDGE_CURVE ( 'NONE', #2451, #5503, #3798, .T. ) ;
#1402 = ORIENTED_EDGE ( 'NONE', *, *, #4874, .F. ) ;
#1403 = ORIENTED_EDGE ( 'NONE', *, *, #2320, .T. ) ;
#1404 = CARTESIAN_POINT ( 'NONE',  ( -1.500000000000005995, 0.8000000000000001554, -1.499999999999994449 ) ) ;
#1405 = CARTESIAN_POINT ( 'NONE',  ( -4.538925740496074151E-15, 0.000000000000000000, -1.300000000000000266 ) ) ;
#1406 = EDGE_CURVE ( 'NONE', #2295, #2379, #5276, .T. ) ;
#1407 = LINE ( 'NONE', #99, #1343 ) ;
#1408 = VERTEX_POINT ( 'NONE', #2717 ) ;
#1409 = DIRECTION ( 'NONE',  ( 0.000000000000000000, -1.000000000000000000, 0.000000000000000000 ) ) ;
#1410 = ORIENTED_EDGE ( 'NONE', *, *, #4494, .F. ) ;
#1411 = DIRECTION ( 'NONE',  ( 1.000000000000000000, 0.000000000000000000, -3.252606517456511724E-15 ) ) ;
#1412 = CIRCLE ( 'NONE', #2330, 0.1000000000000000472 ) ;
#1413 = EDGE_CURVE ( 'NONE', #126, #556, #5354, .T. ) ;
#1414 = LINE ( 'NONE', #4118, #1326 ) ;
#1415 = CIRCLE ( 'NONE', #5334, 0.1000000000000000472 ) ;
#1416 = ORIENTED_EDGE ( 'NONE', *, *, #4355, .F. ) ;
#1417 = AXIS2_PLACEMENT_3D ( 'NONE', #1481, #3230, #3675 ) ;
#1418 = EDGE_CURVE ( 'NONE', #2288, #5220, #40, .T. ) ;
#1419 = CARTESIAN_POINT ( 'NONE',  ( 1.299999999999995826, 0.2000000000000000944, -1.100000000000004308 ) ) ;
#1420 = AXIS2_PLACEMENT_3D ( 'NONE', #540, #4981, #1502 ) ;
#1421 = ADVANCED_FACE ( 'NONE', ( #103 ), #1803, .T. ) ;
#1422 = CARTESIAN_POINT ( 'NONE',  ( -1.300000000000002487, 0.2000000000000000944, -0.7999999999999956035 ) ) ;
#1423 = DIRECTION ( 'NONE',  ( 0.000000000000000000, -1.000000000000000000, 0.000000000000000000 ) ) ;
#1424 = VECTOR ( 'NONE', #2216, 1000.000000000000000 ) ;
#1425 = VECTOR ( 'NONE', #5134, 1000.000000000000000 ) ;
#1426 = CYLINDRICAL_SURFACE ( 'NONE', #486, 0.1000000000000000472 ) ;
#1427 = ORIENTED_EDGE ( 'NONE', *, *, #3175, .T. ) ;
#1428 = CARTESIAN_POINT ( 'NONE',  ( -1.299999999999998490, 0.2000000000000000944, 0.4000000000000045186 ) ) ;
#1429 = ORIENTED_EDGE ( 'NONE', *, *, #3210, .F. ) ;
#1430 = EDGE_CURVE ( 'NONE', #430, #2199, #2563, .T. ) ;
#1431 = CARTESIAN_POINT ( 'NONE',  ( 1.299999999999998712, 0.2000000000000000944, -0.3000000000000044853 ) ) ;
#1432 = EDGE_CURVE ( 'NONE', #1906, #4502, #19, .T. ) ;
#1433 = FACE_OUTER_BOUND ( 'NONE', #3616, .T. ) ;
#1434 = VECTOR ( 'NONE', #4967, 1000.000000000000000 ) ;
#1435 = DIRECTION ( 'NONE',  ( 1.000000000000000000, 0.000000000000000000, -4.336808689942015369E-15 ) ) ;
#1436 = CIRCLE ( 'NONE', #4157, 0.1000000000000000472 ) ;
#1437 =( LENGTH_UNIT ( ) NAMED_UNIT ( * ) SI_UNIT ( .MILLI., .METRE. ) );
#1438 = VERTEX_POINT ( 'NONE', #4825 ) ;
#1439 = AXIS2_PLACEMENT_3D ( 'NONE', #3257, #194, #2373 ) ;
#1440 = ORIENTED_EDGE ( 'NONE', *, *, #1406, .F. ) ;
#1441 = CYLINDRICAL_SURFACE ( 'NONE', #3253, 0.1000000000000000472 ) ;
#1442 = VECTOR ( 'NONE', #4488, 1000.000000000000000 ) ;
#1443 = PLANE ( 'NONE',  #1451 ) ;
#1444 = VECTOR ( 'NONE', #2676, 1000.000000000000000 ) ;
#1445 = VECTOR ( 'NONE', #1816, 1000.000000000000000 ) ;
#1446 = DIRECTION ( 'NONE',  ( -1.000000000000000000, 0.000000000000000000, 3.252606517456511724E-15 ) ) ;
#1447 = EDGE_LOOP ( 'NONE', ( #762, #1554, #136, #3261 ) ) ;
#1448 = DIRECTION ( 'NONE',  ( 0.000000000000000000, -1.000000000000000000, 0.000000000000000000 ) ) ;
#1449 = VERTEX_POINT ( 'NONE', #5301 ) ;
#1450 = DIRECTION ( 'NONE',  ( 1.000000000000000000, -0.000000000000000000, -3.491481338843133355E-15 ) ) ;
#1451 = AXIS2_PLACEMENT_3D ( 'NONE', #537, #5296, #975 ) ;
#1452 =( NAMED_UNIT ( * ) PLANE_ANGLE_UNIT ( ) SI_UNIT ( $, .RADIAN. ) );
#1453 = PLANE ( 'NONE',  #2711 ) ;
#1454 = ORIENTED_EDGE ( 'NONE', *, *, #4447, .T. ) ;
#1455 = AXIS2_PLACEMENT_3D ( 'NONE', #2375, #4033, #2865 ) ;
#1456 = CARTESIAN_POINT ( 'NONE',  ( 1.300000000000000266, -3.660069929215019169, 0.09999999999999550915 ) ) ;
#1457 = CIRCLE ( 'NONE', #1753, 0.05000000000000012768 ) ;
#1458 = CARTESIAN_POINT ( 'NONE',  ( 0.000000000000000000, 0.000000000000000000, 0.000000000000000000 ) ) ;
#1459 = EDGE_CURVE ( 'NONE', #1408, #506, #3510, .T. ) ;
#1460 = LINE ( 'NONE', #2728, #5617 ) ;
#1461 = VERTEX_POINT ( 'NONE', #4429 ) ;
#1462 = FILL_AREA_STYLE_COLOUR ( '', #3293 ) ;
#1463 = VERTEX_POINT ( 'NONE', #2225 ) ;
#1464 = CARTESIAN_POINT ( 'NONE',  ( -1.300000000000002043, 0.2000000000000000944, -0.6999999999999955147 ) ) ;
#1465 = DIRECTION ( 'NONE',  ( 0.000000000000000000, -1.000000000000000000, 0.000000000000000000 ) ) ;
#1466 = EDGE_CURVE ( 'NONE', #2071, #5236, #2667, .T. ) ;
#1467 = EDGE_CURVE ( 'NONE', #3212, #5307, #2175, .T. ) ;
#1468 = SURFACE_STYLE_FILL_AREA ( #968 ) ;
#1469 = VERTEX_POINT ( 'NONE', #4397 ) ;
#1470 = ORIENTED_EDGE ( 'NONE', *, *, #2331, .T. ) ;
#1471 = ADVANCED_FACE ( 'NONE', ( #3205 ), #1011, .F. ) ;
#1472 = CARTESIAN_POINT ( 'NONE',  ( 0.8499999999999965361, -3.660069929215019169, -1.100000000000003197 ) ) ;
#1473 = CARTESIAN_POINT ( 'NONE',  ( 1.499999999999994005, 0.02500000000000006384, -1.500000000000004885 ) ) ;
#1474 = ORIENTED_EDGE ( 'NONE', *, *, #4018, .T. ) ;
#1475 = DIRECTION ( 'NONE',  ( 0.000000000000000000, -1.000000000000000000, 0.000000000000000000 ) ) ;
#1476 = VERTEX_POINT ( 'NONE', #2203 ) ;
#1477 = DIRECTION ( 'NONE',  ( 1.000000000000000000, 0.000000000000000000, -3.252606517456511724E-15 ) ) ;
#1478 = VERTEX_POINT ( 'NONE', #3921 ) ;
#1479 = CARTESIAN_POINT ( 'NONE',  ( 1.300000000000002043, -2.710505431213761085E-16, 0.6999999999999952927 ) ) ;
#1480 =( NAMED_UNIT ( * ) SI_UNIT ( $, .STERADIAN. ) SOLID_ANGLE_UNIT ( ) );
#1481 = CARTESIAN_POINT ( 'NONE',  ( -1.300000000000002487, 0.02500000000000006384, -0.7999999999999956035 ) ) ;
#1482 = ORIENTED_EDGE ( 'NONE', *, *, #4066, .T. ) ;
#1483 = DIRECTION ( 'NONE',  ( 0.000000000000000000, 1.000000000000000000, 0.000000000000000000 ) ) ;
#1484 = LINE ( 'NONE', #3296, #3176 ) ;
#1485 = EDGE_CURVE ( 'NONE', #3434, #3844, #484, .T. ) ;
#1486 = PLANE ( 'NONE',  #4652 ) ;
#1487 = ORIENTED_EDGE ( 'NONE', *, *, #751, .F. ) ;
#1488 = LINE ( 'NONE', #2345, #5278 ) ;
#1489 = ORIENTED_EDGE ( 'NONE', *, *, #2691, .T. ) ;
#1490 = FACE_OUTER_BOUND ( 'NONE', #3767, .T. ) ;
#1491 = DIRECTION ( 'NONE',  ( -0.000000000000000000, -1.000000000000000000, -0.000000000000000000 ) ) ;
#1492 = EDGE_CURVE ( 'NONE', #3918, #650, #56, .T. ) ;
#1493 = CARTESIAN_POINT ( 'NONE',  ( 1.499999999999995115, -2.168404344971008868E-16, -1.300000000000005373 ) ) ;
#1494 = VERTEX_POINT ( 'NONE', #945 ) ;
#1495 = EDGE_CURVE ( 'NONE', #4323, #161, #3892, .T. ) ;
#1496 = ORIENTED_EDGE ( 'NONE', *, *, #1467, .F. ) ;
#1497 = CARTESIAN_POINT ( 'NONE',  ( 1.499999999999994005, 0.2000000000000000944, -1.500000000000004885 ) ) ;
#1498 = EDGE_CURVE ( 'NONE', #2783, #4386, #1436, .T. ) ;
#1499 = ORIENTED_EDGE ( 'NONE', *, *, #3365, .F. ) ;
#1500 = LINE ( 'NONE', #5349, #510 ) ;
#1501 = ORIENTED_EDGE ( 'NONE', *, *, #1191, .T. ) ;
#1502 = DIRECTION ( 'NONE',  ( -1.000000000000000000, 0.000000000000000000, 3.468277731116981327E-15 ) ) ;
#1503 = VERTEX_POINT ( 'NONE', #1479 ) ;
#1504 = CARTESIAN_POINT ( 'NONE',  ( -1.201669740778655404, 0.6999999999999999556, -1.201669740778646078 ) ) ;
#1505 = EDGE_CURVE ( 'NONE', #5294, #1112, #597, .T. ) ;
#1506 = SURFACE_STYLE_USAGE ( .BOTH. , #1104 ) ;
#1507 = LINE ( 'NONE', #2547, #5619 ) ;
#1508 = ORIENTED_EDGE ( 'NONE', *, *, #715, .F. ) ;
#1509 = DIRECTION ( 'NONE',  ( -3.491481338843133355E-15, 0.000000000000000000, -1.000000000000000000 ) ) ;
#1510 = PLANE ( 'NONE',  #3711 ) ;
#1511 = VECTOR ( 'NONE', #1393, 1000.000000000000000 ) ;
#1512 = VECTOR ( 'NONE', #811, 1000.000000000000000 ) ;
#1513 = LINE ( 'NONE', #3629, #895 ) ;
#1514 = EDGE_LOOP ( 'NONE', ( #3735, #2511, #3890, #1914 ) ) ;
#1515 = AXIS2_PLACEMENT_3D ( 'NONE', #2415, #275, #4614 ) ;
#1516 = FACE_OUTER_BOUND ( 'NONE', #3817, .T. ) ;
#1517 = ORIENTED_EDGE ( 'NONE', *, *, #97, .T. ) ;
#1518 = VECTOR ( 'NONE', #4084, 1000.000000000000000 ) ;
#1519 = DIRECTION ( 'NONE',  ( -1.000000000000000000, 0.000000000000000000, 3.491481338843133355E-15 ) ) ;
#1520 = FACE_OUTER_BOUND ( 'NONE', #829, .T. ) ;
#1521 = DIRECTION ( 'NONE',  ( -3.636041628507867543E-15, 0.000000000000000000, -1.000000000000000000 ) ) ;
#1522 = CIRCLE ( 'NONE', #2340, 0.1000000000000000472 ) ;
#1523 = LINE ( 'NONE', #3449, #2058 ) ;
#1524 = VERTEX_POINT ( 'NONE', #4558 ) ;
#1525 = LINE ( 'NONE', #2906, #2574 ) ;
#1526 = EDGE_LOOP ( 'NONE', ( #1126, #3103, #4283, #4585 ) ) ;
#1527 = AXIS2_PLACEMENT_3D ( 'NONE', #1839, #4838, #1788 ) ;
#1528 = LINE ( 'NONE', #5010, #1144 ) ;
#1529 = DIRECTION ( 'NONE',  ( 3.636041628507867543E-15, 0.000000000000000000, 1.000000000000000000 ) ) ;
#1530 = VECTOR ( 'NONE', #4868, 1000.000000000000000 ) ;
#1531 = EDGE_CURVE ( 'NONE', #1304, #780, #3803, .T. ) ;
#1532 = FACE_OUTER_BOUND ( 'NONE', #2096, .T. ) ;
#1533 = EDGE_CURVE ( 'NONE', #14, #1886, #3832, .T. ) ;
#1534 = CYLINDRICAL_SURFACE ( 'NONE', #4624, 0.1250421398215223190 ) ;
#1535 = ORIENTED_EDGE ( 'NONE', *, *, #2198, .T. ) ;
#1536 = CARTESIAN_POINT ( 'NONE',  ( -1.299999999999998490, -3.660069929215019169, 0.4000000000000045186 ) ) ;
#1537 = ORIENTED_EDGE ( 'NONE', *, *, #5471, .T. ) ;
#1538 = EDGE_CURVE ( 'NONE', #680, #2766, #5157, .T. ) ;
#1539 = VECTOR ( 'NONE', #436, 1000.000000000000000 ) ;
#1540 = PRESENTATION_STYLE_ASSIGNMENT (( #4524 ) ) ;
#1541 = AXIS2_PLACEMENT_3D ( 'NONE', #2869, #2027, #2846 ) ;
#1542 = FACE_OUTER_BOUND ( 'NONE', #3206, .T. ) ;
#1543 = VECTOR ( 'NONE', #4622, 1000.000000000000000 ) ;
#1544 = ORIENTED_EDGE ( 'NONE', *, *, #3650, .T. ) ;
#1545 = LINE ( 'NONE', #5502, #4821 ) ;
#1546 = ORIENTED_EDGE ( 'NONE', *, *, #4095, .F. ) ;
#1547 = AXIS2_PLACEMENT_3D ( 'NONE', #674, #2067, #5065 ) ;
#1548 = CARTESIAN_POINT ( 'NONE',  ( 1.300000000000000933, 0.2000000000000000944, 0.3999999999999954148 ) ) ;
#1549 = DIRECTION ( 'NONE',  ( -0.000000000000000000, -1.000000000000000000, -0.000000000000000000 ) ) ;
#1550 = AXIS2_PLACEMENT_3D ( 'NONE', #260, #287, #2985 ) ;
#1551 = PLANE ( 'NONE',  #4548 ) ;
#1552 = CARTESIAN_POINT ( 'NONE',  ( -1.199999999999996847, 0.1999999999999998723, 0.8000000000000041522 ) ) ;
#1553 = DIRECTION ( 'NONE',  ( 1.000000000000000000, 0.000000000000000000, -3.491481338843133355E-15 ) ) ;
#1554 = ORIENTED_EDGE ( 'NONE', *, *, #5444, .T. ) ;
#1555 = CARTESIAN_POINT ( 'NONE',  ( 1.300000000000000266, -2.168404344971008868E-16, 0.09999999999999550915 ) ) ;
#1556 = AXIS2_PLACEMENT_3D ( 'NONE', #4313, #4733, #4255 ) ;
#1557 = DIRECTION ( 'NONE',  ( -1.000000000000000000, 0.000000000000000000, 3.491481338843133355E-15 ) ) ;
#1558 = CARTESIAN_POINT ( 'NONE',  ( 1.500000000000000000, 0.2000000000000000944, 0.09999999999999481526 ) ) ;
#1559 = ORIENTED_EDGE ( 'NONE', *, *, #2039, .T. ) ;
#1560 = SURFACE_STYLE_USAGE ( .BOTH. , #3721 ) ;
#1561 = ORIENTED_EDGE ( 'NONE', *, *, #4134, .F. ) ;
#1562 = CARTESIAN_POINT ( 'NONE',  ( -3.491481338843134834E-16, 0.000000000000000000, -0.1000000000000000472 ) ) ;
#1563 = DIRECTION ( 'NONE',  ( 0.000000000000000000, 1.000000000000000000, 0.000000000000000000 ) ) ;
#1564 = FACE_OUTER_BOUND ( 'NONE', #5592, .T. ) ;
#1565 = CARTESIAN_POINT ( 'NONE',  ( -1.299999999999999822, 0.2000000000000000944, 4.538925740496072573E-15 ) ) ;
#1566 = ORIENTED_EDGE ( 'NONE', *, *, #2487, .F. ) ;
#1567 = ORIENTED_EDGE ( 'NONE', *, *, #283, .F. ) ;
#1568 = ADVANCED_FACE ( 'NONE', ( #569 ), #3229, .F. ) ;
#1569 = DIRECTION ( 'NONE',  ( 1.000000000000000000, 0.000000000000000000, -4.336808689942015369E-15 ) ) ;
#1570 = ORIENTED_EDGE ( 'NONE', *, *, #5204, .T. ) ;
#1571 = LINE ( 'NONE', #5075, #2735 ) ;
#1572 = EDGE_LOOP ( 'NONE', ( #2988, #5105, #1427, #4197 ) ) ;
#1573 = EDGE_CURVE ( 'NONE', #2766, #100, #2449, .T. ) ;
#1574 = SURFACE_SIDE_STYLE ('',( #5566 ) ) ;
#1575 = PLANE ( 'NONE',  #518 ) ;
#1576 = LINE ( 'NONE', #5026, #578 ) ;
#1577 = CARTESIAN_POINT ( 'NONE',  ( 1.500000000000004219, -3.660069929215019169, 1.299999999999994937 ) ) ;
#1578 = ORIENTED_EDGE ( 'NONE', *, *, #2054, .T. ) ;
#1579 = DIRECTION ( 'NONE',  ( -3.491481338843133355E-15, 0.000000000000000000, -1.000000000000000000 ) ) ;
#1580 = DIRECTION ( 'NONE',  ( 1.000000000000000000, -0.000000000000000000, -3.491481338843133355E-15 ) ) ;
#1581 = FILL_AREA_STYLE ('',( #1092 ) ) ;
#1582 = VERTEX_POINT ( 'NONE', #5407 ) ;
#1583 = DIRECTION ( 'NONE',  ( -0.000000000000000000, -1.000000000000000000, -0.000000000000000000 ) ) ;
#1584 = ORIENTED_EDGE ( 'NONE', *, *, #4609, .F. ) ;
#1585 = PLANE ( 'NONE',  #409 ) ;
#1586 = CARTESIAN_POINT ( 'NONE',  ( -1.201669740778655404, 0.6999999999999999556, -1.201669740778646078 ) ) ;
#1587 = DIRECTION ( 'NONE',  ( 0.000000000000000000, 1.000000000000000000, 0.000000000000000000 ) ) ;
#1588 = FACE_OUTER_BOUND ( 'NONE', #5047, .T. ) ;
#1589 = ORIENTED_EDGE ( 'NONE', *, *, #2487, .T. ) ;
#1590 = LINE ( 'NONE', #5068, #1049 ) ;
#1591 = ORIENTED_EDGE ( 'NONE', *, *, #1573, .T. ) ;
#1592 = SURFACE_SIDE_STYLE ('',( #5072 ) ) ;
#1593 = LINE ( 'NONE', #4270, #2159 ) ;
#1594 = EDGE_CURVE ( 'NONE', #2531, #4395, #298, .T. ) ;
#1595 = VERTEX_POINT ( 'NONE', #4056 ) ;
#1596 = CARTESIAN_POINT ( 'NONE',  ( -1.499999999999997780, -3.660069929215019169, 0.5000000000000052180 ) ) ;
#1597 = ORIENTED_EDGE ( 'NONE', *, *, #4681, .F. ) ;
#1598 = EDGE_CURVE ( 'NONE', #43, #1478, #2535, .T. ) ;
#1599 = CYLINDRICAL_SURFACE ( 'NONE', #4061, 0.05000000000000002359 ) ;
#1600 = LINE ( 'NONE', #3763, #5088 ) ;
#1601 = DIRECTION ( 'NONE',  ( -1.000000000000000000, 0.000000000000000000, 4.336808689942015369E-15 ) ) ;
#1602 = ADVANCED_FACE ( 'NONE', ( #1684 ), #4698, .F. ) ;
#1603 = PRESENTATION_LAYER_ASSIGNMENT (  '', '', ( #1786 ) ) ;
#1604 = DIRECTION ( 'NONE',  ( 1.000000000000000000, 0.000000000000000000, -4.336808689942015369E-15 ) ) ;
#1605 = CARTESIAN_POINT ( 'NONE',  ( -1.500000000000003553, 0.2000000000000000944, -1.099999999999994538 ) ) ;
#1606 = ORIENTED_EDGE ( 'NONE', *, *, #2165, .F. ) ;
#1607 = DIRECTION ( 'NONE',  ( 0.000000000000000000, -1.000000000000000000, 0.000000000000000000 ) ) ;
#1608 = ADVANCED_FACE ( 'NONE', ( #4117 ), #1903, .F. ) ;
#1609 = AXIS2_PLACEMENT_3D ( 'NONE', #3129, #1840, #2704 ) ;
#1610 = PLANE ( 'NONE',  #3094 ) ;
#1611 = AXIS2_PLACEMENT_3D ( 'NONE', #1814, #928, #3573 ) ;
#1612 = SURFACE_STYLE_USAGE ( .BOTH. , #1971 ) ;
#1613 = EDGE_CURVE ( 'NONE', #377, #5294, #340, .T. ) ;
#1614 = EDGE_LOOP ( 'NONE', ( #2645, #4176, #1019, #276, #4670, #1314, #1188, #1396 ) ) ;
#1615 = VECTOR ( 'NONE', #4207, 1000.000000000000000 ) ;
#1616 =( NAMED_UNIT ( * ) SI_UNIT ( $, .STERADIAN. ) SOLID_ANGLE_UNIT ( ) );
#1617 = EDGE_LOOP ( 'NONE', ( #2777, #2114, #2850, #3902 ) ) ;
#1618 = CARTESIAN_POINT ( 'NONE',  ( -1.300000000000004263, 0.2000000000000000944, -1.299999999999995604 ) ) ;
#1619 = CARTESIAN_POINT ( 'NONE',  ( 1.299999999999996714, -2.710505431213761085E-16, -0.9000000000000047962 ) ) ;
#1620 = DIRECTION ( 'NONE',  ( 0.000000000000000000, 1.000000000000000000, 0.000000000000000000 ) ) ;
#1621 = VECTOR ( 'NONE', #1792, 1000.000000000000000 ) ;
#1622 = CYLINDRICAL_SURFACE ( 'NONE', #2192, 0.1000000000000000472 ) ;
#1623 = CARTESIAN_POINT ( 'NONE',  ( -1.499999999999999556, 0.2000000000000000944, 0.1000000000000052791 ) ) ;
#1624 = VERTEX_POINT ( 'NONE', #3699 ) ;
#1625 = AXIS2_PLACEMENT_3D ( 'NONE', #4513, #5401, #645 ) ;
#1626 = MECHANICAL_DESIGN_GEOMETRIC_PRESENTATION_REPRESENTATION (  '', ( #2721 ), #2341 ) ;
#1627 = VERTEX_POINT ( 'NONE', #1036 ) ;
#1628 = AXIS2_PLACEMENT_3D ( 'NONE', #5478, #2372, #1163 ) ;
#1629 = CARTESIAN_POINT ( 'NONE',  ( -1.499999999999999334, 0.02500000000000006384, 0.1000000000000052791 ) ) ;
#1630 = VECTOR ( 'NONE', #2569, 1000.000000000000000 ) ;
#1631 = CARTESIAN_POINT ( 'NONE',  ( 1.299999999999998490, 0.02500000000000006384, -0.4000000000000045186 ) ) ;
#1632 = EDGE_LOOP ( 'NONE', ( #5094, #2905, #45, #513 ) ) ;
#1633 = CARTESIAN_POINT ( 'NONE',  ( 4.015203539669603359E-15, 0.02500000000000006384, 1.149999999999999911 ) ) ;
#1634 = ORIENTED_EDGE ( 'NONE', *, *, #1073, .F. ) ;
#1635 = ORIENTED_EDGE ( 'NONE', *, *, #3163, .F. ) ;
#1636 = VECTOR ( 'NONE', #5248, 1000.000000000000000 ) ;
#1637 = CARTESIAN_POINT ( 'NONE',  ( 0.7999999999999963807, 0.2000000000000000944, -1.100000000000002975 ) ) ;
#1638 = EDGE_CURVE ( 'NONE', #2026, #2440, #2258, .T. ) ;
#1639 = AXIS2_PLACEMENT_3D ( 'NONE', #2420, #749, #1222 ) ;
#1640 = CIRCLE ( 'NONE', #2733, 0.1000000000000000472 ) ;
#1641 = EDGE_CURVE ( 'NONE', #3863, #4062, #3249, .T. ) ;
#1642 = CARTESIAN_POINT ( 'NONE',  ( -1.300000000000001377, 2.168404344971008868E-16, -0.4999999999999954481 ) ) ;
#1643 = CIRCLE ( 'NONE', #4826, 0.1000000000000000472 ) ;
#1644 = CARTESIAN_POINT ( 'NONE',  ( 1.300000000000000266, 0.2000000000000000944, 0.09999999999999550915 ) ) ;
#1645 = LINE ( 'NONE', #1087, #2922 ) ;
#1646 = VERTEX_POINT ( 'NONE', #5578 ) ;
#1647 = FACE_OUTER_BOUND ( 'NONE', #1751, .T. ) ;
#1648 = CARTESIAN_POINT ( 'NONE',  ( -0.7999999999999958256, 0.2000000000000000944, 1.150000000000003020 ) ) ;
#1649 = CIRCLE ( 'NONE', #1749, 0.1250421398215223190 ) ;
#1650 = DIRECTION ( 'NONE',  ( -1.000000000000000000, 0.000000000000000000, 3.491481338843133355E-15 ) ) ;
#1651 = VERTEX_POINT ( 'NONE', #1618 ) ;
#1652 = VECTOR ( 'NONE', #2995, 1000.000000000000000 ) ;
#1653 = DIRECTION ( 'NONE',  ( -1.000000000000000000, 0.000000000000000000, 3.491481338843133355E-15 ) ) ;
#1654 = ORIENTED_EDGE ( 'NONE', *, *, #3787, .F. ) ;
#1655 = DIRECTION ( 'NONE',  ( -1.000000000000000000, 0.000000000000000000, 3.491481338843133355E-15 ) ) ;
#1656 = EDGE_CURVE ( 'NONE', #556, #3516, #3649, .T. ) ;
#1657 = CARTESIAN_POINT ( 'NONE',  ( 1.499999999999999556, 0.000000000000000000, -5.237222008264698455E-15 ) ) ;
#1658 = CARTESIAN_POINT ( 'NONE',  ( 1.299999999999996714, 0.2000000000000000944, -0.9000000000000049072 ) ) ;
#1659 = ADVANCED_FACE ( 'NONE', ( #2833 ), #5095, .F. ) ;
#1660 = PRESENTATION_STYLE_ASSIGNMENT (( #5557 ) ) ;
#1661 = EDGE_LOOP ( 'NONE', ( #4840, #2972, #5377, #1912 ) ) ;
#1662 = ORIENTED_EDGE ( 'NONE', *, *, #4128, .F. ) ;
#1663 = LINE ( 'NONE', #3841, #949 ) ;
#1664 = ORIENTED_EDGE ( 'NONE', *, *, #34, .T. ) ;
#1665 = FACE_OUTER_BOUND ( 'NONE', #1026, .T. ) ;
#1666 = ORIENTED_EDGE ( 'NONE', *, *, #4018, .F. ) ;
#1667 = EDGE_LOOP ( 'NONE', ( #5180, #187, #2951, #5520, #5069 ) ) ;
#1668 = DIRECTION ( 'NONE',  ( 1.000000000000000000, 0.000000000000000000, -3.252606517456511724E-15 ) ) ;
#1669 = LINE ( 'NONE', #385, #1262 ) ;
#1670 = EDGE_CURVE ( 'NONE', #1582, #1595, #884, .T. ) ;
#1671 = EDGE_CURVE ( 'NONE', #4734, #2531, #852, .T. ) ;
#1672 = CARTESIAN_POINT ( 'NONE',  ( 0.8500000000000038636, -3.660069929215019169, 1.099999999999996536 ) ) ;
#1673 = FACE_OUTER_BOUND ( 'NONE', #3829, .T. ) ;
#1674 = ORIENTED_EDGE ( 'NONE', *, *, #5017, .T. ) ;
#1675 = DIRECTION ( 'NONE',  ( 1.000000000000000000, 0.000000000000000000, -3.491481338843133355E-15 ) ) ;
#1676 = CARTESIAN_POINT ( 'NONE',  ( 1.299999999999997380, 0.1999999999999999278, -0.7000000000000046185 ) ) ;
#1677 = EDGE_CURVE ( 'NONE', #100, #1120, #3057, .T. ) ;
#1678 = DIRECTION ( 'NONE',  ( -1.000000000000000000, 0.000000000000000000, 3.491481338843133355E-15 ) ) ;
#1679 = DIRECTION ( 'NONE',  ( -1.000000000000000000, 0.000000000000000000, 3.491481338843133355E-15 ) ) ;
#1680 = ORIENTED_EDGE ( 'NONE', *, *, #497, .F. ) ;
#1681 = DIRECTION ( 'NONE',  ( 0.000000000000000000, -1.000000000000000000, 0.000000000000000000 ) ) ;
#1682 = ORIENTED_EDGE ( 'NONE', *, *, #218, .F. ) ;
#1683 = EDGE_CURVE ( 'NONE', #3240, #2822, #1744, .T. ) ;
#1684 = FACE_OUTER_BOUND ( 'NONE', #1857, .T. ) ;
#1685 = DIRECTION ( 'NONE',  ( 3.762531881964509464E-15, 0.000000000000000000, 1.000000000000000000 ) ) ;
#1686 = LINE ( 'NONE', #372, #3533 ) ;
#1687 = FACE_OUTER_BOUND ( 'NONE', #4133, .T. ) ;
#1688 = EDGE_CURVE ( 'NONE', #2705, #535, #1237, .T. ) ;
#1689 = ORIENTED_EDGE ( 'NONE', *, *, #1638, .T. ) ;
#1690 = CARTESIAN_POINT ( 'NONE',  ( -1.499999999999998446, 7.115076756936122848E-17, 0.3000000000000051514 ) ) ;
#1691 = ORIENTED_EDGE ( 'NONE', *, *, #5163, .F. ) ;
#1692 = ADVANCED_FACE ( 'NONE', ( #425 ), #3960, .F. ) ;
#1693 = CARTESIAN_POINT ( 'NONE',  ( 1.299999999999997380, 0.2000000000000000944, -0.7000000000000046185 ) ) ;
#1694 = CARTESIAN_POINT ( 'NONE',  ( -1.500000000000000000, 7.115076756936122848E-17, -0.09999999999999481526 ) ) ;
#1695 = DIRECTION ( 'NONE',  ( 1.000000000000000000, 0.000000000000000000, -3.252606517456511724E-15 ) ) ;
#1696 = ORIENTED_EDGE ( 'NONE', *, *, #266, .T. ) ;
#1697 = ORIENTED_EDGE ( 'NONE', *, *, #4563, .F. ) ;
#1698 = EDGE_CURVE ( 'NONE', #1503, #274, #4348, .T. ) ;
#1699 = DIRECTION ( 'NONE',  ( -3.491481338843133355E-15, 0.000000000000000000, -1.000000000000000000 ) ) ;
#1700 = FILL_AREA_STYLE_COLOUR ( '', #3180 ) ;
#1701 = DIRECTION ( 'NONE',  ( -1.000000000000000000, 0.000000000000000000, 3.491481338843133355E-15 ) ) ;
#1702 = LINE ( 'NONE', #55, #5428 ) ;
#1703 = DIRECTION ( 'NONE',  ( 1.000000000000000000, 0.000000000000000000, -3.252606517456511724E-15 ) ) ;
#1704 = VERTEX_POINT ( 'NONE', #3485 ) ;
#1705 = CYLINDRICAL_SURFACE ( 'NONE', #2355, 0.1000000000000000472 ) ;
#1706 = DIRECTION ( 'NONE',  ( 1.000000000000000000, 0.000000000000000000, -3.491481338843133355E-15 ) ) ;
#1707 = ORIENTED_EDGE ( 'NONE', *, *, #529, .F. ) ;
#1708 = SURFACE_STYLE_FILL_AREA ( #3930 ) ;
#1709 = ORIENTED_EDGE ( 'NONE', *, *, #2963, .F. ) ;
#1710 = VECTOR ( 'NONE', #4297, 1000.000000000000000 ) ;
#1711 = DIRECTION ( 'NONE',  ( -0.000000000000000000, -1.000000000000000000, -0.000000000000000000 ) ) ;
#1712 = CARTESIAN_POINT ( 'NONE',  ( 1.499999999999994005, 0.02500000000000006384, -1.500000000000004885 ) ) ;
#1713 = DIRECTION ( 'NONE',  ( -3.491481338843133355E-15, 0.000000000000000000, -1.000000000000000000 ) ) ;
#1714 = AXIS2_PLACEMENT_3D ( 'NONE', #2332, #4526, #3734 ) ;
#1715 = EDGE_CURVE ( 'NONE', #5521, #3379, #1889, .T. ) ;
#1716 = DIRECTION ( 'NONE',  ( 0.000000000000000000, 1.000000000000000000, 0.000000000000000000 ) ) ;
#1717 = FACE_OUTER_BOUND ( 'NONE', #2080, .T. ) ;
#1718 = ORIENTED_EDGE ( 'NONE', *, *, #111, .F. ) ;
#1719 = EDGE_LOOP ( 'NONE', ( #1206, #1936, #2478, #2843, #3868 ) ) ;
#1720 = AXIS2_PLACEMENT_3D ( 'NONE', #101, #4954, #79 ) ;
#1721 = FACE_OUTER_BOUND ( 'NONE', #1815, .T. ) ;
#1722 = EDGE_CURVE ( 'NONE', #899, #1931, #2655, .T. ) ;
#1723 = VECTOR ( 'NONE', #1894, 1000.000000000000000 ) ;
#1724 = VERTEX_POINT ( 'NONE', #4788 ) ;
#1725 = VECTOR ( 'NONE', #5639, 1000.000000000000000 ) ;
#1726 = ORIENTED_EDGE ( 'NONE', *, *, #1354, .F. ) ;
#1727 = DIRECTION ( 'NONE',  ( -3.491481338843133355E-15, 0.000000000000000000, -1.000000000000000000 ) ) ;
#1728 = VECTOR ( 'NONE', #5543, 1000.000000000000000 ) ;
#1729 = CARTESIAN_POINT ( 'NONE',  ( 0.8499999999999965361, 0.2000000000000000944, -1.100000000000003197 ) ) ;
#1730 = VECTOR ( 'NONE', #4595, 1000.000000000000000 ) ;
#1731 = EDGE_CURVE ( 'NONE', #4945, #1906, #2626, .T. ) ;
#1732 = MECHANICAL_DESIGN_GEOMETRIC_PRESENTATION_REPRESENTATION (  '', ( #4349 ), #4260 ) ;
#1733 = PLANE ( 'NONE',  #4908 ) ;
#1734 = ORIENTED_EDGE ( 'NONE', *, *, #4944, .F. ) ;
#1735 = DIRECTION ( 'NONE',  ( 0.000000000000000000, 1.000000000000000000, 0.000000000000000000 ) ) ;
#1736 = DIRECTION ( 'NONE',  ( 1.000000000000000000, 0.000000000000000000, -3.491481338843133355E-15 ) ) ;
#1737 = CIRCLE ( 'NONE', #888, 0.1000000000000000472 ) ;
#1738 = CIRCLE ( 'NONE', #431, 0.1000000000000000472 ) ;
#1739 = CIRCLE ( 'NONE', #4169, 0.1000000000000000472 ) ;
#1740 = LINE ( 'NONE', #5574, #3445 ) ;
#1741 = ORIENTED_EDGE ( 'NONE', *, *, #5545, .F. ) ;
#1742 = DIRECTION ( 'NONE',  ( 1.000000000000000000, -0.000000000000000000, -3.491481338843133355E-15 ) ) ;
#1743 = ORIENTED_EDGE ( 'NONE', *, *, #1820, .T. ) ;
#1744 = LINE ( 'NONE', #5634, #2820 ) ;
#1745 = PLANE ( 'NONE',  #5337 ) ;
#1746 = CLOSED_SHELL ( 'NONE', ( #3757, #4516, #4205, #5170, #618, #1005, #5402 ) ) ;
#1747 = CARTESIAN_POINT ( 'NONE',  ( 1.499999999999994005, 0.2000000000000000944, -1.500000000000004885 ) ) ;
#1748 = EDGE_CURVE ( 'NONE', #4923, #4573, #2550, .T. ) ;
#1749 = AXIS2_PLACEMENT_3D ( 'NONE', #2561, #5052, #4627 ) ;
#1750 = ADVANCED_FACE ( 'NONE', ( #1322 ), #3453, .F. ) ;
#1751 = EDGE_LOOP ( 'NONE', ( #3559, #3501, #73, #2042, #4521 ) ) ;
#1752 = ORIENTED_EDGE ( 'NONE', *, *, #1135, .T. ) ;
#1753 = AXIS2_PLACEMENT_3D ( 'NONE', #1973, #2189, #2213 ) ;
#1754 = VERTEX_POINT ( 'NONE', #3932 ) ;
#1755 = CARTESIAN_POINT ( 'NONE',  ( -1.200000000000001066, 2.168404344971008868E-16, -0.3999999999999957478 ) ) ;
#1756 = EDGE_LOOP ( 'NONE', ( #2770, #5633, #1793, #1416 ) ) ;
#1757 = PLANE ( 'NONE',  #2724 ) ;
#1758 = EDGE_CURVE ( 'NONE', #2319, #3755, #5189, .T. ) ;
#1759 = FILL_AREA_STYLE ('',( #1290 ) ) ;
#1760 = DIRECTION ( 'NONE',  ( -0.000000000000000000, -1.000000000000000000, -0.000000000000000000 ) ) ;
#1761 = DIRECTION ( 'NONE',  ( 1.000000000000000000, 0.000000000000000000, -3.491481338843133355E-15 ) ) ;
#1762 = VERTEX_POINT ( 'NONE', #3521 ) ;
#1763 = DIRECTION ( 'NONE',  ( -3.491481338843133355E-15, 0.000000000000000000, -1.000000000000000000 ) ) ;
#1764 = VERTEX_POINT ( 'NONE', #5259 ) ;
#1765 = CARTESIAN_POINT ( 'NONE',  ( 1.499999999999997780, 0.2000000000000000944, -0.5000000000000052180 ) ) ;
#1766 = ORIENTED_EDGE ( 'NONE', *, *, #2515, .F. ) ;
#1767 = EDGE_CURVE ( 'NONE', #161, #1931, #1350, .T. ) ;
#1768 = DIRECTION ( 'NONE',  ( 0.000000000000000000, -1.000000000000000000, 0.000000000000000000 ) ) ;
#1769 = ORIENTED_EDGE ( 'NONE', *, *, #5283, .F. ) ;
#1770 = ORIENTED_EDGE ( 'NONE', *, *, #4288, .F. ) ;
#1771 = ORIENTED_EDGE ( 'NONE', *, *, #1872, .F. ) ;
#1772 = DIRECTION ( 'NONE',  ( 1.000000000000000000, 0.000000000000000000, -3.491481338843136511E-15 ) ) ;
#1773 = ORIENTED_EDGE ( 'NONE', *, *, #4439, .T. ) ;
#1774 = DIRECTION ( 'NONE',  ( 1.000000000000000000, 0.000000000000000000, -3.491481338843133355E-15 ) ) ;
#1775 = EDGE_CURVE ( 'NONE', #3101, #2002, #4387, .T. ) ;
#1776 = EDGE_CURVE ( 'NONE', #2287, #2962, #3577, .T. ) ;
#1777 = CARTESIAN_POINT ( 'NONE',  ( -1.199999999999996847, 2.168404344971008868E-16, 0.8000000000000041522 ) ) ;
#1778 = EDGE_CURVE ( 'NONE', #4395, #115, #3990, .T. ) ;
#1779 = DIRECTION ( 'NONE',  ( -0.000000000000000000, -1.000000000000000000, -0.000000000000000000 ) ) ;
#1780 = ORIENTED_EDGE ( 'NONE', *, *, #1016, .T. ) ;
#1781 = EDGE_CURVE ( 'NONE', #1624, #3968, #4966, .T. ) ;
#1782 =( NAMED_UNIT ( * ) SI_UNIT ( $, .STERADIAN. ) SOLID_ANGLE_UNIT ( ) );
#1783 = ORIENTED_EDGE ( 'NONE', *, *, #4565, .T. ) ;
#1784 = CARTESIAN_POINT ( 'NONE',  ( 1.300000000000000933, 0.1999999999999998723, 0.3999999999999954148 ) ) ;
#1785 =( NAMED_UNIT ( * ) PLANE_ANGLE_UNIT ( ) SI_UNIT ( $, .RADIAN. ) );
#1786 = STYLED_ITEM ( 'NONE', ( #427 ), #5325 ) ;
#1787 = PRESENTATION_LAYER_ASSIGNMENT (  '', '', ( #4229 ) ) ;
#1788 = DIRECTION ( 'NONE',  ( -1.000000000000000000, 0.000000000000000000, 4.336808689942015369E-15 ) ) ;
#1789 = EDGE_CURVE ( 'NONE', #2296, #4503, #4883, .T. ) ;
#1790 = EDGE_CURVE ( 'NONE', #4989, #1095, #5308, .T. ) ;
#1791 = ORIENTED_EDGE ( 'NONE', *, *, #5059, .F. ) ;
#1792 = DIRECTION ( 'NONE',  ( -1.000000000000000000, 0.000000000000000000, 3.491481338843133355E-15 ) ) ;
#1793 = ORIENTED_EDGE ( 'NONE', *, *, #4049, .T. ) ;
#1794 = FACE_OUTER_BOUND ( 'NONE', #1106, .T. ) ;
#1795 = AXIS2_PLACEMENT_3D ( 'NONE', #365, #3853, #1650 ) ;
#1796 = VECTOR ( 'NONE', #1218, 1000.000000000000000 ) ;
#1797 = ORIENTED_EDGE ( 'NONE', *, *, #557, .T. ) ;
#1798 = DIRECTION ( 'NONE',  ( 0.000000000000000000, 1.000000000000000000, 0.000000000000000000 ) ) ;
#1799 = ORIENTED_EDGE ( 'NONE', *, *, #4778, .T. ) ;
#1800 = VECTOR ( 'NONE', #3112, 1000.000000000000000 ) ;
#1801 = CARTESIAN_POINT ( 'NONE',  ( -1.076627600957133168, 0.8000000000000001554, -1.201669740778646522 ) ) ;
#1802 = CIRCLE ( 'NONE', #5172, 0.1000000000000000472 ) ;
#1803 = CYLINDRICAL_SURFACE ( 'NONE', #3977, 0.1000000000000000472 ) ;
#1804 = DIRECTION ( 'NONE',  ( -3.491481338843133355E-15, 0.000000000000000000, -1.000000000000000000 ) ) ;
#1805 = VECTOR ( 'NONE', #3554, 1000.000000000000000 ) ;
#1806 = UNCERTAINTY_MEASURE_WITH_UNIT (LENGTH_MEASURE( 1.000000000000000082E-05 ), #1197, 'distance_accuracy_value', 'NONE');
#1807 = ADVANCED_FACE ( 'NONE', ( #4915 ), #4103, .T. ) ;
#1808 = CIRCLE ( 'NONE', #3540, 0.1000000000000000472 ) ;
#1809 = VECTOR ( 'NONE', #247, 1000.000000000000000 ) ;
#1810 = AXIS2_PLACEMENT_3D ( 'NONE', #4900, #1387, #3539 ) ;
#1811 = AXIS2_PLACEMENT_3D ( 'NONE', #1860, #2761, #528 ) ;
#1812 = DIRECTION ( 'NONE',  ( -3.491481338843133355E-15, 0.000000000000000000, -1.000000000000000000 ) ) ;
#1813 = AXIS2_PLACEMENT_3D ( 'NONE', #2938, #4223, #5217 ) ;
#1814 = CARTESIAN_POINT ( 'NONE',  ( 1.299999999999996936, 0.2000000000000000944, -0.8000000000000047073 ) ) ;
#1815 = EDGE_LOOP ( 'NONE', ( #2053, #4600, #717, #2886 ) ) ;
#1816 = DIRECTION ( 'NONE',  ( -3.491481338843133355E-15, 0.000000000000000000, -1.000000000000000000 ) ) ;
#1817 = ORIENTED_EDGE ( 'NONE', *, *, #1485, .T. ) ;
#1818 = LINE ( 'NONE', #451, #4797 ) ;
#1819 = DIRECTION ( 'NONE',  ( -1.000000000000000000, 0.000000000000000000, 3.252606517456511724E-15 ) ) ;
#1820 = EDGE_CURVE ( 'NONE', #1868, #4319, #2732, .T. ) ;
#1821 = VECTOR ( 'NONE', #3768, 1000.000000000000000 ) ;
#1822 = CARTESIAN_POINT ( 'NONE',  ( 1.499999999999998890, 0.8000000000000001554, -0.1000000000000052791 ) ) ;
#1823 = ORIENTED_EDGE ( 'NONE', *, *, #3565, .F. ) ;
#1824 = EDGE_CURVE ( 'NONE', #3883, #937, #1054, .T. ) ;
#1825 = ORIENTED_EDGE ( 'NONE', *, *, #243, .F. ) ;
#1826 = VECTOR ( 'NONE', #1310, 1000.000000000000000 ) ;
#1827 = CARTESIAN_POINT ( 'NONE',  ( -1.299999999999995826, 0.02500000000000006384, 1.100000000000004308 ) ) ;
#1828 = CIRCLE ( 'NONE', #986, 0.1000000000000000472 ) ;
#1829 = DIRECTION ( 'NONE',  ( 0.000000000000000000, 1.000000000000000000, 0.000000000000000000 ) ) ;
#1830 = FACE_OUTER_BOUND ( 'NONE', #31, .T. ) ;
#1831 = AXIS2_PLACEMENT_3D ( 'NONE', #1428, #3185, #4407 ) ;
#1832 = CARTESIAN_POINT ( 'NONE',  ( 1.499999999999994005, 0.8000000000000001554, -1.500000000000004885 ) ) ;
#1833 = CYLINDRICAL_SURFACE ( 'NONE', #2650, 0.1000000000000000472 ) ;
#1834 = CARTESIAN_POINT ( 'NONE',  ( 1.300000000000003597, 0.1999999999999999278, 1.099999999999995204 ) ) ;
#1835 = ORIENTED_EDGE ( 'NONE', *, *, #1082, .F. ) ;
#1836 = LINE ( 'NONE', #1858, #5560 ) ;
#1837 = ORIENTED_EDGE ( 'NONE', *, *, #3427, .T. ) ;
#1838 = LINE ( 'NONE', #3933, #5247 ) ;
#1839 = CARTESIAN_POINT ( 'NONE',  ( -1.299999999999995604, 0.2000000000000000944, 1.200000000000004396 ) ) ;
#1840 = DIRECTION ( 'NONE',  ( 0.000000000000000000, -1.000000000000000000, 0.000000000000000000 ) ) ;
#1841 = ORIENTED_EDGE ( 'NONE', *, *, #1185, .T. ) ;
#1842 = EDGE_CURVE ( 'NONE', #1078, #4462, #2816, .T. ) ;
#1843 = ORIENTED_EDGE ( 'NONE', *, *, #5204, .F. ) ;
#1844 = FACE_OUTER_BOUND ( 'NONE', #4631, .T. ) ;
#1845 = EDGE_CURVE ( 'NONE', #5234, #1305, #3601, .T. ) ;
#1846 = CARTESIAN_POINT ( 'NONE',  ( 1.299999999999998490, 0.2000000000000000944, -0.4000000000000045186 ) ) ;
#1847 = VERTEX_POINT ( 'NONE', #3215 ) ;
#1848 = DIRECTION ( 'NONE',  ( 3.491481338843133355E-15, -0.000000000000000000, 1.000000000000000000 ) ) ;
#1849 = VERTEX_POINT ( 'NONE', #5338 ) ;
#1850 = EDGE_CURVE ( 'NONE', #4466, #3484, #1022, .T. ) ;
#1851 = CARTESIAN_POINT ( 'NONE',  ( -1.499999999999998446, -3.660069929215019169, 0.3000000000000051514 ) ) ;
#1852 = ORIENTED_EDGE ( 'NONE', *, *, #1767, .F. ) ;
#1853 = LINE ( 'NONE', #1419, #4078 ) ;
#1854 = DIRECTION ( 'NONE',  ( -0.000000000000000000, 1.000000000000000000, -0.000000000000000000 ) ) ;
#1855 = CARTESIAN_POINT ( 'NONE',  ( 1.300000000000002709, -2.168404344971008868E-16, 0.8999999999999954703 ) ) ;
#1856 = DIRECTION ( 'NONE',  ( -1.000000000000000000, 0.000000000000000000, 3.491481338843133355E-15 ) ) ;
#1857 = EDGE_LOOP ( 'NONE', ( #390, #4790, #102, #3744 ) ) ;
#1858 = CARTESIAN_POINT ( 'NONE',  ( -0.5000000000000037748, -3.660069929215019169, -1.149999999999998135 ) ) ;
#1859 = ORIENTED_EDGE ( 'NONE', *, *, #3912, .F. ) ;
#1860 = CARTESIAN_POINT ( 'NONE',  ( 0.000000000000000000, 0.000000000000000000, 0.000000000000000000 ) ) ;
#1861 = CYLINDRICAL_SURFACE ( 'NONE', #1958, 0.1000000000000000472 ) ;
#1862 = ORIENTED_EDGE ( 'NONE', *, *, #4122, .T. ) ;
#1863 = LINE ( 'NONE', #558, #708 ) ;
#1864 = ORIENTED_EDGE ( 'NONE', *, *, #1594, .T. ) ;
#1865 = CARTESIAN_POINT ( 'NONE',  ( 1.299999999999995159, 0.1999999999999999278, -1.300000000000004485 ) ) ;
#1866 = ORIENTED_EDGE ( 'NONE', *, *, #2572, .F. ) ;
#1867 = FACE_OUTER_BOUND ( 'NONE', #3186, .T. ) ;
#1868 = VERTEX_POINT ( 'NONE', #581 ) ;
#1869 = FACE_OUTER_BOUND ( 'NONE', #3810, .T. ) ;
#1870 = VERTEX_POINT ( 'NONE', #156 ) ;
#1871 = CARTESIAN_POINT ( 'NONE',  ( 1.299999999999996936, 0.2000000000000000944, -0.8000000000000047073 ) ) ;
#1872 = EDGE_CURVE ( 'NONE', #2931, #4323, #4476, .T. ) ;
#1873 = DIRECTION ( 'NONE',  ( 3.636041628507867543E-15, 0.000000000000000000, 1.000000000000000000 ) ) ;
#1874 = STYLED_ITEM ( 'NONE', ( #1117 ), #2741 ) ;
#1875 = ORIENTED_EDGE ( 'NONE', *, *, #2246, .T. ) ;
#1876 = VECTOR ( 'NONE', #2065, 1000.000000000000000 ) ;
#1877 = ADVANCED_FACE ( 'NONE', ( #1490 ), #4541, .F. ) ;
#1878 = LINE ( 'NONE', #1456, #3277 ) ;
#1879 = VECTOR ( 'NONE', #1848, 1000.000000000000000 ) ;
#1880 =( NAMED_UNIT ( * ) SI_UNIT ( $, .STERADIAN. ) SOLID_ANGLE_UNIT ( ) );
#1881 = FACE_OUTER_BOUND ( 'NONE', #1208, .T. ) ;
#1882 = VECTOR ( 'NONE', #3077, 1000.000000000000000 ) ;
#1883 = PRESENTATION_LAYER_ASSIGNMENT (  '', '', ( #4525 ) ) ;
#1884 = CARTESIAN_POINT ( 'NONE',  ( -1.300000000000000933, -3.660069929215019169, -0.3999999999999954148 ) ) ;
#1885 = ORIENTED_EDGE ( 'NONE', *, *, #2981, .F. ) ;
#1886 = VERTEX_POINT ( 'NONE', #4632 ) ;
#1887 = CARTESIAN_POINT ( 'NONE',  ( 0.8000000000000038192, 0.2000000000000000944, 1.099999999999996980 ) ) ;
#1888 = DIRECTION ( 'NONE',  ( -1.000000000000000000, 0.000000000000000000, 3.491481338843133355E-15 ) ) ;
#1889 = CIRCLE ( 'NONE', #4065, 0.1000000000000000472 ) ;
#1890 = DIRECTION ( 'NONE',  ( 0.000000000000000000, 1.000000000000000000, 0.000000000000000000 ) ) ;
#1891 = ORIENTED_EDGE ( 'NONE', *, *, #3585, .F. ) ;
#1892 = PRESENTATION_LAYER_ASSIGNMENT (  '', '', ( #4349 ) ) ;
#1893 = VERTEX_POINT ( 'NONE', #1089 ) ;
#1894 = DIRECTION ( 'NONE',  ( -0.000000000000000000, -1.000000000000000000, -0.000000000000000000 ) ) ;
#1895 = EDGE_CURVE ( 'NONE', #5503, #3166, #5121, .T. ) ;
#1896 = VECTOR ( 'NONE', #4952, 1000.000000000000000 ) ;
#1897 = VECTOR ( 'NONE', #3825, 1000.000000000000000 ) ;
#1898 = CIRCLE ( 'NONE', #335, 0.1000000000000000472 ) ;
#1899 = LINE ( 'NONE', #4023, #1442 ) ;
#1900 = ORIENTED_EDGE ( 'NONE', *, *, #5576, .T. ) ;
#1901 = DIRECTION ( 'NONE',  ( 1.000000000000000000, 0.000000000000000000, -3.491481338843133355E-15 ) ) ;
#1902 = ORIENTED_EDGE ( 'NONE', *, *, #3717, .T. ) ;
#1903 = PLANE ( 'NONE',  #5267 ) ;
#1904 = CIRCLE ( 'NONE', #5103, 0.1000000000000000472 ) ;
#1905 = FACE_OUTER_BOUND ( 'NONE', #1756, .T. ) ;
#1906 = VERTEX_POINT ( 'NONE', #3388 ) ;
#1907 = CIRCLE ( 'NONE', #5460, 0.1000000000000000472 ) ;
#1908 = ADVANCED_FACE ( 'NONE', ( #2403 ), #3325, .F. ) ;
#1909 = DIRECTION ( 'NONE',  ( 1.000000000000000000, -0.000000000000000000, -3.491481338843133355E-15 ) ) ;
#1910 = DIRECTION ( 'NONE',  ( -1.000000000000000000, 0.000000000000000000, 3.491481338843133355E-15 ) ) ;
#1911 = DIRECTION ( 'NONE',  ( 1.000000000000000000, 0.000000000000000000, -3.491481338843133355E-15 ) ) ;
#1912 = ORIENTED_EDGE ( 'NONE', *, *, #1533, .F. ) ;
#1913 = PRESENTATION_STYLE_ASSIGNMENT (( #153 ) ) ;
#1914 = ORIENTED_EDGE ( 'NONE', *, *, #4924, .T. ) ;
#1915 = DIRECTION ( 'NONE',  ( 1.000000000000000000, -0.000000000000000000, -3.491481338843133355E-15 ) ) ;
#1916 = ADVANCED_FACE ( 'NONE', ( #1647 ), #636, .T. ) ;
#1917 = FACE_OUTER_BOUND ( 'NONE', #3111, .T. ) ;
#1918 = CARTESIAN_POINT ( 'NONE',  ( 1.300000000000001377, 0.1999999999999999278, 0.4999999999999954481 ) ) ;
#1919 = ORIENTED_EDGE ( 'NONE', *, *, #3427, .F. ) ;
#1920 = LINE ( 'NONE', #4971, #3904 ) ;
#1921 = VERTEX_POINT ( 'NONE', #5542 ) ;
#1922 = DIRECTION ( 'NONE',  ( -0.000000000000000000, 1.000000000000000000, -0.000000000000000000 ) ) ;
#1923 = ORIENTED_EDGE ( 'NONE', *, *, #4318, .T. ) ;
#1924 = DIRECTION ( 'NONE',  ( -1.000000000000000000, 0.000000000000000000, 2.168404344971007685E-15 ) ) ;
#1925 = ORIENTED_EDGE ( 'NONE', *, *, #1789, .T. ) ;
#1926 = CARTESIAN_POINT ( 'NONE',  ( 1.500000000000000000, 0.2000000000000000111, 0.09999999999999481526 ) ) ;
#1927 = VERTEX_POINT ( 'NONE', #3793 ) ;
#1928 = CARTESIAN_POINT ( 'NONE',  ( -1.500000000000004219, 0.02500000000000006384, -1.299999999999994937 ) ) ;
#1929 = FILL_AREA_STYLE ('',( #105 ) ) ;
#1930 = PLANE ( 'NONE',  #3610 ) ;
#1931 = VERTEX_POINT ( 'NONE', #4218 ) ;
#1932 = PLANE ( 'NONE',  #342 ) ;
#1933 = ADVANCED_FACE ( 'NONE', ( #2959 ), #1139, .F. ) ;
#1934 = EDGE_CURVE ( 'NONE', #3755, #919, #760, .T. ) ;
#1935 = DIRECTION ( 'NONE',  ( -0.000000000000000000, -1.000000000000000000, -0.000000000000000000 ) ) ;
#1936 = ORIENTED_EDGE ( 'NONE', *, *, #3279, .F. ) ;
#1937 = CARTESIAN_POINT ( 'NONE',  ( 1.300000000000002043, 0.2000000000000000944, 0.6999999999999952927 ) ) ;
#1938 = EDGE_LOOP ( 'NONE', ( #3220, #3632, #1372, #4927 ) ) ;
#1939 = EDGE_CURVE ( 'NONE', #834, #1162, #4536, .T. ) ;
#1940 = DIRECTION ( 'NONE',  ( 1.000000000000000000, 0.000000000000000000, -3.252606517456511724E-15 ) ) ;
#1941 = EDGE_CURVE ( 'NONE', #4502, #382, #3682, .T. ) ;
#1942 = PRESENTATION_STYLE_ASSIGNMENT (( #2934 ) ) ;
#1943 = ORIENTED_EDGE ( 'NONE', *, *, #2691, .F. ) ;
#1944 = CARTESIAN_POINT ( 'NONE',  ( 3.840629472727446691E-15, 0.000000000000000000, 1.099999999999999867 ) ) ;
#1945 = ORIENTED_EDGE ( 'NONE', *, *, #1748, .F. ) ;
#1946 = CARTESIAN_POINT ( 'NONE',  ( 1.199999999999999734, 0.2000000000000000944, -4.189777606611758449E-15 ) ) ;
#1947 = DIRECTION ( 'NONE',  ( -3.491481338843133355E-15, 0.000000000000000000, -1.000000000000000000 ) ) ;
#1948 = ADVANCED_FACE ( 'NONE', ( #664 ), #1998, .F. ) ;
#1949 = FACE_OUTER_BOUND ( 'NONE', #916, .T. ) ;
#1950 = EDGE_LOOP ( 'NONE', ( #2797, #3131, #3529, #1697 ) ) ;
#1951 = CARTESIAN_POINT ( 'NONE',  ( 0.7999999999999963807, -3.660069929215019169, -1.100000000000002975 ) ) ;
#1952 = VERTEX_POINT ( 'NONE', #1967 ) ;
#1953 = DIRECTION ( 'NONE',  ( -1.000000000000000000, 0.000000000000000000, 3.491481338843133355E-15 ) ) ;
#1954 = VECTOR ( 'NONE', #1985, 1000.000000000000000 ) ;
#1955 = FACE_OUTER_BOUND ( 'NONE', #3286, .T. ) ;
#1956 = VERTEX_POINT ( 'NONE', #2523 ) ;
#1957 = VERTEX_POINT ( 'NONE', #1555 ) ;
#1958 = AXIS2_PLACEMENT_3D ( 'NONE', #3604, #934, #1435 ) ;
#1959 = DIRECTION ( 'NONE',  ( 0.000000000000000000, -1.000000000000000000, 0.000000000000000000 ) ) ;
#1960 = VECTOR ( 'NONE', #4110, 1000.000000000000000 ) ;
#1961 = ADVANCED_FACE ( 'NONE', ( #3745 ), #4575, .F. ) ;
#1962 = DIRECTION ( 'NONE',  ( -0.000000000000000000, -1.000000000000000000, -0.000000000000000000 ) ) ;
#1963 = DIRECTION ( 'NONE',  ( 1.000000000000000000, -0.000000000000000000, -3.491481338843133355E-15 ) ) ;
#1964 = VECTOR ( 'NONE', #1199, 1000.000000000000000 ) ;
#1965 = DIRECTION ( 'NONE',  ( 1.000000000000000000, -0.000000000000000000, -3.491481338843133355E-15 ) ) ;
#1966 = ORIENTED_EDGE ( 'NONE', *, *, #2604, .F. ) ;
#1967 = CARTESIAN_POINT ( 'NONE',  ( 1.299999999999999378, -2.710505431213761085E-16, -0.1000000000000045852 ) ) ;
#1968 = LINE ( 'NONE', #3302, #133 ) ;
#1969 = VECTOR ( 'NONE', #2133, 1000.000000000000000 ) ;
#1970 = COLOUR_RGB ( '',1.000000000000000000, 1.000000000000000000, 1.000000000000000000 ) ;
#1971 = SURFACE_SIDE_STYLE ('',( #639 ) ) ;
#1972 = ORIENTED_EDGE ( 'NONE', *, *, #5480, .F. ) ;
#1973 = CARTESIAN_POINT ( 'NONE',  ( 0.7999999999999963807, 0.02500000000000006384, -1.100000000000002975 ) ) ;
#1974 = ORIENTED_EDGE ( 'NONE', *, *, #1389, .T. ) ;
#1975 = AXIS2_PLACEMENT_3D ( 'NONE', #2933, #5152, #824 ) ;
#1976 = DIRECTION ( 'NONE',  ( -0.000000000000000000, -1.000000000000000000, -0.000000000000000000 ) ) ;
#1977 = DIRECTION ( 'NONE',  ( 1.000000000000000000, 0.000000000000000000, -3.491481338843133355E-15 ) ) ;
#1978 = AXIS2_PLACEMENT_3D ( 'NONE', #3979, #4356, #440 ) ;
#1979 =( GEOMETRIC_REPRESENTATION_CONTEXT ( 3 ) GLOBAL_UNCERTAINTY_ASSIGNED_CONTEXT ( ( #3294 ) ) GLOBAL_UNIT_ASSIGNED_CONTEXT ( ( #4398, #2613, #3095 ) ) REPRESENTATION_CONTEXT ( 'NONE', 'WORKASPACE' ) );
#1980 = DIRECTION ( 'NONE',  ( 1.000000000000000000, -0.000000000000000000, -3.491481338843133355E-15 ) ) ;
#1981 = DIRECTION ( 'NONE',  ( -0.000000000000000000, -1.000000000000000000, -0.000000000000000000 ) ) ;
#1982 = EDGE_LOOP ( 'NONE', ( #455, #4791, #655, #4663 ) ) ;
#1983 = ORIENTED_EDGE ( 'NONE', *, *, #3392, .F. ) ;
#1984 = AXIS2_PLACEMENT_3D ( 'NONE', #460, #2638, #4298 ) ;
#1985 = DIRECTION ( 'NONE',  ( -0.000000000000000000, 1.000000000000000000, -0.000000000000000000 ) ) ;
#1986 = ADVANCED_FACE ( 'NONE', ( #2055 ), #5001, .T. ) ;
#1987 = VECTOR ( 'NONE', #2979, 1000.000000000000000 ) ;
#1988 = CARTESIAN_POINT ( 'NONE',  ( -1.201669740778655404, 0.6999999999999999556, -1.201669740778646078 ) ) ;
#1989 = PRESENTATION_LAYER_ASSIGNMENT (  '', '', ( #5452 ) ) ;
#1990 = ORIENTED_EDGE ( 'NONE', *, *, #1775, .T. ) ;
#1991 = DIRECTION ( 'NONE',  ( 0.000000000000000000, 1.000000000000000000, 0.000000000000000000 ) ) ;
#1992 = EDGE_LOOP ( 'NONE', ( #4780, #3339, #5067, #3976 ) ) ;
#1993 = DIRECTION ( 'NONE',  ( 3.491481338843133355E-15, -0.000000000000000000, 1.000000000000000000 ) ) ;
#1994 = AXIS2_PLACEMENT_3D ( 'NONE', #3412, #696, #4214 ) ;
#1995 = DIRECTION ( 'NONE',  ( 0.000000000000000000, 1.000000000000000000, 0.000000000000000000 ) ) ;
#1996 = CYLINDRICAL_SURFACE ( 'NONE', #2186, 0.1000000000000000472 ) ;
#1997 = ORIENTED_EDGE ( 'NONE', *, *, #1820, .F. ) ;
#1998 = PLANE ( 'NONE',  #4434 ) ;
#1999 = EDGE_CURVE ( 'NONE', #2552, #1304, #5056, .T. ) ;
#2000 = LINE ( 'NONE', #3795, #3361 ) ;
#2001 = PLANE ( 'NONE',  #408 ) ;
#2002 = VERTEX_POINT ( 'NONE', #2467 ) ;
#2003 =( NAMED_UNIT ( * ) PLANE_ANGLE_UNIT ( ) SI_UNIT ( $, .RADIAN. ) );
#2004 = ORIENTED_EDGE ( 'NONE', *, *, #5396, .F. ) ;
#2005 = DIRECTION ( 'NONE',  ( -0.000000000000000000, -1.000000000000000000, -0.000000000000000000 ) ) ;
#2006 = ADVANCED_FACE ( 'NONE', ( #5029 ), #1114, .F. ) ;
#2007 = CARTESIAN_POINT ( 'NONE',  ( 1.299999999999998046, 0.1999999999999999278, -0.5000000000000045519 ) ) ;
#2008 = DIRECTION ( 'NONE',  ( -1.000000000000000000, 0.000000000000000000, 3.491481338843133355E-15 ) ) ;
#2009 = EDGE_LOOP ( 'NONE', ( #5609, #2129, #2212, #1923 ) ) ;
#2010 = PLANE ( 'NONE',  #1515 ) ;
#2011 = ORIENTED_EDGE ( 'NONE', *, *, #568, .F. ) ;
#2012 = ADVANCED_FACE ( 'NONE', ( #2492 ), #1705, .T. ) ;
#2013 = FILL_AREA_STYLE_COLOUR ( '', #5327 ) ;
#2014 = DIRECTION ( 'NONE',  ( 1.000000000000000000, 0.000000000000000000, -3.491481338843133355E-15 ) ) ;
#2015 = EDGE_LOOP ( 'NONE', ( #4005, #1902, #225, #7, #5484 ) ) ;
#2016 = LINE ( 'NONE', #3782, #5195 ) ;
#2017 = ORIENTED_EDGE ( 'NONE', *, *, #1055, .F. ) ;
#2018 = EDGE_CURVE ( 'NONE', #94, #3415, #445, .T. ) ;
#2019 = DIRECTION ( 'NONE',  ( 0.000000000000000000, 1.000000000000000000, 0.000000000000000000 ) ) ;
#2020 = DIRECTION ( 'NONE',  ( 3.491481338843133355E-15, -0.000000000000000000, 1.000000000000000000 ) ) ;
#2021 = CARTESIAN_POINT ( 'NONE',  ( 1.500000000000003553, -3.660069929215019169, 1.099999999999994538 ) ) ;
#2022 = ADVANCED_FACE ( 'NONE', ( #5151 ), #4726, .F. ) ;
#2023 = CARTESIAN_POINT ( 'NONE',  ( -1.299999999999998490, 0.02500000000000006384, 0.4000000000000045186 ) ) ;
#2024 = CARTESIAN_POINT ( 'NONE',  ( 1.300000000000000711, 0.2000000000000000944, 0.2999999999999953815 ) ) ;
#2025 = DIRECTION ( 'NONE',  ( -1.000000000000000000, -0.000000000000000000, 3.491481338843133355E-15 ) ) ;
#2026 = VERTEX_POINT ( 'NONE', #5627 ) ;
#2027 = DIRECTION ( 'NONE',  ( 0.000000000000000000, -1.000000000000000000, 0.000000000000000000 ) ) ;
#2028 = DIRECTION ( 'NONE',  ( 1.000000000000000000, 0.000000000000000000, -3.491481338843133355E-15 ) ) ;
#2029 = VERTEX_POINT ( 'NONE', #2182 ) ;
#2030 = CARTESIAN_POINT ( 'NONE',  ( -0.7999999999999958256, 0.02500000000000006384, 1.150000000000002798 ) ) ;
#2031 = ORIENTED_EDGE ( 'NONE', *, *, #5573, .F. ) ;
#2032 = CARTESIAN_POINT ( 'NONE',  ( -1.745740669421566678E-15, 0.000000000000000000, -0.5000000000000000000 ) ) ;
#2033 = CARTESIAN_POINT ( 'NONE',  ( 1.499999999999996669, -3.660069929215019169, -0.9000000000000054623 ) ) ;
#2034 = DIRECTION ( 'NONE',  ( 0.000000000000000000, -1.000000000000000000, 0.000000000000000000 ) ) ;
#2035 = EDGE_CURVE ( 'NONE', #4704, #5541, #2121, .T. ) ;
#2036 = DIRECTION ( 'NONE',  ( 1.000000000000000000, 0.000000000000000000, -3.468277731116981327E-15 ) ) ;
#2037 = ORIENTED_EDGE ( 'NONE', *, *, #1598, .T. ) ;
#2038 = VERTEX_POINT ( 'NONE', #4781 ) ;
#2039 = EDGE_CURVE ( 'NONE', #4418, #2224, #1738, .T. ) ;
#2040 =( LENGTH_UNIT ( ) NAMED_UNIT ( * ) SI_UNIT ( .MILLI., .METRE. ) );
#2041 = CARTESIAN_POINT ( 'NONE',  ( -1.299999999999995604, 0.2000000000000000944, 1.200000000000004396 ) ) ;
#2042 = ORIENTED_EDGE ( 'NONE', *, *, #1215, .T. ) ;
#2043 = VERTEX_POINT ( 'NONE', #5656 ) ;
#2044 = ORIENTED_EDGE ( 'NONE', *, *, #4671, .F. ) ;
#2045 = DIRECTION ( 'NONE',  ( 0.000000000000000000, 1.000000000000000000, 0.000000000000000000 ) ) ;
#2046 = CIRCLE ( 'NONE', #204, 0.1000000000000000472 ) ;
#2047 = CARTESIAN_POINT ( 'NONE',  ( 0.7999999999999961586, 0.1999999999999998723, -1.150000000000003020 ) ) ;
#2048 = MECHANICAL_DESIGN_GEOMETRIC_PRESENTATION_REPRESENTATION (  '', ( #1786 ), #660 ) ;
#2049 = CARTESIAN_POINT ( 'NONE',  ( 1.300000000000004263, 0.2000000000000000944, 1.299999999999995604 ) ) ;
#2050 =( GEOMETRIC_REPRESENTATION_CONTEXT ( 3 ) GLOBAL_UNCERTAINTY_ASSIGNED_CONTEXT ( ( #870 ) ) GLOBAL_UNIT_ASSIGNED_CONTEXT ( ( #2281, #1452, #1480 ) ) REPRESENTATION_CONTEXT ( 'NONE', 'WORKASPACE' ) );
#2051 = CYLINDRICAL_SURFACE ( 'NONE', #1044, 0.05000000000000012768 ) ;
#2052 = CARTESIAN_POINT ( 'NONE',  ( -1.499999999999995115, 0.2000000000000000944, 1.300000000000005373 ) ) ;
#2053 = ORIENTED_EDGE ( 'NONE', *, *, #3833, .T. ) ;
#2054 = EDGE_CURVE ( 'NONE', #3968, #826, #3897, .T. ) ;
#2055 = FACE_OUTER_BOUND ( 'NONE', #5618, .T. ) ;
#2056 = AXIS2_PLACEMENT_3D ( 'NONE', #4693, #4783, #1678 ) ;
#2057 = LINE ( 'NONE', #4285, #220 ) ;
#2058 = VECTOR ( 'NONE', #3499, 1000.000000000000000 ) ;
#2059 = SURFACE_SIDE_STYLE ('',( #293 ) ) ;
#2060 = ORIENTED_EDGE ( 'NONE', *, *, #4379, .F. ) ;
#2061 = AXIS2_PLACEMENT_3D ( 'NONE', #2455, #3813, #5110 ) ;
#2062 = LINE ( 'NONE', #2408, #5206 ) ;
#2063 = EDGE_LOOP ( 'NONE', ( #1741, #5186, #3158, #1770, #4274 ) ) ;
#2064 = DIRECTION ( 'NONE',  ( 1.000000000000000000, 0.000000000000000000, -3.491481338843133355E-15 ) ) ;
#2065 = DIRECTION ( 'NONE',  ( -1.000000000000000000, -0.000000000000000000, 3.491481338843133355E-15 ) ) ;
#2066 = DIRECTION ( 'NONE',  ( -1.000000000000000000, 0.000000000000000000, 3.252606517456511724E-15 ) ) ;
#2067 = DIRECTION ( 'NONE',  ( -1.000000000000000000, 0.000000000000000000, 3.491481338843133355E-15 ) ) ;
#2068 = CARTESIAN_POINT ( 'NONE',  ( -1.299999999999999822, -3.660069929215019169, 4.538925740496072573E-15 ) ) ;
#2069 = ORIENTED_EDGE ( 'NONE', *, *, #4, .F. ) ;
#2070 = AXIS2_PLACEMENT_3D ( 'NONE', #5159, #1301, #2066 ) ;
#2071 = VERTEX_POINT ( 'NONE', #3048 ) ;
#2072 = VECTOR ( 'NONE', #4686, 1000.000000000000000 ) ;
#2073 = ADVANCED_FACE ( 'NONE', ( #5571, #4801 ), #3926, .T. ) ;
#2074 = AXIS2_PLACEMENT_3D ( 'NONE', #199, #4039, #1557 ) ;
#2075 = CARTESIAN_POINT ( 'NONE',  ( -1.499999999999997113, 0.02500000000000006384, 0.7000000000000050626 ) ) ;
#2076 = ORIENTED_EDGE ( 'NONE', *, *, #1311, .F. ) ;
#2077 = AXIS2_PLACEMENT_3D ( 'NONE', #4257, #5129, #5436 ) ;
#2078 = DIRECTION ( 'NONE',  ( 1.000000000000000000, 0.000000000000000000, -3.491481338843133355E-15 ) ) ;
#2079 = ORIENTED_EDGE ( 'NONE', *, *, #1613, .F. ) ;
#2080 = EDGE_LOOP ( 'NONE', ( #1566, #4853, #338, #2004 ) ) ;
#2081 = STYLED_ITEM ( 'NONE', ( #840 ), #4577 ) ;
#2082 = CARTESIAN_POINT ( 'NONE',  ( 0.8499999999999965361, 0.1999999999999998723, -1.100000000000003197 ) ) ;
#2083 = AXIS2_PLACEMENT_3D ( 'NONE', #5020, #315, #3377 ) ;
#2084 = FACE_OUTER_BOUND ( 'NONE', #1719, .T. ) ;
#2085 = CARTESIAN_POINT ( 'NONE',  ( -1.299999999999995604, 0.02500000000000006384, 1.200000000000004396 ) ) ;
#2086 = DIRECTION ( 'NONE',  ( -3.491481338843133355E-15, 0.000000000000000000, -1.000000000000000000 ) ) ;
#2087 = EDGE_CURVE ( 'NONE', #5649, #2958, #3875, .T. ) ;
#2088 = CIRCLE ( 'NONE', #146, 0.1000000000000000472 ) ;
#2089 = CARTESIAN_POINT ( 'NONE',  ( -1.300000000000000711, 0.2000000000000000944, -0.2999999999999953815 ) ) ;
#2090 = ORIENTED_EDGE ( 'NONE', *, *, #3145, .T. ) ;
#2091 = DIRECTION ( 'NONE',  ( 0.000000000000000000, 1.000000000000000000, 0.000000000000000000 ) ) ;
#2092 = DIRECTION ( 'NONE',  ( 0.000000000000000000, 1.000000000000000000, 0.000000000000000000 ) ) ;
#2093 = EDGE_CURVE ( 'NONE', #274, #1921, #5181, .T. ) ;
#2094 = AXIS2_PLACEMENT_3D ( 'NONE', #4201, #5554, #3808 ) ;
#2095 = DIRECTION ( 'NONE',  ( 1.000000000000000000, 0.000000000000000000, -3.491481338843133355E-15 ) ) ;
#2096 = EDGE_LOOP ( 'NONE', ( #5150, #4855, #5498, #2675, #2621, #2485, #1380, #2573, #4759, #4393, #4159, #3332, #2402, #1919, #4003, #3670, #4593, #5162, #2272, #432, #5222, #2223, #4114, #2312, #3698, #4385, #2214, #3037, #1010, #3244, #4390, #5668 ) ) ;
#2097 = ADVANCED_FACE ( 'NONE', ( #4362 ), #4329, .F. ) ;
#2098 = STYLED_ITEM ( 'NONE', ( #3305 ), #686 ) ;
#2099 = CARTESIAN_POINT ( 'NONE',  ( -1.300000000000002487, 0.2000000000000000944, -0.7999999999999956035 ) ) ;
#2100 = ORIENTED_EDGE ( 'NONE', *, *, #1722, .T. ) ;
#2101 = DIRECTION ( 'NONE',  ( -0.000000000000000000, 1.000000000000000000, -0.000000000000000000 ) ) ;
#2102 = CARTESIAN_POINT ( 'NONE',  ( 1.745740669421566678E-15, 0.02500000000000006384, 0.5000000000000000000 ) ) ;
#2103 = CARTESIAN_POINT ( 'NONE',  ( -1.300000000000001377, 0.2000000000000000944, -0.4999999999999954481 ) ) ;
#2104 = EDGE_CURVE ( 'NONE', #915, #1058, #4760, .T. ) ;
#2105 = DIRECTION ( 'NONE',  ( 3.491481338843133355E-15, 0.000000000000000000, 1.000000000000000000 ) ) ;
#2106 = ORIENTED_EDGE ( 'NONE', *, *, #1064, .T. ) ;
#2107 = DIRECTION ( 'NONE',  ( 0.000000000000000000, -1.000000000000000000, 0.000000000000000000 ) ) ;
#2108 = VERTEX_POINT ( 'NONE', #2594 ) ;
#2109 = CARTESIAN_POINT ( 'NONE',  ( -1.499999999999995115, -3.660069929215019169, 1.300000000000005373 ) ) ;
#2110 = DIRECTION ( 'NONE',  ( 1.000000000000000000, 0.000000000000000000, -3.491481338843133355E-15 ) ) ;
#2111 = VERTEX_POINT ( 'NONE', #3416 ) ;
#2112 = CARTESIAN_POINT ( 'NONE',  ( -1.300000000000002487, -3.660069929215019169, -0.7999999999999956035 ) ) ;
#2113 = ORIENTED_EDGE ( 'NONE', *, *, #625, .F. ) ;
#2114 = ORIENTED_EDGE ( 'NONE', *, *, #5614, .F. ) ;
#2115 = LINE ( 'NONE', #4324, #2072 ) ;
#2116 = DIRECTION ( 'NONE',  ( -0.000000000000000000, 1.000000000000000000, -0.000000000000000000 ) ) ;
#2117 = CARTESIAN_POINT ( 'NONE',  ( -1.300000000000000711, 0.1999999999999999278, -0.2999999999999953815 ) ) ;
#2118 = ADVANCED_FACE ( 'NONE', ( #4307 ), #3477, .F. ) ;
#2119 = DIRECTION ( 'NONE',  ( 0.000000000000000000, -1.000000000000000000, 0.000000000000000000 ) ) ;
#2120 = VERTEX_POINT ( 'NONE', #2989 ) ;
#2121 = LINE ( 'NONE', #3851, #4168 ) ;
#2122 = LINE ( 'NONE', #3826, #1630 ) ;
#2123 = ADVANCED_FACE ( 'NONE', ( #4592 ), #2551, .T. ) ;
#2124 = CARTESIAN_POINT ( 'NONE',  ( -1.500000000000000666, 0.02500000000000006384, -0.2999999999999946598 ) ) ;
#2125 =( NAMED_UNIT ( * ) PLANE_ANGLE_UNIT ( ) SI_UNIT ( $, .RADIAN. ) );
#2126 = EDGE_LOOP ( 'NONE', ( #3582, #1118, #66, #4888, #1489 ) ) ;
#2127 = ADVANCED_FACE ( 'NONE', ( #3736 ), #4272, .F. ) ;
#2128 = LINE ( 'NONE', #3483, #348 ) ;
#2129 = ORIENTED_EDGE ( 'NONE', *, *, #1166, .F. ) ;
#2130 = DIRECTION ( 'NONE',  ( 1.000000000000000000, 0.000000000000000000, -3.491481338843133355E-15 ) ) ;
#2131 = DIRECTION ( 'NONE',  ( 1.000000000000000000, 0.000000000000000000, 0.000000000000000000 ) ) ;
#2132 = EDGE_CURVE ( 'NONE', #3722, #4923, #1545, .T. ) ;
#2133 = DIRECTION ( 'NONE',  ( 1.000000000000000000, -0.000000000000000000, -3.491481338843133355E-15 ) ) ;
#2134 = EDGE_CURVE ( 'NONE', #1646, #1337, #3317, .T. ) ;
#2135 = DIRECTION ( 'NONE',  ( 0.000000000000000000, 1.000000000000000000, 0.000000000000000000 ) ) ;
#2136 = EDGE_LOOP ( 'NONE', ( #1517, #3359, #3837, #2044 ) ) ;
#2137 = EDGE_CURVE ( 'NONE', #4295, #608, #4148, .T. ) ;
#2138 = VERTEX_POINT ( 'NONE', #5046 ) ;
#2139 = ADVANCED_FACE ( 'NONE', ( #2458 ), #3340, .T. ) ;
#2140 = CARTESIAN_POINT ( 'NONE',  ( -1.300000000000002709, 0.2000000000000000944, -0.8999999999999956923 ) ) ;
#2141 = CYLINDRICAL_SURFACE ( 'NONE', #3469, 0.1000000000000000472 ) ;
#2142 = ORIENTED_EDGE ( 'NONE', *, *, #1941, .T. ) ;
#2143 = CARTESIAN_POINT ( 'NONE',  ( 1.500000000000000000, -3.660069929215019169, 0.09999999999999481526 ) ) ;
#2144 = CARTESIAN_POINT ( 'NONE',  ( 1.500000000000002665, 0.2000000000000000944, 0.8999999999999950262 ) ) ;
#2145 = CARTESIAN_POINT ( 'NONE',  ( 1.500000000000002665, 0.8000000000000001554, 0.8999999999999950262 ) ) ;
#2146 = ORIENTED_EDGE ( 'NONE', *, *, #4919, .F. ) ;
#2147 = DIRECTION ( 'NONE',  ( 0.000000000000000000, 1.000000000000000000, 0.000000000000000000 ) ) ;
#2148 = DIRECTION ( 'NONE',  ( 1.000000000000000000, 0.000000000000000000, -3.491481338843133355E-15 ) ) ;
#2149 = LINE ( 'NONE', #5123, #1241 ) ;
#2150 = EDGE_CURVE ( 'NONE', #858, #5194, #255, .T. ) ;
#2151 = ORIENTED_EDGE ( 'NONE', *, *, #4281, .F. ) ;
#2152 = CARTESIAN_POINT ( 'NONE',  ( -1.500000000000000666, 0.2000000000000000944, -0.2999999999999946598 ) ) ;
#2153 = VERTEX_POINT ( 'NONE', #3407 ) ;
#2154 =( GEOMETRIC_REPRESENTATION_CONTEXT ( 3 ) GLOBAL_UNCERTAINTY_ASSIGNED_CONTEXT ( ( #226 ) ) GLOBAL_UNIT_ASSIGNED_CONTEXT ( ( #2040, #349, #4707 ) ) REPRESENTATION_CONTEXT ( 'NONE', 'WORKASPACE' ) );
#2155 = DIRECTION ( 'NONE',  ( 0.000000000000000000, 1.000000000000000000, 0.000000000000000000 ) ) ;
#2156 = LINE ( 'NONE', #2474, #3344 ) ;
#2157 = DIRECTION ( 'NONE',  ( 0.000000000000000000, 1.000000000000000000, 0.000000000000000000 ) ) ;
#2158 = VECTOR ( 'NONE', #5124, 1000.000000000000000 ) ;
#2159 = VECTOR ( 'NONE', #5073, 1000.000000000000000 ) ;
#2160 = DIRECTION ( 'NONE',  ( -3.491481338843133355E-15, 0.000000000000000000, -1.000000000000000000 ) ) ;
#2161 = ORIENTED_EDGE ( 'NONE', *, *, #5270, .F. ) ;
#2162 = EDGE_CURVE ( 'NONE', #4062, #16, #599, .T. ) ;
#2163 = ORIENTED_EDGE ( 'NONE', *, *, #1345, .F. ) ;
#2164 = VECTOR ( 'NONE', #5497, 1000.000000000000000 ) ;
#2165 = EDGE_CURVE ( 'NONE', #1052, #653, #1130, .T. ) ;
#2166 = AXIS2_PLACEMENT_3D ( 'NONE', #2579, #2999, #4700 ) ;
#2167 = EDGE_LOOP ( 'NONE', ( #4637, #2368, #5326, #1355 ) ) ;
#2168 = VECTOR ( 'NONE', #1981, 1000.000000000000000 ) ;
#2169 = FACE_OUTER_BOUND ( 'NONE', #4052, .T. ) ;
#2170 = ORIENTED_EDGE ( 'NONE', *, *, #1459, .T. ) ;
#2171 = FACE_OUTER_BOUND ( 'NONE', #1254, .T. ) ;
#2172 = EDGE_CURVE ( 'NONE', #2768, #88, #2016, .T. ) ;
#2173 = AXIS2_PLACEMENT_3D ( 'NONE', #574, #2840, #1043 ) ;
#2174 = DIRECTION ( 'NONE',  ( -0.000000000000000000, -1.000000000000000000, -0.000000000000000000 ) ) ;
#2175 = CIRCLE ( 'NONE', #5351, 0.1000000000000000472 ) ;
#2176 = DIRECTION ( 'NONE',  ( -0.000000000000000000, -1.000000000000000000, 0.000000000000000000 ) ) ;
#2177 = ADVANCED_FACE ( 'NONE', ( #1161 ), #5475, .F. ) ;
#2178 = AXIS2_PLACEMENT_3D ( 'NONE', #4717, #1258, #784 ) ;
#2179 = VECTOR ( 'NONE', #4735, 1000.000000000000000 ) ;
#2180 = DIRECTION ( 'NONE',  ( -1.000000000000000000, 0.000000000000000000, 4.336808689942015369E-15 ) ) ;
#2181 = EDGE_LOOP ( 'NONE', ( #3891, #222, #2069, #1584 ) ) ;
#2182 = CARTESIAN_POINT ( 'NONE',  ( 1.199999999999999734, 0.2000000000000000944, -4.189777606611758449E-15 ) ) ;
#2183 = CARTESIAN_POINT ( 'NONE',  ( 1.499999999999994671, 0.8000000000000001554, -1.300000000000005373 ) ) ;
#2184 = CIRCLE ( 'NONE', #3272, 0.1000000000000000472 ) ;
#2185 = FACE_OUTER_BOUND ( 'NONE', #3443, .T. ) ;
#2186 = AXIS2_PLACEMENT_3D ( 'NONE', #3712, #2930, #634 ) ;
#2187 = FACE_OUTER_BOUND ( 'NONE', #4126, .T. ) ;
#2188 = ORIENTED_EDGE ( 'NONE', *, *, #5216, .T. ) ;
#2189 = DIRECTION ( 'NONE',  ( 0.000000000000000000, -1.000000000000000000, 0.000000000000000000 ) ) ;
#2190 = ORIENTED_EDGE ( 'NONE', *, *, #5580, .F. ) ;
#2191 = CARTESIAN_POINT ( 'NONE',  ( -0.7999999999999960476, 2.168404344971008868E-16, 1.100000000000002975 ) ) ;
#2192 = AXIS2_PLACEMENT_3D ( 'NONE', #2826, #3366, #4646 ) ;
#2193 = LINE ( 'NONE', #3128, #4246 ) ;
#2194 = VECTOR ( 'NONE', #1716, 1000.000000000000000 ) ;
#2195 = EDGE_LOOP ( 'NONE', ( #5207, #1059, #1362, #3681 ) ) ;
#2196 = ORIENTED_EDGE ( 'NONE', *, *, #4824, .F. ) ;
#2197 = CIRCLE ( 'NONE', #4087, 0.1000000000000000472 ) ;
#2198 = EDGE_CURVE ( 'NONE', #4462, #5521, #1571, .T. ) ;
#2199 = VERTEX_POINT ( 'NONE', #2887 ) ;
#2200 = DIRECTION ( 'NONE',  ( -0.000000000000000000, -1.000000000000000000, -0.000000000000000000 ) ) ;
#2201 = EDGE_LOOP ( 'NONE', ( #461, #779, #5584, #563, #2898 ) ) ;
#2202 = ADVANCED_FACE ( 'NONE', ( #1665 ), #2924, .F. ) ;
#2203 = CARTESIAN_POINT ( 'NONE',  ( -1.499999999999997113, 0.1999999999999998723, 0.7000000000000049516 ) ) ;
#2204 = DIRECTION ( 'NONE',  ( 3.263228249898816653E-15, 0.000000000000000000, 1.000000000000000000 ) ) ;
#2205 = CARTESIAN_POINT ( 'NONE',  ( -0.8499999999999962030, 0.1999999999999998723, 1.100000000000003197 ) ) ;
#2206 = EDGE_CURVE ( 'NONE', #2598, #3775, #5092, .T. ) ;
#2207 = PLANE ( 'NONE',  #4358 ) ;
#2208 = DIRECTION ( 'NONE',  ( 3.491481338843133355E-15, 0.000000000000000000, 1.000000000000000000 ) ) ;
#2209 = ADVANCED_FACE ( 'NONE', ( #1107 ), #2861, .F. ) ;
#2210 = LINE ( 'NONE', #2183, #502 ) ;
#2211 = CARTESIAN_POINT ( 'NONE',  ( -1.199999999999995515, -6.505213034913026604E-16, 1.200000000000003952 ) ) ;
#2212 = ORIENTED_EDGE ( 'NONE', *, *, #2873, .F. ) ;
#2213 = DIRECTION ( 'NONE',  ( -1.000000000000000000, 0.000000000000000000, 4.336808689942006692E-15 ) ) ;
#2214 = ORIENTED_EDGE ( 'NONE', *, *, #3578, .F. ) ;
#2215 = DIRECTION ( 'NONE',  ( -0.000000000000000000, -1.000000000000000000, -0.000000000000000000 ) ) ;
#2216 = DIRECTION ( 'NONE',  ( -3.491481338843133355E-15, 0.000000000000000000, -1.000000000000000000 ) ) ;
#2217 = DIRECTION ( 'NONE',  ( -1.000000000000000000, 0.000000000000000000, 3.491481338843133355E-15 ) ) ;
#2218 = ORIENTED_EDGE ( 'NONE', *, *, #5300, .F. ) ;
#2219 = VERTEX_POINT ( 'NONE', #862 ) ;
#2220 = DIRECTION ( 'NONE',  ( 1.000000000000000000, 0.000000000000000000, -2.168404344971007685E-15 ) ) ;
#2221 = ORIENTED_EDGE ( 'NONE', *, *, #1778, .F. ) ;
#2222 = CARTESIAN_POINT ( 'NONE',  ( -1.300000000000003819, 2.168404344971008868E-16, -1.199999999999995293 ) ) ;
#2223 = ORIENTED_EDGE ( 'NONE', *, *, #894, .F. ) ;
#2224 = VERTEX_POINT ( 'NONE', #1755 ) ;
#2225 = CARTESIAN_POINT ( 'NONE',  ( -1.499999999999996447, 0.02500000000000006384, 1.100000000000004974 ) ) ;
#2226 = PLANE ( 'NONE',  #1351 ) ;
#2227 = DIRECTION ( 'NONE',  ( 1.000000000000000000, 0.000000000000000000, -3.491481338843133355E-15 ) ) ;
#2228 = MECHANICAL_DESIGN_GEOMETRIC_PRESENTATION_REPRESENTATION (  '', ( #4229 ), #2050 ) ;
#2229 = LINE ( 'NONE', #3953, #116 ) ;
#2230 = ORIENTED_EDGE ( 'NONE', *, *, #2324, .F. ) ;
#2231 = DIRECTION ( 'NONE',  ( 1.000000000000000000, 0.000000000000000000, -3.491481338843133355E-15 ) ) ;
#2232 = ORIENTED_EDGE ( 'NONE', *, *, #990, .T. ) ;
#2233 = SURFACE_STYLE_FILL_AREA ( #3909 ) ;
#2234 = PLANE ( 'NONE',  #3888 ) ;
#2235 = ADVANCED_FACE ( 'NONE', ( #3009 ), #3919, .F. ) ;
#2236 = DIRECTION ( 'NONE',  ( 1.000000000000000000, 0.000000000000000000, -3.491481338843133355E-15 ) ) ;
#2237 = SURFACE_STYLE_FILL_AREA ( #475 ) ;
#2238 = ORIENTED_EDGE ( 'NONE', *, *, #3463, .T. ) ;
#2239 = VERTEX_POINT ( 'NONE', #5591 ) ;
#2240 = CARTESIAN_POINT ( 'NONE',  ( -1.500000000000005995, 0.2000000000000000944, -1.499999999999994449 ) ) ;
#2241 = CIRCLE ( 'NONE', #3785, 0.1000000000000000472 ) ;
#2242 = VERTEX_POINT ( 'NONE', #3090 ) ;
#2243 = DIRECTION ( 'NONE',  ( 0.000000000000000000, 1.000000000000000000, 0.000000000000000000 ) ) ;
#2244 = CARTESIAN_POINT ( 'NONE',  ( -0.7999999999999960476, -3.660069929215019169, 1.100000000000002975 ) ) ;
#2245 = AXIS2_PLACEMENT_3D ( 'NONE', #2394, #5409, #4904 ) ;
#2246 = EDGE_CURVE ( 'NONE', #3646, #3324, #4352, .T. ) ;
#2247 = SURFACE_SIDE_STYLE ('',( #20 ) ) ;
#2248 = VECTOR ( 'NONE', #2793, 1000.000000000000000 ) ;
#2249 = EDGE_CURVE ( 'NONE', #1008, #1463, #3433, .T. ) ;
#2250 = UNCERTAINTY_MEASURE_WITH_UNIT (LENGTH_MEASURE( 1.000000000000000082E-05 ), #3957, 'distance_accuracy_value', 'NONE');
#2251 = CIRCLE ( 'NONE', #1158, 0.1250421398215223190 ) ;
#2252 = LINE ( 'NONE', #2336, #5643 ) ;
#2253 = AXIS2_PLACEMENT_3D ( 'NONE', #3641, #4887, #4839 ) ;
#2254 = VECTOR ( 'NONE', #1450, 1000.000000000000000 ) ;
#2255 = EDGE_CURVE ( 'NONE', #764, #4190, #2687, .T. ) ;
#2256 = PRESENTATION_LAYER_ASSIGNMENT (  '', '', ( #3268 ) ) ;
#2257 = LINE ( 'NONE', #522, #5555 ) ;
#2258 = CIRCLE ( 'NONE', #5637, 0.1250421398215223190 ) ;
#2259 = CARTESIAN_POINT ( 'NONE',  ( 0.8000000000000040412, 0.1999999999999998723, 1.149999999999997025 ) ) ;
#2260 = VERTEX_POINT ( 'NONE', #2585 ) ;
#2261 = DIRECTION ( 'NONE',  ( -1.000000000000000000, 0.000000000000000000, 3.491481338843133355E-15 ) ) ;
#2262 = EDGE_LOOP ( 'NONE', ( #5372, #4375, #1429, #3519 ) ) ;
#2263 = VECTOR ( 'NONE', #4749, 1000.000000000000000 ) ;
#2264 = ADVANCED_FACE ( 'NONE', ( #2169 ), #481, .F. ) ;
#2265 = DIRECTION ( 'NONE',  ( 0.000000000000000000, -1.000000000000000000, 0.000000000000000000 ) ) ;
#2266 = VECTOR ( 'NONE', #3444, 1000.000000000000000 ) ;
#2267 =( GEOMETRIC_REPRESENTATION_CONTEXT ( 3 ) GLOBAL_UNCERTAINTY_ASSIGNED_CONTEXT ( ( #5443 ) ) GLOBAL_UNIT_ASSIGNED_CONTEXT ( ( #2758, #4940, #4854 ) ) REPRESENTATION_CONTEXT ( 'NONE', 'WORKASPACE' ) );
#2268 = CYLINDRICAL_SURFACE ( 'NONE', #4714, 0.1000000000000000472 ) ;
#2269 = ADVANCED_FACE ( 'NONE', ( #381 ), #2141, .T. ) ;
#2270 = ORIENTED_EDGE ( 'NONE', *, *, #5650, .F. ) ;
#2271 = CLOSED_SHELL ( 'NONE', ( #918, #3287, #5435, #1221, #996, #3117, #3532, #2127, #2870, #1349 ) ) ;
#2272 = ORIENTED_EDGE ( 'NONE', *, *, #2087, .F. ) ;
#2273 = CARTESIAN_POINT ( 'NONE',  ( -1.500000000000003997, 0.8000000000000001554, -0.8999999999999951372 ) ) ;
#2274 = VECTOR ( 'NONE', #1962, 1000.000000000000000 ) ;
#2275 = ORIENTED_EDGE ( 'NONE', *, *, #2249, .T. ) ;
#2276 = DIRECTION ( 'NONE',  ( -1.000000000000000000, 0.000000000000000000, 3.491481338843133355E-15 ) ) ;
#2277 = VERTEX_POINT ( 'NONE', #1361 ) ;
#2278 = CARTESIAN_POINT ( 'NONE',  ( -1.499999999999999556, 0.000000000000000000, 5.237222008264698455E-15 ) ) ;
#2279 = VECTOR ( 'NONE', #3688, 1000.000000000000000 ) ;
#2280 = CARTESIAN_POINT ( 'NONE',  ( -0.7999999999999960476, 0.2000000000000000944, 1.100000000000002975 ) ) ;
#2281 =( LENGTH_UNIT ( ) NAMED_UNIT ( * ) SI_UNIT ( .MILLI., .METRE. ) );
#2282 = EDGE_LOOP ( 'NONE', ( #2346, #4017, #4024, #3816 ) ) ;
#2283 = DIRECTION ( 'NONE',  ( 3.491481338843133355E-15, -0.000000000000000000, 1.000000000000000000 ) ) ;
#2284 = EDGE_CURVE ( 'NONE', #4367, #143, #2452, .T. ) ;
#2285 = DIRECTION ( 'NONE',  ( -0.000000000000000000, -1.000000000000000000, -0.000000000000000000 ) ) ;
#2286 = DIRECTION ( 'NONE',  ( -0.000000000000000000, -1.000000000000000000, 0.000000000000000000 ) ) ;
#2287 = VERTEX_POINT ( 'NONE', #1336 ) ;
#2288 = VERTEX_POINT ( 'NONE', #5615 ) ;
#2289 = EDGE_CURVE ( 'NONE', #3010, #5194, #3114, .T. ) ;
#2290 = CARTESIAN_POINT ( 'NONE',  ( 1.500000000000001332, 0.2000000000000000944, 0.4999999999999947820 ) ) ;
#2291 = LINE ( 'NONE', #3961, #4702 ) ;
#2292 = CARTESIAN_POINT ( 'NONE',  ( 1.499999999999994005, 0.02500000000000006384, -1.500000000000004885 ) ) ;
#2293 = CARTESIAN_POINT ( 'NONE',  ( -1.201669740778655404, 0.8000000000000001554, -1.201669740778646078 ) ) ;
#2294 = DIRECTION ( 'NONE',  ( 1.000000000000000000, 0.000000000000000000, -3.491481338843133355E-15 ) ) ;
#2295 = VERTEX_POINT ( 'NONE', #897 ) ;
#2296 = VERTEX_POINT ( 'NONE', #4374 ) ;
#2297 = EDGE_CURVE ( 'NONE', #881, #4405, #3940, .T. ) ;
#2298 = CARTESIAN_POINT ( 'NONE',  ( 1.299999999999999822, 0.2000000000000000944, -4.538925740496072573E-15 ) ) ;
#2299 = DIRECTION ( 'NONE',  ( -1.000000000000000000, 0.000000000000000000, 3.491481338843133355E-15 ) ) ;
#2300 = ORIENTED_EDGE ( 'NONE', *, *, #4184, .F. ) ;
#2301 = FACE_OUTER_BOUND ( 'NONE', #4312, .T. ) ;
#2302 = ORIENTED_EDGE ( 'NONE', *, *, #4554, .T. ) ;
#2303 = EDGE_CURVE ( 'NONE', #1478, #4655, #429, .T. ) ;
#2304 = DIRECTION ( 'NONE',  ( 0.000000000000000000, 1.000000000000000000, 0.000000000000000000 ) ) ;
#2305 = SURFACE_SIDE_STYLE ('',( #983 ) ) ;
#2306 = EDGE_CURVE ( 'NONE', #4823, #3722, #5192, .T. ) ;
#2307 = DIRECTION ( 'NONE',  ( 0.000000000000000000, 1.000000000000000000, 0.000000000000000000 ) ) ;
#2308 = ORIENTED_EDGE ( 'NONE', *, *, #1715, .T. ) ;
#2309 = CARTESIAN_POINT ( 'NONE',  ( -1.500000000000000000, -3.660069929215019169, -0.09999999999999481526 ) ) ;
#2310 = DIRECTION ( 'NONE',  ( -1.000000000000000000, -0.000000000000000000, 3.491481338843133355E-15 ) ) ;
#2311 = LINE ( 'NONE', #4499, #2274 ) ;
#2312 = ORIENTED_EDGE ( 'NONE', *, *, #266, .F. ) ;
#2313 = DIRECTION ( 'NONE',  ( 0.000000000000000000, 1.000000000000000000, 0.000000000000000000 ) ) ;
#2314 = EDGE_CURVE ( 'NONE', #3313, #2296, #974, .T. ) ;
#2315 = ORIENTED_EDGE ( 'NONE', *, *, #2604, .T. ) ;
#2316 = PLANE ( 'NONE',  #2074 ) ;
#2317 = PLANE ( 'NONE',  #4509 ) ;
#2318 = DIRECTION ( 'NONE',  ( 3.636041628507867543E-15, 0.000000000000000000, 1.000000000000000000 ) ) ;
#2319 = VERTEX_POINT ( 'NONE', #5167 ) ;
#2320 = EDGE_CURVE ( 'NONE', #2822, #5404, #406, .T. ) ;
#2321 = ORIENTED_EDGE ( 'NONE', *, *, #2303, .T. ) ;
#2322 = CARTESIAN_POINT ( 'NONE',  ( 1.199999999999995515, 0.2000000000000000944, -1.200000000000003952 ) ) ;
#2323 = DIRECTION ( 'NONE',  ( 0.000000000000000000, 1.000000000000000000, 0.000000000000000000 ) ) ;
#2324 = EDGE_CURVE ( 'NONE', #5598, #3061, #1737, .T. ) ;
#2325 = DIRECTION ( 'NONE',  ( 0.000000000000000000, -1.000000000000000000, 0.000000000000000000 ) ) ;
#2326 = ORIENTED_EDGE ( 'NONE', *, *, #2854, .T. ) ;
#2327 = DIRECTION ( 'NONE',  ( -1.000000000000000000, 0.000000000000000000, 3.252606517456511724E-15 ) ) ;
#2328 = ORIENTED_EDGE ( 'NONE', *, *, #5645, .F. ) ;
#2329 = DIRECTION ( 'NONE',  ( 1.000000000000000000, 0.000000000000000000, -3.491481338843133355E-15 ) ) ;
#2330 = AXIS2_PLACEMENT_3D ( 'NONE', #651, #5499, #5588 ) ;
#2331 = EDGE_CURVE ( 'NONE', #2363, #1651, #1640, .T. ) ;
#2332 = CARTESIAN_POINT ( 'NONE',  ( -1.299999999999995604, 0.2000000000000000944, 1.200000000000004396 ) ) ;
#2333 = EDGE_LOOP ( 'NONE', ( #2321, #1674, #836, #2037 ) ) ;
#2334 = AXIS2_PLACEMENT_3D ( 'NONE', #3834, #5130, #2602 ) ;
#2335 = ADVANCED_FACE ( 'NONE', ( #1867 ), #3612, .F. ) ;
#2336 = CARTESIAN_POINT ( 'NONE',  ( -1.199999999999996847, -3.660069929215019169, 0.8000000000000041522 ) ) ;
#2337 = AXIS2_PLACEMENT_3D ( 'NONE', #2986, #4866, #3413 ) ;
#2338 = CARTESIAN_POINT ( 'NONE',  ( -1.499999999999996669, 7.115076756936122848E-17, 0.9000000000000052403 ) ) ;
#2339 = LINE ( 'NONE', #661, #3818 ) ;
#2340 = AXIS2_PLACEMENT_3D ( 'NONE', #3085, #74, #4817 ) ;
#2341 =( GEOMETRIC_REPRESENTATION_CONTEXT ( 3 ) GLOBAL_UNCERTAINTY_ASSIGNED_CONTEXT ( ( #2371 ) ) GLOBAL_UNIT_ASSIGNED_CONTEXT ( ( #1437, #3967, #4480 ) ) REPRESENTATION_CONTEXT ( 'NONE', 'WORKASPACE' ) );
#2342 = DIRECTION ( 'NONE',  ( -0.000000000000000000, -1.000000000000000000, 0.000000000000000000 ) ) ;
#2343 = ORIENTED_EDGE ( 'NONE', *, *, #3569, .T. ) ;
#2344 = AXIS2_PLACEMENT_3D ( 'NONE', #384, #5173, #4238 ) ;
#2345 = CARTESIAN_POINT ( 'NONE',  ( 3.491481338843134834E-16, 0.000000000000000000, 0.1000000000000000472 ) ) ;
#2346 = ORIENTED_EDGE ( 'NONE', *, *, #3210, .T. ) ;
#2347 = LINE ( 'NONE', #178, #1344 ) ;
#2348 = AXIS2_PLACEMENT_3D ( 'NONE', #5457, #4129, #4105 ) ;
#2349 = VECTOR ( 'NONE', #4522, 1000.000000000000000 ) ;
#2350 = CARTESIAN_POINT ( 'NONE',  ( 1.499999999999997558, 0.8000000000000001554, -0.5000000000000052180 ) ) ;
#2351 = ORIENTED_EDGE ( 'NONE', *, *, #1023, .F. ) ;
#2352 = COLOUR_RGB ( '',1.000000000000000000, 1.000000000000000000, 1.000000000000000000 ) ;
#2353 = ORIENTED_EDGE ( 'NONE', *, *, #5386, .T. ) ;
#2354 = DIRECTION ( 'NONE',  ( -1.000000000000000000, 0.000000000000000000, 3.491481338843133355E-15 ) ) ;
#2355 = AXIS2_PLACEMENT_3D ( 'NONE', #2567, #4284, #362 ) ;
#2356 = FACE_OUTER_BOUND ( 'NONE', #5459, .T. ) ;
#2357 = LINE ( 'NONE', #1405, #4543 ) ;
#2358 = CLOSED_SHELL ( 'NONE', ( #1986, #1391, #1961, #5456, #704, #441 ) ) ;
#2359 = VECTOR ( 'NONE', #1909, 1000.000000000000000 ) ;
#2360 = EDGE_CURVE ( 'NONE', #2654, #1223, #53, .T. ) ;
#2361 = DIRECTION ( 'NONE',  ( 0.000000000000000000, -1.000000000000000000, 0.000000000000000000 ) ) ;
#2362 = DIRECTION ( 'NONE',  ( 0.000000000000000000, 1.000000000000000000, 0.000000000000000000 ) ) ;
#2363 = VERTEX_POINT ( 'NONE', #3225 ) ;
#2364 = CARTESIAN_POINT ( 'NONE',  ( 1.299999999999998046, 0.2000000000000000944, -0.5000000000000045519 ) ) ;
#2365 = VECTOR ( 'NONE', #2285, 1000.000000000000000 ) ;
#2366 = FACE_OUTER_BOUND ( 'NONE', #1274, .T. ) ;
#2367 = DIRECTION ( 'NONE',  ( 1.000000000000000000, 0.000000000000000000, -3.491481338843133355E-15 ) ) ;
#2368 = ORIENTED_EDGE ( 'NONE', *, *, #34, .F. ) ;
#2369 = EDGE_CURVE ( 'NONE', #2277, #2440, #3669, .T. ) ;
#2370 = AXIS2_PLACEMENT_3D ( 'NONE', #1347, #1681, #3451 ) ;
#2371 = UNCERTAINTY_MEASURE_WITH_UNIT (LENGTH_MEASURE( 1.000000000000000082E-05 ), #1437, 'distance_accuracy_value', 'NONE');
#2372 = DIRECTION ( 'NONE',  ( -3.491481338843133355E-15, 0.000000000000000000, -1.000000000000000000 ) ) ;
#2373 = DIRECTION ( 'NONE',  ( -1.000000000000000000, 0.000000000000000000, 3.252606517456511724E-15 ) ) ;
#2374 = EDGE_CURVE ( 'NONE', #545, #1494, #4051, .T. ) ;
#2375 = CARTESIAN_POINT ( 'NONE',  ( 1.300000000000000933, 0.2000000000000000944, 0.3999999999999954148 ) ) ;
#2376 = LINE ( 'NONE', #729, #4712 ) ;
#2377 = ORIENTED_EDGE ( 'NONE', *, *, #1671, .F. ) ;
#2378 = DIRECTION ( 'NONE',  ( -1.000000000000000000, 0.000000000000000000, 4.336808689942015369E-15 ) ) ;
#2379 = VERTEX_POINT ( 'NONE', #4090 ) ;
#2380 = EDGE_CURVE ( 'NONE', #1112, #4823, #135, .T. ) ;
#2381 = DIRECTION ( 'NONE',  ( -0.000000000000000000, -1.000000000000000000, -0.000000000000000000 ) ) ;
#2382 = CARTESIAN_POINT ( 'NONE',  ( -1.299999999999995826, 0.2000000000000000944, 1.100000000000004308 ) ) ;
#2383 = LINE ( 'NONE', #4220, #4047 ) ;
#2384 = ORIENTED_EDGE ( 'NONE', *, *, #4634, .T. ) ;
#2385 = ORIENTED_EDGE ( 'NONE', *, *, #846, .T. ) ;
#2386 = CARTESIAN_POINT ( 'NONE',  ( -1.499999999999995337, 0.8000000000000001554, 1.500000000000005773 ) ) ;
#2387 = FACE_OUTER_BOUND ( 'NONE', #2582, .T. ) ;
#2388 = DIRECTION ( 'NONE',  ( 3.491481338843133355E-15, -0.000000000000000000, 1.000000000000000000 ) ) ;
#2389 = CARTESIAN_POINT ( 'NONE',  ( -1.499999999999999112, -3.660069929215019169, 0.1000000000000052791 ) ) ;
#2390 = ORIENTED_EDGE ( 'NONE', *, *, #5017, .F. ) ;
#2391 = FACE_OUTER_BOUND ( 'NONE', #5154, .T. ) ;
#2392 = ORIENTED_EDGE ( 'NONE', *, *, #2405, .T. ) ;
#2393 = CARTESIAN_POINT ( 'NONE',  ( 1.499999999999999556, 0.000000000000000000, -5.237222008264698455E-15 ) ) ;
#2394 = CARTESIAN_POINT ( 'NONE',  ( -1.299999999999995604, -3.660069929215019169, 1.200000000000004396 ) ) ;
#2395 = ORIENTED_EDGE ( 'NONE', *, *, #5477, .F. ) ;
#2396 = LINE ( 'NONE', #3318, #3282 ) ;
#2397 = SURFACE_STYLE_USAGE ( .BOTH. , #5448 ) ;
#2398 = CARTESIAN_POINT ( 'NONE',  ( -1.300000000000000711, -3.660069929215019169, -0.2999999999999953815 ) ) ;
#2399 = EDGE_CURVE ( 'NONE', #5127, #5558, #2184, .T. ) ;
#2400 = ORIENTED_EDGE ( 'NONE', *, *, #2380, .T. ) ;
#2401 = CARTESIAN_POINT ( 'NONE',  ( 0.000000000000000000, 0.000000000000000000, 0.000000000000000000 ) ) ;
#2402 = ORIENTED_EDGE ( 'NONE', *, *, #4911, .F. ) ;
#2403 = FACE_OUTER_BOUND ( 'NONE', #4019, .T. ) ;
#2404 = CARTESIAN_POINT ( 'NONE',  ( -1.500000000000000000, 0.02500000000000006384, -0.09999999999999481526 ) ) ;
#2405 = EDGE_CURVE ( 'NONE', #1008, #94, #2769, .T. ) ;
#2406 = ADVANCED_FACE ( 'NONE', ( #3975 ), #4459, .F. ) ;
#2407 = EDGE_LOOP ( 'NONE', ( #2390, #5041, #532, #177 ) ) ;
#2408 = CARTESIAN_POINT ( 'NONE',  ( 1.500000000000000444, 0.8000000000000001554, 0.2999999999999946598 ) ) ;
#2409 = EDGE_CURVE ( 'NONE', #2002, #5529, #1500, .T. ) ;
#2410 = CARTESIAN_POINT ( 'NONE',  ( -1.300000000000002043, 0.2000000000000000944, -0.6999999999999955147 ) ) ;
#2411 = ADVANCED_FACE ( 'NONE', ( #3245 ), #77, .F. ) ;
#2412 = DIRECTION ( 'NONE',  ( 1.000000000000000000, 0.000000000000000000, -3.491481338843133355E-15 ) ) ;
#2413 = DIRECTION ( 'NONE',  ( -1.000000000000000000, 0.000000000000000000, 3.491481338843136511E-15 ) ) ;
#2414 = ORIENTED_EDGE ( 'NONE', *, *, #1103, .T. ) ;
#2415 = CARTESIAN_POINT ( 'NONE',  ( 1.299999999999995159, -3.660069929215019169, -1.300000000000004707 ) ) ;
#2416 = ORIENTED_EDGE ( 'NONE', *, *, #3732, .F. ) ;
#2417 = CYLINDRICAL_SURFACE ( 'NONE', #297, 0.1000000000000000472 ) ;
#2418 = CARTESIAN_POINT ( 'NONE',  ( -1.299999999999996936, 0.2000000000000000944, 0.8000000000000044853 ) ) ;
#2419 = ORIENTED_EDGE ( 'NONE', *, *, #5477, .T. ) ;
#2420 = CARTESIAN_POINT ( 'NONE',  ( -0.8500000000000023093, -3.660069929215019169, -0.7999999999999970468 ) ) ;
#2421 = EDGE_LOOP ( 'NONE', ( #1578, #3201, #1172, #1193 ) ) ;
#2422 = VECTOR ( 'NONE', #2583, 1000.000000000000000 ) ;
#2423 = LINE ( 'NONE', #1042, #604 ) ;
#2424 = CARTESIAN_POINT ( 'NONE',  ( -1.299999999999997380, 0.2000000000000000944, 0.7000000000000043965 ) ) ;
#2425 = AXIS2_PLACEMENT_3D ( 'NONE', #1318, #5153, #3028 ) ;
#2426 = VECTOR ( 'NONE', #1873, 1000.000000000000000 ) ;
#2427 = FACE_OUTER_BOUND ( 'NONE', #3696, .T. ) ;
#2428 = EDGE_CURVE ( 'NONE', #4580, #4820, #1899, .T. ) ;
#2429 = AXIS2_PLACEMENT_3D ( 'NONE', #3615, #5352, #3202 ) ;
#2430 = DIRECTION ( 'NONE',  ( -0.000000000000000000, -1.000000000000000000, -0.000000000000000000 ) ) ;
#2431 = ORIENTED_EDGE ( 'NONE', *, *, #2134, .T. ) ;
#2432 = DIRECTION ( 'NONE',  ( 0.000000000000000000, 1.000000000000000000, 0.000000000000000000 ) ) ;
#2433 = CARTESIAN_POINT ( 'NONE',  ( -1.300000000000000933, 0.1999999999999998723, -0.3999999999999954148 ) ) ;
#2434 = EDGE_CURVE ( 'NONE', #1008, #1764, #4978, .T. ) ;
#2435 = VECTOR ( 'NONE', #246, 1000.000000000000000 ) ;
#2436 =( GEOMETRIC_REPRESENTATION_CONTEXT ( 3 ) GLOBAL_UNCERTAINTY_ASSIGNED_CONTEXT ( ( #4594 ) ) GLOBAL_UNIT_ASSIGNED_CONTEXT ( ( #3695, #3059, #4813 ) ) REPRESENTATION_CONTEXT ( 'NONE', 'WORKASPACE' ) );
#2437 = CARTESIAN_POINT ( 'NONE',  ( -0.7999999999999958256, 1.626303258728256651E-16, 1.150000000000003020 ) ) ;
#2438 = VERTEX_POINT ( 'NONE', #2798 ) ;
#2439 = EDGE_CURVE ( 'NONE', #470, #4337, #4354, .T. ) ;
#2440 = VERTEX_POINT ( 'NONE', #1067 ) ;
#2441 = CIRCLE ( 'NONE', #2173, 0.1000000000000000472 ) ;
#2442 = PLANE ( 'NONE',  #1053 ) ;
#2443 = CYLINDRICAL_SURFACE ( 'NONE', #2720, 0.1000000000000000472 ) ;
#2444 = VECTOR ( 'NONE', #3819, 1000.000000000000000 ) ;
#2445 = PRESENTATION_LAYER_ASSIGNMENT (  '', '', ( #2081 ) ) ;
#2446 = LINE ( 'NONE', #4138, #4077 ) ;
#2447 = DIRECTION ( 'NONE',  ( -3.491481338843133355E-15, 0.000000000000000000, -1.000000000000000000 ) ) ;
#2448 = VERTEX_POINT ( 'NONE', #3200 ) ;
#2449 = CIRCLE ( 'NONE', #972, 0.1000000000000000472 ) ;
#2450 = LINE ( 'NONE', #3754, #2164 ) ;
#2451 = VERTEX_POINT ( 'NONE', #3566 ) ;
#2452 = CIRCLE ( 'NONE', #4433, 0.1000000000000000472 ) ;
#2453 = LINE ( 'NONE', #3840, #1796 ) ;
#2454 = AXIS2_PLACEMENT_3D ( 'NONE', #5485, #1579, #1519 ) ;
#2455 = CARTESIAN_POINT ( 'NONE',  ( -1.299999999999999378, -3.660069929215019169, 0.1000000000000045852 ) ) ;
#2456 = VECTOR ( 'NONE', #4935, 1000.000000000000000 ) ;
#2457 = ORIENTED_EDGE ( 'NONE', *, *, #27, .T. ) ;
#2458 = FACE_OUTER_BOUND ( 'NONE', #2421, .T. ) ;
#2459 = ORIENTED_EDGE ( 'NONE', *, *, #3565, .T. ) ;
#2460 = CARTESIAN_POINT ( 'NONE',  ( 1.299999999999997380, -2.168404344971008868E-16, -0.7000000000000046185 ) ) ;
#2461 = PLANE ( 'NONE',  #4069 ) ;
#2462 = VECTOR ( 'NONE', #469, 1000.000000000000000 ) ;
#2463 = LINE ( 'NONE', #1672, #4276 ) ;
#2464 = LINE ( 'NONE', #4188, #2801 ) ;
#2465 = LINE ( 'NONE', #3299, #1271 ) ;
#2466 = ORIENTED_EDGE ( 'NONE', *, *, #3780, .F. ) ;
#2467 = CARTESIAN_POINT ( 'NONE',  ( -1.499999999999998224, 0.2000000000000000944, 0.5000000000000052180 ) ) ;
#2468 = STYLED_ITEM ( 'NONE', ( #1297 ), #732 ) ;
#2469 = DIRECTION ( 'NONE',  ( -3.636041628507867543E-15, 0.000000000000000000, -1.000000000000000000 ) ) ;
#2470 = CARTESIAN_POINT ( 'NONE',  ( 1.299999999999995826, -2.168404344971008868E-16, -1.100000000000004308 ) ) ;
#2471 = ORIENTED_EDGE ( 'NONE', *, *, #3886, .T. ) ;
#2472 = DIRECTION ( 'NONE',  ( -0.000000000000000000, -1.000000000000000000, -0.000000000000000000 ) ) ;
#2473 = VERTEX_POINT ( 'NONE', #620 ) ;
#2474 = CARTESIAN_POINT ( 'NONE',  ( 3.840629472727446691E-15, 0.02500000000000006384, 1.099999999999999867 ) ) ;
#2475 = CARTESIAN_POINT ( 'NONE',  ( -1.499999999999997113, 0.2000000000000000944, 0.7000000000000050626 ) ) ;
#2476 = DIRECTION ( 'NONE',  ( 1.000000000000000000, 0.000000000000000000, -4.336808689942015369E-15 ) ) ;
#2477 = SURFACE_STYLE_FILL_AREA ( #716 ) ;
#2478 = ORIENTED_EDGE ( 'NONE', *, *, #443, .F. ) ;
#2479 = CARTESIAN_POINT ( 'NONE',  ( 1.200000000000002398, 0.02500000000000006384, 0.7999999999999957145 ) ) ;
#2480 = ORIENTED_EDGE ( 'NONE', *, *, #3175, .F. ) ;
#2481 = DIRECTION ( 'NONE',  ( -0.000000000000000000, -1.000000000000000000, -0.000000000000000000 ) ) ;
#2482 = CARTESIAN_POINT ( 'NONE',  ( 1.299999999999995604, 0.2000000000000000944, -1.200000000000004396 ) ) ;
#2483 = ORIENTED_EDGE ( 'NONE', *, *, #1505, .T. ) ;
#2484 = CARTESIAN_POINT ( 'NONE',  ( 0.000000000000000000, 0.000000000000000000, 0.000000000000000000 ) ) ;
#2485 = ORIENTED_EDGE ( 'NONE', *, *, #4983, .F. ) ;
#2486 = LINE ( 'NONE', #3655, #2359 ) ;
#2487 = EDGE_CURVE ( 'NONE', #4043, #3528, #5297, .T. ) ;
#2488 = FACE_OUTER_BOUND ( 'NONE', #4538, .T. ) ;
#2489 = LINE ( 'NONE', #4722, #3517 ) ;
#2490 = DIRECTION ( 'NONE',  ( 0.000000000000000000, -1.000000000000000000, 0.000000000000000000 ) ) ;
#2491 = ORIENTED_EDGE ( 'NONE', *, *, #3189, .T. ) ;
#2492 = FACE_OUTER_BOUND ( 'NONE', #2333, .T. ) ;
#2493 = DIRECTION ( 'NONE',  ( 3.636041628507867543E-15, 0.000000000000000000, 1.000000000000000000 ) ) ;
#2494 = ADVANCED_FACE ( 'NONE', ( #3645 ), #5376, .F. ) ;
#2495 = DIRECTION ( 'NONE',  ( 3.491481338843133355E-15, 0.000000000000000000, 1.000000000000000000 ) ) ;
#2496 = ORIENTED_EDGE ( 'NONE', *, *, #4604, .T. ) ;
#2497 = DIRECTION ( 'NONE',  ( 1.000000000000000000, -0.000000000000000000, -3.491481338843133355E-15 ) ) ;
#2498 = EDGE_LOOP ( 'NONE', ( #2935, #5410, #3304, #4041 ) ) ;
#2499 = DIRECTION ( 'NONE',  ( -0.000000000000000000, 1.000000000000000000, -0.000000000000000000 ) ) ;
#2500 = CARTESIAN_POINT ( 'NONE',  ( 1.500000000000000000, 0.2000000000000000944, 0.09999999999999481526 ) ) ;
#2501 = CARTESIAN_POINT ( 'NONE',  ( -1.499999999999998446, 0.1999999999999998723, 0.3000000000000051514 ) ) ;
#2502 = CARTESIAN_POINT ( 'NONE',  ( -1.499999999999999112, 0.2000000000000000944, 0.1000000000000052791 ) ) ;
#2503 = EDGE_CURVE ( 'NONE', #1195, #2661, #1407, .T. ) ;
#2504 = CARTESIAN_POINT ( 'NONE',  ( 1.299999999999998046, 0.02500000000000006384, -0.5000000000000045519 ) ) ;
#2505 = ORIENTED_EDGE ( 'NONE', *, *, #3526, .T. ) ;
#2506 = DIRECTION ( 'NONE',  ( -1.000000000000000000, 0.000000000000000000, 3.252606517456511724E-15 ) ) ;
#2507 = ORIENTED_EDGE ( 'NONE', *, *, #1215, .F. ) ;
#2508 = CARTESIAN_POINT ( 'NONE',  ( 1.300000000000003819, 0.2000000000000000944, 1.199999999999995293 ) ) ;
#2509 = EDGE_CURVE ( 'NONE', #5236, #2379, #742, .T. ) ;
#2510 = LINE ( 'NONE', #2075, #4143 ) ;
#2511 = ORIENTED_EDGE ( 'NONE', *, *, #3900, .F. ) ;
#2512 = DIRECTION ( 'NONE',  ( 1.000000000000000000, 0.000000000000000000, -3.252606517456511724E-15 ) ) ;
#2513 = ORIENTED_EDGE ( 'NONE', *, *, #4172, .T. ) ;
#2514 = ORIENTED_EDGE ( 'NONE', *, *, #2172, .T. ) ;
#2515 = EDGE_CURVE ( 'NONE', #499, #5045, #273, .T. ) ;
#2516 = CARTESIAN_POINT ( 'NONE',  ( 1.199999999999996847, 0.2000000000000000944, -0.8000000000000043743 ) ) ;
#2517 = AXIS2_PLACEMENT_3D ( 'NONE', #2191, #5237, #4448 ) ;
#2518 = EDGE_CURVE ( 'NONE', #143, #5646, #1100, .T. ) ;
#2519 = FACE_OUTER_BOUND ( 'NONE', #203, .T. ) ;
#2520 = DIRECTION ( 'NONE',  ( -3.491481338843133355E-15, 0.000000000000000000, -1.000000000000000000 ) ) ;
#2521 = CARTESIAN_POINT ( 'NONE',  ( 1.299999999999998490, -6.505213034913026604E-16, -0.4000000000000045186 ) ) ;
#2522 = ORIENTED_EDGE ( 'NONE', *, *, #2320, .F. ) ;
#2523 = CARTESIAN_POINT ( 'NONE',  ( -1.300000000000004263, 2.168404344971008868E-16, -1.299999999999995381 ) ) ;
#2524 = COLOUR_RGB ( '',1.000000000000000000, 1.000000000000000000, 1.000000000000000000 ) ;
#2525 = ADVANCED_FACE ( 'NONE', ( #3283 ), #1534, .F. ) ;
#2526 = VECTOR ( 'NONE', #474, 1000.000000000000000 ) ;
#2527 = CARTESIAN_POINT ( 'NONE',  ( 1.499999999999997780, 0.02500000000000006384, -0.5000000000000052180 ) ) ;
#2528 = PLANE ( 'NONE',  #3693 ) ;
#2529 = AXIS2_PLACEMENT_3D ( 'NONE', #1009, #4490, #2327 ) ;
#2530 = CARTESIAN_POINT ( 'NONE',  ( -1.299999999999996714, 1.626303258728256651E-16, 0.9000000000000045741 ) ) ;
#2531 = VERTEX_POINT ( 'NONE', #1623 ) ;
#2532 = VECTOR ( 'NONE', #766, 1000.000000000000000 ) ;
#2533 = PLANE ( 'NONE',  #4828 ) ;
#2534 = ORIENTED_EDGE ( 'NONE', *, *, #378, .T. ) ;
#2535 = LINE ( 'NONE', #738, #3364 ) ;
#2536 = DIRECTION ( 'NONE',  ( 1.000000000000000000, 0.000000000000000000, -3.491481338843133355E-15 ) ) ;
#2537 = PLANE ( 'NONE',  #3172 ) ;
#2538 = CIRCLE ( 'NONE', #4623, 0.05000000000000012768 ) ;
#2539 = CARTESIAN_POINT ( 'NONE',  ( 1.299999999999995826, 0.2000000000000000944, -1.100000000000004308 ) ) ;
#2540 = CARTESIAN_POINT ( 'NONE',  ( 0.000000000000000000, 0.000000000000000000, 0.000000000000000000 ) ) ;
#2541 = ORIENTED_EDGE ( 'NONE', *, *, #827, .T. ) ;
#2542 = AXIS2_PLACEMENT_3D ( 'NONE', #400, #2160, #2217 ) ;
#2543 = ORIENTED_EDGE ( 'NONE', *, *, #1598, .F. ) ;
#2544 = VECTOR ( 'NONE', #1774, 1000.000000000000000 ) ;
#2545 = CARTESIAN_POINT ( 'NONE',  ( 1.299999999999998490, 0.2000000000000000944, -0.4000000000000045186 ) ) ;
#2546 = MECHANICAL_DESIGN_GEOMETRIC_PRESENTATION_REPRESENTATION (  '', ( #2081 ), #332 ) ;
#2547 = CARTESIAN_POINT ( 'NONE',  ( -1.499999999999996669, 0.1999999999999998723, 0.9000000000000052403 ) ) ;
#2548 = ADVANCED_FACE ( 'NONE', ( #3310 ), #4173, .T. ) ;
#2549 = ORIENTED_EDGE ( 'NONE', *, *, #3027, .T. ) ;
#2550 = CIRCLE ( 'NONE', #46, 0.1000000000000000472 ) ;
#2551 = CYLINDRICAL_SURFACE ( 'NONE', #4996, 0.1000000000000000472 ) ;
#2552 = VERTEX_POINT ( 'NONE', #2504 ) ;
#2553 = ORIENTED_EDGE ( 'NONE', *, *, #4437, .T. ) ;
#2554 = EDGE_CURVE ( 'NONE', #2038, #115, #1155, .T. ) ;
#2555 = VECTOR ( 'NONE', #2174, 1000.000000000000000 ) ;
#2556 = CYLINDRICAL_SURFACE ( 'NONE', #3005, 0.1000000000000000472 ) ;
#2557 = VECTOR ( 'NONE', #611, 1000.000000000000000 ) ;
#2558 = CIRCLE ( 'NONE', #4997, 0.05000000000000012768 ) ;
#2559 = CARTESIAN_POINT ( 'NONE',  ( -1.500000000000002665, -3.660069929215019169, -0.8999999999999951372 ) ) ;
#2560 = EDGE_CURVE ( 'NONE', #4764, #1124, #3368, .T. ) ;
#2561 = CARTESIAN_POINT ( 'NONE',  ( -1.201669740778655404, 0.6999999999999999556, -1.201669740778646078 ) ) ;
#2562 = CLOSED_SHELL ( 'NONE', ( #2548, #2669, #4588, #323, #49, #399, #2494 ) ) ;
#2563 = CIRCLE ( 'NONE', #3625, 0.1000000000000000472 ) ;
#2564 = PLANE ( 'NONE',  #2632 ) ;
#2565 = PLANE ( 'NONE',  #3542 ) ;
#2566 = ORIENTED_EDGE ( 'NONE', *, *, #3948, .T. ) ;
#2567 = CARTESIAN_POINT ( 'NONE',  ( -1.300000000000003819, -3.660069929215019169, -1.199999999999995293 ) ) ;
#2568 = ADVANCED_FACE ( 'NONE', ( #5038 ), #2971, .F. ) ;
#2569 = DIRECTION ( 'NONE',  ( -0.000000000000000000, -1.000000000000000000, -0.000000000000000000 ) ) ;
#2570 = AXIS2_PLACEMENT_3D ( 'NONE', #5024, #2779, #3657 ) ;
#2571 = DIRECTION ( 'NONE',  ( 1.000000000000000000, 0.000000000000000000, -3.491481338843133355E-15 ) ) ;
#2572 = EDGE_CURVE ( 'NONE', #4443, #2438, #4612, .T. ) ;
#2573 = ORIENTED_EDGE ( 'NONE', *, *, #3635, .F. ) ;
#2574 = VECTOR ( 'NONE', #4132, 1000.000000000000000 ) ;
#2575 = PLANE ( 'NONE',  #3906 ) ;
#2576 = ORIENTED_EDGE ( 'NONE', *, *, #2640, .F. ) ;
#2577 = DIRECTION ( 'NONE',  ( 1.000000000000000000, 0.000000000000000000, -3.252606517456511724E-15 ) ) ;
#2578 = DIRECTION ( 'NONE',  ( -0.000000000000000000, -1.000000000000000000, -0.000000000000000000 ) ) ;
#2579 = CARTESIAN_POINT ( 'NONE',  ( -1.299999999999995604, -3.660069929215019169, 1.200000000000004396 ) ) ;
#2580 = CARTESIAN_POINT ( 'NONE',  ( -1.500000000000001998, -3.660069929215019169, -0.6999999999999948486 ) ) ;
#2581 = ORIENTED_EDGE ( 'NONE', *, *, #2862, .F. ) ;
#2582 = EDGE_LOOP ( 'NONE', ( #5161, #4217, #3508, #5515, #615 ) ) ;
#2583 = DIRECTION ( 'NONE',  ( -0.000000000000000000, -1.000000000000000000, -0.000000000000000000 ) ) ;
#2584 = ORIENTED_EDGE ( 'NONE', *, *, #403, .F. ) ;
#2585 = CARTESIAN_POINT ( 'NONE',  ( 0.8499999999999965361, 0.02500000000000006384, -1.100000000000003197 ) ) ;
#2586 = ORIENTED_EDGE ( 'NONE', *, *, #3965, .F. ) ;
#2587 = ORIENTED_EDGE ( 'NONE', *, *, #1538, .F. ) ;
#2588 = LINE ( 'NONE', #3043, #504 ) ;
#2589 = CARTESIAN_POINT ( 'NONE',  ( -1.500000000000000888, 0.02500000000000006384, -0.2999999999999946598 ) ) ;
#2590 = CARTESIAN_POINT ( 'NONE',  ( 1.299999999999999822, 0.02500000000000006384, -4.538925740496072573E-15 ) ) ;
#2591 = DIRECTION ( 'NONE',  ( -0.000000000000000000, -1.000000000000000000, 0.000000000000000000 ) ) ;
#2592 = CARTESIAN_POINT ( 'NONE',  ( -1.500000000000001332, 0.2000000000000000944, -0.4999999999999947820 ) ) ;
#2593 = ORIENTED_EDGE ( 'NONE', *, *, #218, .T. ) ;
#2594 = CARTESIAN_POINT ( 'NONE',  ( -1.499999999999995115, 0.1999999999999998723, 1.300000000000005373 ) ) ;
#2595 = LINE ( 'NONE', #292, #1728 ) ;
#2596 = LINE ( 'NONE', #5512, #404 ) ;
#2597 = PLANE ( 'NONE',  #1240 ) ;
#2598 = VERTEX_POINT ( 'NONE', #3752 ) ;
#2599 = LINE ( 'NONE', #4336, #989 ) ;
#2600 = EDGE_LOOP ( 'NONE', ( #1766, #1546, #1561, #5604, #4732 ) ) ;
#2601 = CARTESIAN_POINT ( 'NONE',  ( -1.500000000000000222, 0.8000000000000001554, 0.1000000000000052791 ) ) ;
#2602 = DIRECTION ( 'NONE',  ( 1.000000000000000000, 0.000000000000000000, -3.252606517456511724E-15 ) ) ;
#2603 = FACE_OUTER_BOUND ( 'NONE', #1526, .T. ) ;
#2604 = EDGE_CURVE ( 'NONE', #5215, #5045, #4703, .T. ) ;
#2605 = ORIENTED_EDGE ( 'NONE', *, *, #1035, .T. ) ;
#2606 = EDGE_LOOP ( 'NONE', ( #4050, #4979, #1282, #777 ) ) ;
#2607 = EDGE_CURVE ( 'NONE', #4814, #5287, #1123, .T. ) ;
#2608 = ORIENTED_EDGE ( 'NONE', *, *, #3365, .T. ) ;
#2609 = DIRECTION ( 'NONE',  ( 3.491481338843133355E-15, -0.000000000000000000, 1.000000000000000000 ) ) ;
#2610 = ORIENTED_EDGE ( 'NONE', *, *, #529, .T. ) ;
#2611 = ORIENTED_EDGE ( 'NONE', *, *, #5101, .F. ) ;
#2612 = DIRECTION ( 'NONE',  ( 0.000000000000000000, 1.000000000000000000, 0.000000000000000000 ) ) ;
#2613 =( NAMED_UNIT ( * ) PLANE_ANGLE_UNIT ( ) SI_UNIT ( $, .RADIAN. ) );
#2614 = CARTESIAN_POINT ( 'NONE',  ( 0.8000000000000040412, -3.660069929215019169, 1.149999999999997025 ) ) ;
#2615 = ORIENTED_EDGE ( 'NONE', *, *, #286, .T. ) ;
#2616 = DIRECTION ( 'NONE',  ( 1.000000000000000000, 0.000000000000000000, -3.491481338843133355E-15 ) ) ;
#2617 = DIRECTION ( 'NONE',  ( -1.000000000000000000, -0.000000000000000000, 3.491481338843133355E-15 ) ) ;
#2618 = DIRECTION ( 'NONE',  ( 1.000000000000000000, 0.000000000000000000, -3.491481338843133355E-15 ) ) ;
#2619 = VECTOR ( 'NONE', #911, 1000.000000000000000 ) ;
#2620 = PLANE ( 'NONE',  #948 ) ;
#2621 = ORIENTED_EDGE ( 'NONE', *, *, #637, .F. ) ;
#2622 = DIRECTION ( 'NONE',  ( -0.000000000000000000, -1.000000000000000000, 0.000000000000000000 ) ) ;
#2623 = ORIENTED_EDGE ( 'NONE', *, *, #1492, .F. ) ;
#2624 = VECTOR ( 'NONE', #966, 1000.000000000000000 ) ;
#2625 = ADVANCED_FACE ( 'NONE', ( #4648 ), #2880, .F. ) ;
#2626 = LINE ( 'NONE', #4338, #4992 ) ;
#2627 = CARTESIAN_POINT ( 'NONE',  ( 1.299999999999998490, 0.02500000000000006384, -0.4000000000000045186 ) ) ;
#2628 = VECTOR ( 'NONE', #3362, 1000.000000000000000 ) ;
#2629 = ADVANCED_FACE ( 'NONE', ( #1588 ), #4227, .T. ) ;
#2630 = ORIENTED_EDGE ( 'NONE', *, *, #950, .T. ) ;
#2631 = EDGE_LOOP ( 'NONE', ( #843, #907, #4922, #3490, #4248 ) ) ;
#2632 = AXIS2_PLACEMENT_3D ( 'NONE', #5177, #2591, #288 ) ;
#2633 = MANIFOLD_SOLID_BREP ( 'Boss-Extrude2[5]', #602 ) ;
#2634 = EDGE_CURVE ( 'NONE', #2108, #4353, #4262, .T. ) ;
#2635 = CIRCLE ( 'NONE', #3708, 0.1000000000000000472 ) ;
#2636 = ORIENTED_EDGE ( 'NONE', *, *, #2854, .F. ) ;
#2637 = VECTOR ( 'NONE', #1187, 1000.000000000000000 ) ;
#2638 = DIRECTION ( 'NONE',  ( 0.000000000000000000, -1.000000000000000000, 0.000000000000000000 ) ) ;
#2639 = ORIENTED_EDGE ( 'NONE', *, *, #4957, .T. ) ;
#2640 = EDGE_CURVE ( 'NONE', #1956, #4709, #1151, .T. ) ;
#2641 = DIRECTION ( 'NONE',  ( -1.000000000000000000, 0.000000000000000000, 3.491481338843133355E-15 ) ) ;
#2642 = VECTOR ( 'NONE', #2116, 1000.000000000000000 ) ;
#2643 = VECTOR ( 'NONE', #5392, 1000.000000000000000 ) ;
#2644 = CARTESIAN_POINT ( 'NONE',  ( -1.499999999999997113, -3.660069929215019169, 0.7000000000000050626 ) ) ;
#2645 = ORIENTED_EDGE ( 'NONE', *, *, #3956, .T. ) ;
#2646 = DIRECTION ( 'NONE',  ( -0.000000000000000000, -1.000000000000000000, -0.000000000000000000 ) ) ;
#2647 = VECTOR ( 'NONE', #3509, 1000.000000000000000 ) ;
#2648 = DIRECTION ( 'NONE',  ( 1.000000000000000000, 0.000000000000000000, -3.491481338843133355E-15 ) ) ;
#2649 = CLOSED_SHELL ( 'NONE', ( #2123, #4720, #1659, #2202, #5393, #2877 ) ) ;
#2650 = AXIS2_PLACEMENT_3D ( 'NONE', #4381, #467, #4399 ) ;
#2651 = CARTESIAN_POINT ( 'NONE',  ( -0.5000000000000036637, -3.660069929215019169, -1.149999999999998357 ) ) ;
#2652 = ORIENTED_EDGE ( 'NONE', *, *, #1850, .F. ) ;
#2653 = SURFACE_SIDE_STYLE ('',( #1708 ) ) ;
#2654 = VERTEX_POINT ( 'NONE', #1328 ) ;
#2655 = LINE ( 'NONE', #369, #3096 ) ;
#2656 = CLOSED_SHELL ( 'NONE', ( #2525, #1877, #3720, #1228, #4350, #2411, #4881, #330, #2073, #2794, #5048, #104, #376, #5144, #3922, #4167, #926, #2685, #5057, #5302, #505, #5523, #792, #485, #1608, #132, #1375, #819, #4057, #3627, #5260, #988, #2660, #5211, #857, #3593, #3618, #3749, #1602, #4510, #1916, #2625, #2730, #2916, #2838, #4402, #4097, #1471, #2118, #552, #254, #3078, #5316, #3500, #492, #2968, #533, #4195, #2568, #3143, #1933, #5089, #434, #3292, #3994, #2209, #1178, #3071, #2942, #4667, #3491, #3357, #4430, #4559, #3950, #5556, #4130, #601, #5221, #2006, #2335 ) ) ;
#2657 = EDGE_CURVE ( 'NONE', #3060, #4496, #3889, .T. ) ;
#2658 = LINE ( 'NONE', #4857, #1882 ) ;
#2659 = VECTOR ( 'NONE', #1935, 1000.000000000000000 ) ;
#2660 = ADVANCED_FACE ( 'NONE', ( #1717 ), #1244, .F. ) ;
#2661 = VERTEX_POINT ( 'NONE', #4742 ) ;
#2662 = ORIENTED_EDGE ( 'NONE', *, *, #3054, .F. ) ;
#2663 = DIRECTION ( 'NONE',  ( -3.263228249898816653E-15, 0.000000000000000000, -1.000000000000000000 ) ) ;
#2664 = ADVANCED_FACE ( 'NONE', ( #3935 ), #771, .F. ) ;
#2665 = DIRECTION ( 'NONE',  ( -3.491481338843133355E-15, 0.000000000000000000, -1.000000000000000000 ) ) ;
#2666 = ORIENTED_EDGE ( 'NONE', *, *, #796, .T. ) ;
#2667 = LINE ( 'NONE', #3945, #2254 ) ;
#2668 = DIRECTION ( 'NONE',  ( -1.000000000000000000, 0.000000000000000000, 3.491481338843133355E-15 ) ) ;
#2669 = ADVANCED_FACE ( 'NONE', ( #374 ), #5262, .F. ) ;
#2670 = CARTESIAN_POINT ( 'NONE',  ( -1.300000000000002709, 0.1999999999999999278, -0.8999999999999956923 ) ) ;
#2671 = DIRECTION ( 'NONE',  ( -1.000000000000000000, 0.000000000000000000, 3.491481338843133355E-15 ) ) ;
#2672 = DIRECTION ( 'NONE',  ( 1.000000000000000000, 0.000000000000000000, -3.252606517456511724E-15 ) ) ;
#2673 = ORIENTED_EDGE ( 'NONE', *, *, #3367, .T. ) ;
#2674 = SURFACE_STYLE_FILL_AREA ( #524 ) ;
#2675 = ORIENTED_EDGE ( 'NONE', *, *, #4154, .F. ) ;
#2676 = DIRECTION ( 'NONE',  ( -3.263228249898816653E-15, -0.000000000000000000, -1.000000000000000000 ) ) ;
#2677 = CARTESIAN_POINT ( 'NONE',  ( -1.201669740778655404, 0.8000000000000001554, -1.201669740778646078 ) ) ;
#2678 = CARTESIAN_POINT ( 'NONE',  ( -1.300000000000001377, 0.2000000000000000944, -0.4999999999999954481 ) ) ;
#2679 = EDGE_CURVE ( 'NONE', #4228, #780, #4507, .T. ) ;
#2680 = SURFACE_STYLE_USAGE ( .BOTH. , #4859 ) ;
#2681 = ORIENTED_EDGE ( 'NONE', *, *, #3110, .F. ) ;
#2682 = ORIENTED_EDGE ( 'NONE', *, *, #1999, .F. ) ;
#2683 = MANIFOLD_SOLID_BREP ( 'Boss-Extrude2[11]', #4360 ) ;
#2684 = LINE ( 'NONE', #4925, #3448 ) ;
#2685 = ADVANCED_FACE ( 'NONE', ( #3155 ), #1025, .F. ) ;
#2686 = ORIENTED_EDGE ( 'NONE', *, *, #4275, .T. ) ;
#2687 = LINE ( 'NONE', #15, #2647 ) ;
#2688 = ORIENTED_EDGE ( 'NONE', *, *, #453, .F. ) ;
#2689 = DIRECTION ( 'NONE',  ( 1.000000000000000000, 0.000000000000000000, -3.252606517456511724E-15 ) ) ;
#2690 = DIRECTION ( 'NONE',  ( -1.000000000000000000, 0.000000000000000000, 3.491481338843136511E-15 ) ) ;
#2691 = EDGE_CURVE ( 'NONE', #3844, #2071, #3219, .T. ) ;
#2692 = DIRECTION ( 'NONE',  ( 3.491481338843133355E-15, -0.000000000000000000, 1.000000000000000000 ) ) ;
#2693 = LINE ( 'NONE', #4031, #5099 ) ;
#2694 = DIRECTION ( 'NONE',  ( 0.000000000000000000, -1.000000000000000000, 0.000000000000000000 ) ) ;
#2695 = EDGE_CURVE ( 'NONE', #4785, #1646, #914, .T. ) ;
#2696 = DIRECTION ( 'NONE',  ( -0.000000000000000000, -1.000000000000000000, -0.000000000000000000 ) ) ;
#2697 = LINE ( 'NONE', #4741, #1083 ) ;
#2698 = MANIFOLD_SOLID_BREP ( 'Boss-Extrude3', #5364 ) ;
#2699 = CARTESIAN_POINT ( 'NONE',  ( -1.300000000000002487, 0.1999999999999998723, -0.7999999999999956035 ) ) ;
#2700 = ORIENTED_EDGE ( 'NONE', *, *, #659, .T. ) ;
#2701 = SURFACE_SIDE_STYLE ('',( #2674 ) ) ;
#2702 = EDGE_LOOP ( 'NONE', ( #2852, #3576, #1346, #4296 ) ) ;
#2703 = CARTESIAN_POINT ( 'NONE',  ( 1.500000000000001998, 0.2000000000000000111, 0.6999999999999946265 ) ) ;
#2704 = DIRECTION ( 'NONE',  ( -1.000000000000000000, 0.000000000000000000, 3.468277731116981327E-15 ) ) ;
#2705 = VERTEX_POINT ( 'NONE', #3193 ) ;
#2706 = VECTOR ( 'NONE', #3746, 1000.000000000000000 ) ;
#2707 = ORIENTED_EDGE ( 'NONE', *, *, #568, .T. ) ;
#2708 = MANIFOLD_SOLID_BREP ( 'Boss-Extrude2[7]', #1176 ) ;
#2709 = FACE_OUTER_BOUND ( 'NONE', #5551, .T. ) ;
#2710 = VECTOR ( 'NONE', #3481, 1000.000000000000000 ) ;
#2711 = AXIS2_PLACEMENT_3D ( 'NONE', #4932, #627, #2367 ) ;
#2712 = CARTESIAN_POINT ( 'NONE',  ( -1.299999999999996936, 0.02500000000000006384, 0.8000000000000044853 ) ) ;
#2713 = DIRECTION ( 'NONE',  ( 1.000000000000000000, 0.000000000000000000, -3.491481338843133355E-15 ) ) ;
#2714 = ORIENTED_EDGE ( 'NONE', *, *, #1731, .T. ) ;
#2715 = AXIS2_PLACEMENT_3D ( 'NONE', #5433, #1409, #4092 ) ;
#2716 = CARTESIAN_POINT ( 'NONE',  ( -1.500000000000003331, 0.02500000000000006384, -0.8999999999999951372 ) ) ;
#2717 = CARTESIAN_POINT ( 'NONE',  ( -1.500000000000001332, 2.168404344971008868E-16, -0.4999999999999947820 ) ) ;
#2718 = EDGE_CURVE ( 'NONE', #4496, #1152, #864, .T. ) ;
#2719 = LINE ( 'NONE', #5279, #44 ) ;
#2720 = AXIS2_PLACEMENT_3D ( 'NONE', #4170, #712, #272 ) ;
#2721 = STYLED_ITEM ( 'NONE', ( #4416 ), #2698 ) ;
#2722 = UNCERTAINTY_MEASURE_WITH_UNIT (LENGTH_MEASURE( 1.000000000000000082E-05 ), #3991, 'distance_accuracy_value', 'NONE');
#2723 = VECTOR ( 'NONE', #4665, 1000.000000000000000 ) ;
#2724 = AXIS2_PLACEMENT_3D ( 'NONE', #3495, #1699, #410 ) ;
#2725 = PLANE ( 'NONE',  #4799 ) ;
#2726 = COLOUR_RGB ( '',1.000000000000000000, 1.000000000000000000, 1.000000000000000000 ) ;
#2727 = DIRECTION ( 'NONE',  ( 1.000000000000000000, -0.000000000000000000, -3.491481338843133355E-15 ) ) ;
#2728 = CARTESIAN_POINT ( 'NONE',  ( -1.499999999999999556, 0.02500000000000006384, 5.237222008264698455E-15 ) ) ;
#2729 = ORIENTED_EDGE ( 'NONE', *, *, #4812, .F. ) ;
#2730 = ADVANCED_FACE ( 'NONE', ( #5005 ), #2001, .F. ) ;
#2731 = ORIENTED_EDGE ( 'NONE', *, *, #2434, .T. ) ;
#2732 = LINE ( 'NONE', #526, #3811 ) ;
#2733 = AXIS2_PLACEMENT_3D ( 'NONE', #1306, #564, #1924 ) ;
#2734 = DIRECTION ( 'NONE',  ( -1.000000000000000000, 0.000000000000000000, 4.336808689942006692E-15 ) ) ;
#2735 = VECTOR ( 'NONE', #224, 1000.000000000000000 ) ;
#2736 = VECTOR ( 'NONE', #3414, 1000.000000000000000 ) ;
#2737 = CARTESIAN_POINT ( 'NONE',  ( -1.500000000000005995, 0.2000000000000000944, -1.499999999999994449 ) ) ;
#2738 = ORIENTED_EDGE ( 'NONE', *, *, #4843, .T. ) ;
#2739 = ORIENTED_EDGE ( 'NONE', *, *, #5239, .F. ) ;
#2740 = EDGE_CURVE ( 'NONE', #1624, #2111, #2383, .T. ) ;
#2741 = MANIFOLD_SOLID_BREP ( 'Boss-Extrude2[10]', #150 ) ;
#2742 = LINE ( 'NONE', #938, #3353 ) ;
#2743 = AXIS2_PLACEMENT_3D ( 'NONE', #2398, #3678, #632 ) ;
#2744 = ORIENTED_EDGE ( 'NONE', *, *, #2434, .F. ) ;
#2745 = DIRECTION ( 'NONE',  ( -1.000000000000000000, 0.000000000000000000, 3.491481338843136511E-15 ) ) ;
#2746 = ORIENTED_EDGE ( 'NONE', *, *, #2890, .T. ) ;
#2747 = DIRECTION ( 'NONE',  ( 1.000000000000000000, 0.000000000000000000, -4.336808689942006692E-15 ) ) ;
#2748 = ORIENTED_EDGE ( 'NONE', *, *, #562, .T. ) ;
#2749 = AXIS2_PLACEMENT_3D ( 'NONE', #2099, #2622, #5214 ) ;
#2750 = CARTESIAN_POINT ( 'NONE',  ( -4.015203539669604147E-15, 0.02500000000000006384, -1.150000000000000133 ) ) ;
#2751 = DIRECTION ( 'NONE',  ( 0.000000000000000000, 1.000000000000000000, 0.000000000000000000 ) ) ;
#2752 = EDGE_CURVE ( 'NONE', #3598, #1469, #3685, .T. ) ;
#2753 = ORIENTED_EDGE ( 'NONE', *, *, #877, .T. ) ;
#2754 = CARTESIAN_POINT ( 'NONE',  ( 1.500000000000001332, 0.2000000000000000944, 0.4999999999999947820 ) ) ;
#2755 = DIRECTION ( 'NONE',  ( 0.000000000000000000, 1.000000000000000000, 0.000000000000000000 ) ) ;
#2756 = FACE_OUTER_BOUND ( 'NONE', #719, .T. ) ;
#2757 = ORIENTED_EDGE ( 'NONE', *, *, #860, .F. ) ;
#2758 =( LENGTH_UNIT ( ) NAMED_UNIT ( * ) SI_UNIT ( .MILLI., .METRE. ) );
#2759 = EDGE_LOOP ( 'NONE', ( #5035, #3864, #1689, #4806 ) ) ;
#2760 = DIRECTION ( 'NONE',  ( -0.000000000000000000, -1.000000000000000000, -0.000000000000000000 ) ) ;
#2761 = DIRECTION ( 'NONE',  ( 0.000000000000000000, 1.000000000000000000, 0.000000000000000000 ) ) ;
#2762 = ADVANCED_FACE ( 'NONE', ( #5487 ), #2904, .T. ) ;
#2763 = DIRECTION ( 'NONE',  ( 0.000000000000000000, -1.000000000000000000, 0.000000000000000000 ) ) ;
#2764 = DIRECTION ( 'NONE',  ( 3.491481338843133355E-15, -0.000000000000000000, 1.000000000000000000 ) ) ;
#2765 = VERTEX_POINT ( 'NONE', #2470 ) ;
#2766 = VERTEX_POINT ( 'NONE', #5513 ) ;
#2767 = PLANE ( 'NONE',  #673 ) ;
#2768 = VERTEX_POINT ( 'NONE', #2437 ) ;
#2769 = LINE ( 'NONE', #5403, #2918 ) ;
#2770 = ORIENTED_EDGE ( 'NONE', *, *, #2018, .F. ) ;
#2771 = CYLINDRICAL_SURFACE ( 'NONE', #2715, 0.1000000000000000472 ) ;
#2772 = ORIENTED_EDGE ( 'NONE', *, *, #3027, .F. ) ;
#2773 = DIRECTION ( 'NONE',  ( 3.491481338843133355E-15, 0.000000000000000000, 1.000000000000000000 ) ) ;
#2774 = DIRECTION ( 'NONE',  ( -1.000000000000000000, 0.000000000000000000, 3.491481338843133355E-15 ) ) ;
#2775 = MANIFOLD_SOLID_BREP ( 'Boss-Extrude2[3]', #705 ) ;
#2776 = CARTESIAN_POINT ( 'NONE',  ( 0.8500000000000003109, 0.02500000000000006384, -2.967759138016664141E-15 ) ) ;
#2777 = ORIENTED_EDGE ( 'NONE', *, *, #5431, .F. ) ;
#2778 = CARTESIAN_POINT ( 'NONE',  ( -1.300000000000003819, 2.168404344971008868E-16, -1.199999999999995293 ) ) ;
#2779 = DIRECTION ( 'NONE',  ( -0.000000000000000000, -1.000000000000000000, -0.000000000000000000 ) ) ;
#2780 = CARTESIAN_POINT ( 'NONE',  ( 0.8500000000000038636, 0.1999999999999998723, 1.099999999999996758 ) ) ;
#2781 = EDGE_LOOP ( 'NONE', ( #4690, #4591, #1635, #2496, #4166, #980, #2860, #2746, #4208, #317, #3686, #4237, #4254, #290, #2377, #5399, #3914, #3394, #270, #2837, #1825, #1070, #4685, #2275, #1253, #253, #2395, #4460, #395, #1718, #4508, #3264 ) ) ;
#2782 = FILL_AREA_STYLE ('',( #1020 ) ) ;
#2783 = VERTEX_POINT ( 'NONE', #2530 ) ;
#2784 = DIRECTION ( 'NONE',  ( 1.000000000000000000, -0.000000000000000000, -3.491481338843133355E-15 ) ) ;
#2785 = CARTESIAN_POINT ( 'NONE',  ( 1.499999999999994005, 0.02500000000000006384, -1.500000000000004885 ) ) ;
#2786 = LINE ( 'NONE', #4193, #2706 ) ;
#2787 = EDGE_CURVE ( 'NONE', #2260, #4580, #1523, .T. ) ;
#2788 =( NAMED_UNIT ( * ) SI_UNIT ( $, .STERADIAN. ) SOLID_ANGLE_UNIT ( ) );
#2789 = ORIENTED_EDGE ( 'NONE', *, *, #1302, .F. ) ;
#2790 = DIRECTION ( 'NONE',  ( 0.000000000000000000, 1.000000000000000000, 0.000000000000000000 ) ) ;
#2791 = ORIENTED_EDGE ( 'NONE', *, *, #1778, .T. ) ;
#2792 = CARTESIAN_POINT ( 'NONE',  ( 1.300000000000002709, 0.02500000000000006384, 0.8999999999999955813 ) ) ;
#2793 = DIRECTION ( 'NONE',  ( -1.000000000000000000, -0.000000000000000000, 3.491481338843133355E-15 ) ) ;
#2794 = ADVANCED_FACE ( 'NONE', ( #5185 ), #848, .F. ) ;
#2795 = CIRCLE ( 'NONE', #2517, 0.05000000000000012768 ) ;
#2796 = MECHANICAL_DESIGN_GEOMETRIC_PRESENTATION_REPRESENTATION (  '', ( #3602 ), #2154 ) ;
#2797 = ORIENTED_EDGE ( 'NONE', *, *, #2893, .F. ) ;
#2798 = CARTESIAN_POINT ( 'NONE',  ( -1.299999999999997380, 0.02500000000000006384, 0.7000000000000043965 ) ) ;
#2799 = PLANE ( 'NONE',  #4334 ) ;
#2800 = VERTEX_POINT ( 'NONE', #2211 ) ;
#2801 = VECTOR ( 'NONE', #4661, 1000.000000000000000 ) ;
#2802 = VECTOR ( 'NONE', #817, 1000.000000000000000 ) ;
#2803 = DIRECTION ( 'NONE',  ( 3.491481338843133355E-15, -0.000000000000000000, 1.000000000000000000 ) ) ;
#2804 = AXIS2_PLACEMENT_3D ( 'NONE', #992, #2286, #4011 ) ;
#2805 = ADVANCED_FACE ( 'NONE', ( #2187 ), #2597, .F. ) ;
#2806 = ORIENTED_EDGE ( 'NONE', *, *, #2554, .F. ) ;
#2807 = VECTOR ( 'NONE', #170, 1000.000000000000000 ) ;
#2808 = DIRECTION ( 'NONE',  ( 0.000000000000000000, -1.000000000000000000, 0.000000000000000000 ) ) ;
#2809 = VECTOR ( 'NONE', #5136, 1000.000000000000000 ) ;
#2810 = FACE_OUTER_BOUND ( 'NONE', #4706, .T. ) ;
#2811 = AXIS2_PLACEMENT_3D ( 'NONE', #2475, #1947, #4582 ) ;
#2812 = ORIENTED_EDGE ( 'NONE', *, *, #3367, .F. ) ;
#2813 = VECTOR ( 'NONE', #2612, 1000.000000000000000 ) ;
#2814 = DIRECTION ( 'NONE',  ( 0.000000000000000000, 1.000000000000000000, 0.000000000000000000 ) ) ;
#2815 = ORIENTED_EDGE ( 'NONE', *, *, #1406, .T. ) ;
#2816 = LINE ( 'NONE', #2290, #5641 ) ;
#2817 = LINE ( 'NONE', #2785, #5438 ) ;
#2818 = CIRCLE ( 'NONE', #1975, 0.1000000000000000472 ) ;
#2819 = CARTESIAN_POINT ( 'NONE',  ( -1.201669740778655404, 0.8000000000000001554, -1.201669740778646078 ) ) ;
#2820 = VECTOR ( 'NONE', #5605, 1000.000000000000000 ) ;
#2821 = DIRECTION ( 'NONE',  ( -0.000000000000000000, -1.000000000000000000, -0.000000000000000000 ) ) ;
#2822 = VERTEX_POINT ( 'NONE', #4364 ) ;
#2823 = ORIENTED_EDGE ( 'NONE', *, *, #833, .F. ) ;
#2824 = DIRECTION ( 'NONE',  ( -1.000000000000000000, 0.000000000000000000, 3.392917504980814878E-15 ) ) ;
#2825 = CARTESIAN_POINT ( 'NONE',  ( -1.500000000000002442, 0.8000000000000001554, -0.4999999999999947820 ) ) ;
#2826 = CARTESIAN_POINT ( 'NONE',  ( 1.299999999999999822, -3.660069929215019169, -4.538925740496072573E-15 ) ) ;
#2827 = VECTOR ( 'NONE', #2412, 1000.000000000000000 ) ;
#2828 = CIRCLE ( 'NONE', #5272, 0.1000000000000000472 ) ;
#2829 = DIRECTION ( 'NONE',  ( 1.000000000000000000, 0.000000000000000000, -3.491481338843133355E-15 ) ) ;
#2830 = EDGE_LOOP ( 'NONE', ( #2146, #3839, #3719, #3753 ) ) ;
#2831 = CARTESIAN_POINT ( 'NONE',  ( 0.8499999999999964251, 2.168404344971008868E-16, -1.100000000000003197 ) ) ;
#2832 = ORIENTED_EDGE ( 'NONE', *, *, #1432, .F. ) ;
#2833 = FACE_OUTER_BOUND ( 'NONE', #2195, .T. ) ;
#2834 = AXIS2_PLACEMENT_3D ( 'NONE', #2580, #493, #1812 ) ;
#2835 = LINE ( 'NONE', #4560, #3337 ) ;
#2836 = CARTESIAN_POINT ( 'NONE',  ( -1.199999999999999734, 0.1999999999999998723, 4.189777606611758449E-15 ) ) ;
#2837 = ORIENTED_EDGE ( 'NONE', *, *, #4104, .T. ) ;
#2838 = ADVANCED_FACE ( 'NONE', ( #5212 ), #3390, .F. ) ;
#2839 = CARTESIAN_POINT ( 'NONE',  ( 1.500000000000003553, 0.8000000000000001554, 1.099999999999994538 ) ) ;
#2840 = DIRECTION ( 'NONE',  ( 0.000000000000000000, 1.000000000000000000, 0.000000000000000000 ) ) ;
#2841 = FACE_OUTER_BOUND ( 'NONE', #3731, .T. ) ;
#2842 = CARTESIAN_POINT ( 'NONE',  ( 1.499999999999995781, 0.2000000000000000944, -1.100000000000004974 ) ) ;
#2843 = ORIENTED_EDGE ( 'NONE', *, *, #97, .F. ) ;
#2844 = DIRECTION ( 'NONE',  ( 0.000000000000000000, 1.000000000000000000, 0.000000000000000000 ) ) ;
#2845 = ORIENTED_EDGE ( 'NONE', *, *, #378, .F. ) ;
#2846 = DIRECTION ( 'NONE',  ( -1.000000000000000000, 0.000000000000000000, 3.252606517456511724E-15 ) ) ;
#2847 = CARTESIAN_POINT ( 'NONE',  ( 1.500000000000000666, 0.2000000000000000111, 0.2999999999999946598 ) ) ;
#2848 = CARTESIAN_POINT ( 'NONE',  ( -1.076627600957133168, 0.8000000000000001554, -1.201669740778646522 ) ) ;
#2849 =( NAMED_UNIT ( * ) SI_UNIT ( $, .STERADIAN. ) SOLID_ANGLE_UNIT ( ) );
#2850 = ORIENTED_EDGE ( 'NONE', *, *, #4505, .T. ) ;
#2851 = CARTESIAN_POINT ( 'NONE',  ( 1.500000000000003553, 0.2000000000000000944, 1.099999999999994538 ) ) ;
#2852 = ORIENTED_EDGE ( 'NONE', *, *, #5567, .T. ) ;
#2853 = CARTESIAN_POINT ( 'NONE',  ( 1.299999999999998490, 0.2000000000000000944, -0.4000000000000045186 ) ) ;
#2854 = EDGE_CURVE ( 'NONE', #1337, #3212, #5233, .T. ) ;
#2855 = DIRECTION ( 'NONE',  ( 0.000000000000000000, 1.000000000000000000, 0.000000000000000000 ) ) ;
#2856 = ORIENTED_EDGE ( 'NONE', *, *, #4609, .T. ) ;
#2857 = EDGE_LOOP ( 'NONE', ( #3465, #1780, #2113, #80 ) ) ;
#2858 = PRESENTATION_STYLE_ASSIGNMENT (( #1506 ) ) ;
#2859 = CARTESIAN_POINT ( 'NONE',  ( -1.500000000000002442, 0.2000000000000000944, -0.6999999999999948486 ) ) ;
#2860 = ORIENTED_EDGE ( 'NONE', *, *, #3352, .F. ) ;
#2861 = CYLINDRICAL_SURFACE ( 'NONE', #1984, 0.1000000000000000472 ) ;
#2862 = EDGE_CURVE ( 'NONE', #826, #456, #1272, .T. ) ;
#2863 = LINE ( 'NONE', #726, #1730 ) ;
#2864 = EDGE_CURVE ( 'NONE', #2111, #4989, #2961, .T. ) ;
#2865 = DIRECTION ( 'NONE',  ( -1.000000000000000000, 0.000000000000000000, 3.252606517456511724E-15 ) ) ;
#2866 = APPLICATION_CONTEXT ( 'automotive_design' ) ;
#2867 = DIRECTION ( 'NONE',  ( 1.000000000000000000, 0.000000000000000000, -3.491481338843133355E-15 ) ) ;
#2868 = VERTEX_POINT ( 'NONE', #4311 ) ;
#2869 = CARTESIAN_POINT ( 'NONE',  ( -1.300000000000000933, 0.2000000000000000944, -0.3999999999999954148 ) ) ;
#2870 = ADVANCED_FACE ( 'NONE', ( #3880 ), #3828, .F. ) ;
#2871 = LINE ( 'NONE', #638, #4423 ) ;
#2872 =( LENGTH_UNIT ( ) NAMED_UNIT ( * ) SI_UNIT ( .MILLI., .METRE. ) );
#2873 = EDGE_CURVE ( 'NONE', #567, #3061, #1740, .T. ) ;
#2874 = ORIENTED_EDGE ( 'NONE', *, *, #4071, .T. ) ;
#2875 = CARTESIAN_POINT ( 'NONE',  ( -1.499999999999997780, 0.2000000000000000944, 0.7000000000000051736 ) ) ;
#2876 = ORIENTED_EDGE ( 'NONE', *, *, #4470, .T. ) ;
#2877 = ADVANCED_FACE ( 'NONE', ( #3052 ), #2620, .F. ) ;
#2878 = DIRECTION ( 'NONE',  ( -0.000000000000000000, -1.000000000000000000, 0.000000000000000000 ) ) ;
#2879 = LINE ( 'NONE', #1473, #3796 ) ;
#2880 = PLANE ( 'NONE',  #5533 ) ;
#2881 = ORIENTED_EDGE ( 'NONE', *, *, #3561, .T. ) ;
#2882 = DIRECTION ( 'NONE',  ( -1.000000000000000000, 0.000000000000000000, 3.252606517456511724E-15 ) ) ;
#2883 = EDGE_LOOP ( 'NONE', ( #1866, #3506, #4697, #3300 ) ) ;
#2884 = DIRECTION ( 'NONE',  ( 0.000000000000000000, 1.000000000000000000, 0.000000000000000000 ) ) ;
#2885 = FACE_OUTER_BOUND ( 'NONE', #3420, .T. ) ;
#2886 = ORIENTED_EDGE ( 'NONE', *, *, #825, .T. ) ;
#2887 = CARTESIAN_POINT ( 'NONE',  ( 1.299999999999996714, 0.2000000000000000944, -0.9000000000000049072 ) ) ;
#2888 = AXIS2_PLACEMENT_3D ( 'NONE', #2293, #4016, #5612 ) ;
#2889 = DIRECTION ( 'NONE',  ( -1.000000000000000000, 0.000000000000000000, 3.491481338843133355E-15 ) ) ;
#2890 = EDGE_CURVE ( 'NONE', #1371, #3401, #1460, .T. ) ;
#2891 = VECTOR ( 'NONE', #3597, 1000.000000000000000 ) ;
#2892 = CIRCLE ( 'NONE', #1417, 0.1000000000000000472 ) ;
#2893 = EDGE_CURVE ( 'NONE', #3968, #1461, #4852, .T. ) ;
#2894 = CARTESIAN_POINT ( 'NONE',  ( -1.500000000000004219, 2.168404344971008868E-16, -1.299999999999994937 ) ) ;
#2895 = CARTESIAN_POINT ( 'NONE',  ( -1.299999999999998712, 1.626303258728256651E-16, 0.3000000000000044853 ) ) ;
#2896 = VECTOR ( 'NONE', #4004, 1000.000000000000000 ) ;
#2897 = LINE ( 'NONE', #1111, #4436 ) ;
#2898 = ORIENTED_EDGE ( 'NONE', *, *, #2718, .T. ) ;
#2899 = DIRECTION ( 'NONE',  ( 0.000000000000000000, 1.000000000000000000, 0.000000000000000000 ) ) ;
#2900 = DIRECTION ( 'NONE',  ( 3.636041628507867543E-15, 0.000000000000000000, 1.000000000000000000 ) ) ;
#2901 = FACE_OUTER_BOUND ( 'NONE', #5353, .T. ) ;
#2902 = AXIS2_PLACEMENT_3D ( 'NONE', #501, #2265, #2734 ) ;
#2903 = AXIS2_PLACEMENT_3D ( 'NONE', #2540, #1890, #2294 ) ;
#2904 = CYLINDRICAL_SURFACE ( 'NONE', #5522, 0.1000000000000000472 ) ;
#2905 = ORIENTED_EDGE ( 'NONE', *, *, #2380, .F. ) ;
#2906 = CARTESIAN_POINT ( 'NONE',  ( -1.499999999999998446, 0.2000000000000000944, 0.3000000000000051514 ) ) ;
#2907 = VERTEX_POINT ( 'NONE', #4472 ) ;
#2908 = VECTOR ( 'NONE', #5002, 1000.000000000000000 ) ;
#2909 = CARTESIAN_POINT ( 'NONE',  ( 1.200000000000001066, 0.2000000000000000944, 0.3999999999999957478 ) ) ;
#2910 = DIRECTION ( 'NONE',  ( 3.636041628507867543E-15, 0.000000000000000000, 1.000000000000000000 ) ) ;
#2911 = VECTOR ( 'NONE', #4531, 1000.000000000000000 ) ;
#2912 = COLOUR_RGB ( '',1.000000000000000000, 1.000000000000000000, 1.000000000000000000 ) ;
#2913 = DIRECTION ( 'NONE',  ( 1.000000000000000000, 0.000000000000000000, -3.491481338843133355E-15 ) ) ;
#2914 = FILL_AREA_STYLE_COLOUR ( '', #4253 ) ;
#2915 = ORIENTED_EDGE ( 'NONE', *, *, #4761, .F. ) ;
#2916 = ADVANCED_FACE ( 'NONE', ( #2756 ), #3546, .T. ) ;
#2917 = ORIENTED_EDGE ( 'NONE', *, *, #4470, .F. ) ;
#2918 = VECTOR ( 'NONE', #1829, 1000.000000000000000 ) ;
#2919 = FACE_OUTER_BOUND ( 'NONE', #207, .T. ) ;
#2920 = VECTOR ( 'NONE', #2381, 1000.000000000000000 ) ;
#2921 = CARTESIAN_POINT ( 'NONE',  ( 1.500000000000001332, 1.456896669277396583E-16, 0.4999999999999947820 ) ) ;
#2922 = VECTOR ( 'NONE', #2814, 1000.000000000000000 ) ;
#2923 = VERTEX_POINT ( 'NONE', #2780 ) ;
#2924 = PLANE ( 'NONE',  #3187 ) ;
#2925 = ORIENTED_EDGE ( 'NONE', *, *, #1531, .F. ) ;
#2926 = LINE ( 'NONE', #2839, #1543 ) ;
#2927 = VECTOR ( 'NONE', #2135, 1000.000000000000000 ) ;
#2928 = CARTESIAN_POINT ( 'NONE',  ( -1.300000000000000711, 2.168404344971008868E-16, -0.2999999999999953815 ) ) ;
#2929 = DIRECTION ( 'NONE',  ( 0.000000000000000000, 1.000000000000000000, 0.000000000000000000 ) ) ;
#2930 = DIRECTION ( 'NONE',  ( 0.000000000000000000, 1.000000000000000000, 0.000000000000000000 ) ) ;
#2931 = VERTEX_POINT ( 'NONE', #3631 ) ;
#2932 = CARTESIAN_POINT ( 'NONE',  ( 1.299999999999998490, -3.660069929215019169, -0.4000000000000045186 ) ) ;
#2933 = CARTESIAN_POINT ( 'NONE',  ( -1.299999999999995604, 0.1999999999999998723, 1.200000000000004396 ) ) ;
#2934 = SURFACE_STYLE_USAGE ( .BOTH. , #42 ) ;
#2935 = ORIENTED_EDGE ( 'NONE', *, *, #4651, .T. ) ;
#2936 = ORIENTED_EDGE ( 'NONE', *, *, #1767, .T. ) ;
#2937 = ADVANCED_FACE ( 'NONE', ( #87 ), #3124, .F. ) ;
#2938 = CARTESIAN_POINT ( 'NONE',  ( 1.500000000000004219, -3.660069929215019169, 1.299999999999994937 ) ) ;
#2939 = DIRECTION ( 'NONE',  ( 1.000000000000000000, 0.000000000000000000, -3.491481338843133355E-15 ) ) ;
#2940 = LINE ( 'NONE', #3423, #4252 ) ;
#2941 = PLANE ( 'NONE',  #3984 ) ;
#2942 = ADVANCED_FACE ( 'NONE', ( #4034 ), #3, .F. ) ;
#2943 = SURFACE_SIDE_STYLE ('',( #2477 ) ) ;
#2944 = ORIENTED_EDGE ( 'NONE', *, *, #192, .T. ) ;
#2945 = CARTESIAN_POINT ( 'NONE',  ( 1.200000000000001066, 0.02500000000000006384, 0.3999999999999957478 ) ) ;
#2946 = VERTEX_POINT ( 'NONE', #549 ) ;
#2947 = CARTESIAN_POINT ( 'NONE',  ( -0.8499999999999962030, 0.02500000000000006384, 1.100000000000003197 ) ) ;
#2948 = CARTESIAN_POINT ( 'NONE',  ( 1.299999999999998046, -2.710505431213761085E-16, -0.5000000000000045519 ) ) ;
#2949 = VERTEX_POINT ( 'NONE', #3515 ) ;
#2950 = CARTESIAN_POINT ( 'NONE',  ( 1.300000000000003819, 2.168404344971008868E-16, 1.199999999999995293 ) ) ;
#2951 = ORIENTED_EDGE ( 'NONE', *, *, #1243, .F. ) ;
#2952 = ORIENTED_EDGE ( 'NONE', *, *, #3917, .T. ) ;
#2953 = LINE ( 'NONE', #2516, #5534 ) ;
#2954 = CARTESIAN_POINT ( 'NONE',  ( 1.299999999999998712, 0.2000000000000000944, -0.3000000000000044853 ) ) ;
#2955 = DIRECTION ( 'NONE',  ( -3.491481338843133355E-15, 0.000000000000000000, -1.000000000000000000 ) ) ;
#2956 = CARTESIAN_POINT ( 'NONE',  ( -1.500000000000004885, 0.8000000000000001554, -1.099999999999994538 ) ) ;
#2957 = CARTESIAN_POINT ( 'NONE',  ( 1.499999999999998446, -3.660069929215019169, -0.3000000000000051514 ) ) ;
#2958 = VERTEX_POINT ( 'NONE', #3147 ) ;
#2959 = FACE_OUTER_BOUND ( 'NONE', #2282, .T. ) ;
#2960 = CARTESIAN_POINT ( 'NONE',  ( 1.300000000000004263, -3.660069929215019169, 1.299999999999995381 ) ) ;
#2961 = LINE ( 'NONE', #880, #3609 ) ;
#2962 = VERTEX_POINT ( 'NONE', #5304 ) ;
#2963 = EDGE_CURVE ( 'NONE', #1095, #456, #1415, .T. ) ;
#2964 = CARTESIAN_POINT ( 'NONE',  ( -1.499999999999995781, 0.2000000000000000944, 1.100000000000004974 ) ) ;
#2965 = ORIENTED_EDGE ( 'NONE', *, *, #1064, .F. ) ;
#2966 = DIRECTION ( 'NONE',  ( -0.000000000000000000, -1.000000000000000000, -0.000000000000000000 ) ) ;
#2967 = DIRECTION ( 'NONE',  ( 1.000000000000000000, 0.000000000000000000, -2.168404344971007685E-15 ) ) ;
#2968 = ADVANCED_FACE ( 'NONE', ( #5332 ), #4501, .T. ) ;
#2969 = DIRECTION ( 'NONE',  ( -0.000000000000000000, -1.000000000000000000, 0.000000000000000000 ) ) ;
#2970 = PLANE ( 'NONE',  #4449 ) ;
#2971 = CYLINDRICAL_SURFACE ( 'NONE', #3974, 0.1000000000000000472 ) ;
#2972 = ORIENTED_EDGE ( 'NONE', *, *, #4309, .F. ) ;
#2973 = DIRECTION ( 'NONE',  ( -1.000000000000000000, 0.000000000000000000, 3.252606517456511724E-15 ) ) ;
#2974 = ORIENTED_EDGE ( 'NONE', *, *, #5232, .T. ) ;
#2975 = EDGE_CURVE ( 'NONE', #3091, #834, #5255, .T. ) ;
#2976 = LINE ( 'NONE', #4144, #575 ) ;
#2977 = PLANE ( 'NONE',  #2061 ) ;
#2978 = ORIENTED_EDGE ( 'NONE', *, *, #4134, .T. ) ;
#2979 = DIRECTION ( 'NONE',  ( -1.000000000000000000, -0.000000000000000000, 3.491481338843133355E-15 ) ) ;
#2980 = ORIENTED_EDGE ( 'NONE', *, *, #3684, .T. ) ;
#2981 = EDGE_CURVE ( 'NONE', #1478, #2239, #5366, .T. ) ;
#2982 = ORIENTED_EDGE ( 'NONE', *, *, #954, .T. ) ;
#2983 = PLANE ( 'NONE',  #2178 ) ;
#2984 = EDGE_CURVE ( 'NONE', #88, #1870, #3100, .T. ) ;
#2985 = DIRECTION ( 'NONE',  ( 1.000000000000000000, 0.000000000000000000, -3.491481338843133355E-15 ) ) ;
#2986 = CARTESIAN_POINT ( 'NONE',  ( 0.7999999999999963807, 0.1999999999999998723, -1.100000000000002975 ) ) ;
#2987 = DIRECTION ( 'NONE',  ( 3.491481338843133355E-15, 0.000000000000000000, 1.000000000000000000 ) ) ;
#2988 = ORIENTED_EDGE ( 'NONE', *, *, #4286, .T. ) ;
#2989 = CARTESIAN_POINT ( 'NONE',  ( 1.499999999999996669, 0.2000000000000000111, -0.9000000000000054623 ) ) ;
#2990 = VECTOR ( 'NONE', #4396, 1000.000000000000000 ) ;
#2991 = CARTESIAN_POINT ( 'NONE',  ( 1.499999999999998446, 0.02500000000000006384, -0.3000000000000051514 ) ) ;
#2992 = VECTOR ( 'NONE', #3589, 1000.000000000000000 ) ;
#2993 = EDGE_LOOP ( 'NONE', ( #2400, #1634, #1273, #2996 ) ) ;
#2994 = CIRCLE ( 'NONE', #3706, 0.1000000000000000472 ) ;
#2995 = DIRECTION ( 'NONE',  ( -0.000000000000000000, -1.000000000000000000, -0.000000000000000000 ) ) ;
#2996 = ORIENTED_EDGE ( 'NONE', *, *, #278, .F. ) ;
#2997 = CARTESIAN_POINT ( 'NONE',  ( 1.500000000000004219, 0.2000000000000000944, 1.299999999999994937 ) ) ;
#2998 = DIRECTION ( 'NONE',  ( -0.000000000000000000, -1.000000000000000000, -0.000000000000000000 ) ) ;
#2999 = DIRECTION ( 'NONE',  ( 0.000000000000000000, 1.000000000000000000, 0.000000000000000000 ) ) ;
#3000 = VECTOR ( 'NONE', #5191, 1000.000000000000000 ) ;
#3001 = DIRECTION ( 'NONE',  ( -1.000000000000000000, 0.000000000000000000, 4.336808689942015369E-15 ) ) ;
#3002 = ORIENTED_EDGE ( 'NONE', *, *, #959, .F. ) ;
#3003 = VECTOR ( 'NONE', #2092, 1000.000000000000000 ) ;
#3004 = ORIENTED_EDGE ( 'NONE', *, *, #1698, .F. ) ;
#3005 = AXIS2_PLACEMENT_3D ( 'NONE', #867, #5145, #1668 ) ;
#3006 = LINE ( 'NONE', #2737, #2624 ) ;
#3007 = AXIS2_PLACEMENT_3D ( 'NONE', #3626, #4936, #4533 ) ;
#3008 = ORIENTED_EDGE ( 'NONE', *, *, #3352, .T. ) ;
#3009 = FACE_OUTER_BOUND ( 'NONE', #4287, .T. ) ;
#3010 = VERTEX_POINT ( 'NONE', #4832 ) ;
#3011 = VERTEX_POINT ( 'NONE', #114 ) ;
#3012 = AXIS2_PLACEMENT_3D ( 'NONE', #2950, #778, #3843 ) ;
#3013 = CARTESIAN_POINT ( 'NONE',  ( 1.299999999999996714, 0.2000000000000000944, -0.9000000000000049072 ) ) ;
#3014 = AXIS2_PLACEMENT_3D ( 'NONE', #4191, #264, #5086 ) ;
#3015 = LINE ( 'NONE', #356, #5269 ) ;
#3016 = LINE ( 'NONE', #1227, #2802 ) ;
#3017 = DIRECTION ( 'NONE',  ( -1.000000000000000000, 0.000000000000000000, 3.491481338843133355E-15 ) ) ;
#3018 = CIRCLE ( 'NONE', #516, 0.05000000000000002359 ) ;
#3019 = CARTESIAN_POINT ( 'NONE',  ( -1.300000000000003597, 0.2000000000000000944, -1.099999999999995204 ) ) ;
#3020 = LINE ( 'NONE', #2145, #3639 ) ;
#3021 = ORIENTED_EDGE ( 'NONE', *, *, #205, .T. ) ;
#3022 = ADVANCED_FACE ( 'NONE', ( #4877 ), #1426, .T. ) ;
#3023 = DIRECTION ( 'NONE',  ( -1.000000000000000000, 0.000000000000000000, 3.491481338843133355E-15 ) ) ;
#3024 = LINE ( 'NONE', #3769, #878 ) ;
#3025 = CIRCLE ( 'NONE', #3480, 0.1000000000000000472 ) ;
#3026 = DIRECTION ( 'NONE',  ( -1.000000000000000000, 0.000000000000000000, 3.491481338843133355E-15 ) ) ;
#3027 = EDGE_CURVE ( 'NONE', #2768, #470, #2229, .T. ) ;
#3028 = DIRECTION ( 'NONE',  ( -3.636041628507867543E-15, 0.000000000000000000, -1.000000000000000000 ) ) ;
#3029 = ORIENTED_EDGE ( 'NONE', *, *, #4304, .T. ) ;
#3030 = MECHANICAL_DESIGN_GEOMETRIC_PRESENTATION_REPRESENTATION (  '', ( #2468 ), #713 ) ;
#3031 = LINE ( 'NONE', #882, #3557 ) ;
#3032 = ORIENTED_EDGE ( 'NONE', *, *, #468, .T. ) ;
#3033 = DIRECTION ( 'NONE',  ( 0.000000000000000000, 1.000000000000000000, 0.000000000000000000 ) ) ;
#3034 = LINE ( 'NONE', #2032, #2532 ) ;
#3035 = CARTESIAN_POINT ( 'NONE',  ( 1.500000000000001332, -3.660069929215019169, 0.4999999999999947820 ) ) ;
#3036 = CARTESIAN_POINT ( 'NONE',  ( 1.500000000000001332, 0.02500000000000006384, 0.4999999999999947820 ) ) ;
#3037 = ORIENTED_EDGE ( 'NONE', *, *, #4275, .F. ) ;
#3038 = ORIENTED_EDGE ( 'NONE', *, *, #286, .F. ) ;
#3039 = LINE ( 'NONE', #1822, #2526 ) ;
#3040 = ORIENTED_EDGE ( 'NONE', *, *, #1079, .T. ) ;
#3041 = CARTESIAN_POINT ( 'NONE',  ( -1.499999999999999556, 0.000000000000000000, 5.237222008264698455E-15 ) ) ;
#3042 = ORIENTED_EDGE ( 'NONE', *, *, #2560, .F. ) ;
#3043 = CARTESIAN_POINT ( 'NONE',  ( -1.499999999999998446, 0.1999999999999998723, 0.3000000000000051514 ) ) ;
#3044 = FILL_AREA_STYLE_COLOUR ( '', #2726 ) ;
#3045 = EDGE_CURVE ( 'NONE', #1893, #3516, #4124, .T. ) ;
#3046 = DIRECTION ( 'NONE',  ( -1.000000000000000000, 0.000000000000000000, 3.491481338843133355E-15 ) ) ;
#3047 = VERTEX_POINT ( 'NONE', #1552 ) ;
#3048 = CARTESIAN_POINT ( 'NONE',  ( -1.499999999999997780, 0.1999999999999998723, 0.5000000000000052180 ) ) ;
#3049 = DIRECTION ( 'NONE',  ( -1.000000000000000000, 0.000000000000000000, 2.168404344971007685E-15 ) ) ;
#3050 = EDGE_CURVE ( 'NONE', #3091, #3434, #1576, .T. ) ;
#3051 = PLANE ( 'NONE',  #2056 ) ;
#3052 = FACE_OUTER_BOUND ( 'NONE', #4972, .T. ) ;
#3053 = ORIENTED_EDGE ( 'NONE', *, *, #1146, .T. ) ;
#3054 = EDGE_CURVE ( 'NONE', #2224, #3969, #3260, .T. ) ;
#3055 = DIRECTION ( 'NONE',  ( -1.000000000000000000, -0.000000000000000000, 3.491481338843133355E-15 ) ) ;
#3056 = ORIENTED_EDGE ( 'NONE', *, *, #2035, .F. ) ;
#3057 = LINE ( 'NONE', #3884, #4635 ) ;
#3058 = DIRECTION ( 'NONE',  ( 3.636041628507867543E-15, 0.000000000000000000, 1.000000000000000000 ) ) ;
#3059 =( NAMED_UNIT ( * ) PLANE_ANGLE_UNIT ( ) SI_UNIT ( $, .RADIAN. ) );
#3060 = VERTEX_POINT ( 'NONE', #1047 ) ;
#3061 = VERTEX_POINT ( 'NONE', #2024 ) ;
#3062 = ORIENTED_EDGE ( 'NONE', *, *, #1150, .F. ) ;
#3063 = DIRECTION ( 'NONE',  ( -1.000000000000000000, 0.000000000000000000, 3.491481338843133355E-15 ) ) ;
#3064 = VERTEX_POINT ( 'NONE', #699 ) ;
#3065 = ORIENTED_EDGE ( 'NONE', *, *, #2306, .T. ) ;
#3066 = DIRECTION ( 'NONE',  ( -0.000000000000000000, -1.000000000000000000, -0.000000000000000000 ) ) ;
#3067 = DIRECTION ( 'NONE',  ( -3.491481338843133355E-15, 0.000000000000000000, -1.000000000000000000 ) ) ;
#3068 = ORIENTED_EDGE ( 'NONE', *, *, #3470, .F. ) ;
#3069 = CARTESIAN_POINT ( 'NONE',  ( -1.299999999999996714, 0.2000000000000000944, 0.9000000000000046851 ) ) ;
#3070 = DIRECTION ( 'NONE',  ( 0.000000000000000000, 1.000000000000000000, 0.000000000000000000 ) ) ;
#3071 = ADVANCED_FACE ( 'NONE', ( #1170 ), #235, .F. ) ;
#3072 = VERTEX_POINT ( 'NONE', #1085 ) ;
#3073 = DIRECTION ( 'NONE',  ( 1.000000000000000000, 0.000000000000000000, -3.491481338843133355E-15 ) ) ;
#3074 = ORIENTED_EDGE ( 'NONE', *, *, #4044, .T. ) ;
#3075 = VECTOR ( 'NONE', #3438, 1000.000000000000000 ) ;
#3076 = APPLICATION_PROTOCOL_DEFINITION ( 'draft international standard', 'automotive_design', 1998, #2866 ) ;
#3077 = DIRECTION ( 'NONE',  ( 3.491481338843133355E-15, -0.000000000000000000, 1.000000000000000000 ) ) ;
#3078 = ADVANCED_FACE ( 'NONE', ( #3765 ), #5053, .F. ) ;
#3079 = VECTOR ( 'NONE', #2929, 1000.000000000000000 ) ;
#3080 = CIRCLE ( 'NONE', #1714, 0.1000000000000000472 ) ;
#3081 = DIRECTION ( 'NONE',  ( 0.000000000000000000, -1.000000000000000000, 0.000000000000000000 ) ) ;
#3082 = ORIENTED_EDGE ( 'NONE', *, *, #1613, .T. ) ;
#3083 = EDGE_LOOP ( 'NONE', ( #3004, #4878, #180, #4867 ) ) ;
#3084 = VECTOR ( 'NONE', #4689, 1000.000000000000000 ) ;
#3085 = CARTESIAN_POINT ( 'NONE',  ( -1.299999999999998490, 2.168404344971008868E-16, 0.4000000000000045186 ) ) ;
#3086 = PRODUCT_RELATED_PRODUCT_CATEGORY ( 'part', '', ( #4570 ) ) ;
#3087 = VECTOR ( 'NONE', #2910, 1000.000000000000000 ) ;
#3088 = EDGE_LOOP ( 'NONE', ( #2630, #2480, #3549, #127 ) ) ;
#3089 = VECTOR ( 'NONE', #5663, 1000.000000000000000 ) ;
#3090 = CARTESIAN_POINT ( 'NONE',  ( -1.300000000000003597, 0.02500000000000006384, -1.099999999999995204 ) ) ;
#3091 = VERTEX_POINT ( 'NONE', #2895 ) ;
#3092 = VECTOR ( 'NONE', #1993, 1000.000000000000000 ) ;
#3093 = DIRECTION ( 'NONE',  ( 1.000000000000000000, 0.000000000000000000, -3.252606517456511724E-15 ) ) ;
#3094 = AXIS2_PLACEMENT_3D ( 'NONE', #392, #3417, #5182 ) ;
#3095 =( NAMED_UNIT ( * ) SI_UNIT ( $, .STERADIAN. ) SOLID_ANGLE_UNIT ( ) );
#3096 = VECTOR ( 'NONE', #3858, 1000.000000000000000 ) ;
#3097 = CARTESIAN_POINT ( 'NONE',  ( -0.8500000000000023093, 0.02500000000000006384, -0.7999999999999970468 ) ) ;
#3098 = EDGE_CURVE ( 'NONE', #822, #1152, #2464, .T. ) ;
#3099 = VECTOR ( 'NONE', #2025, 1000.000000000000000 ) ;
#3100 = LINE ( 'NONE', #2259, #1142 ) ;
#3101 = VERTEX_POINT ( 'NONE', #261 ) ;
#3102 = CARTESIAN_POINT ( 'NONE',  ( 1.300000000000003597, 0.2000000000000000944, 1.099999999999995204 ) ) ;
#3103 = ORIENTED_EDGE ( 'NONE', *, *, #787, .T. ) ;
#3104 = CARTESIAN_POINT ( 'NONE',  ( -0.8500000000000023093, 0.2000000000000000944, -0.7999999999999970468 ) ) ;
#3105 = CARTESIAN_POINT ( 'NONE',  ( 0.000000000000000000, 0.000000000000000000, 0.000000000000000000 ) ) ;
#3106 = VECTOR ( 'NONE', #4383, 1000.000000000000000 ) ;
#3107 = FACE_OUTER_BOUND ( 'NONE', #32, .T. ) ;
#3108 = VECTOR ( 'NONE', #2472, 1000.000000000000000 ) ;
#3109 = ORIENTED_EDGE ( 'NONE', *, *, #1656, .T. ) ;
#3110 = EDGE_CURVE ( 'NONE', #5199, #95, #2376, .T. ) ;
#3111 = EDGE_LOOP ( 'NONE', ( #5350, #1837, #5143, #4211, #2980 ) ) ;
#3112 = DIRECTION ( 'NONE',  ( 3.491481338843133355E-15, -0.000000000000000000, 1.000000000000000000 ) ) ;
#3113 = EDGE_CURVE ( 'NONE', #377, #4923, #2489, .T. ) ;
#3114 = LINE ( 'NONE', #5667, #795 ) ;
#3115 = EDGE_LOOP ( 'NONE', ( #663, #861, #2615, #1783 ) ) ;
#3116 = CARTESIAN_POINT ( 'NONE',  ( -1.300000000000002487, 0.2000000000000000944, -0.7999999999999956035 ) ) ;
#3117 = ADVANCED_FACE ( 'NONE', ( #1673 ), #2051, .T. ) ;
#3118 = CARTESIAN_POINT ( 'NONE',  ( 1.299999999999999822, 0.02500000000000006384, -4.538925740496072573E-15 ) ) ;
#3119 = CARTESIAN_POINT ( 'NONE',  ( -1.499999999999995781, -3.660069929215019169, 1.100000000000004974 ) ) ;
#3120 = EDGE_CURVE ( 'NONE', #4386, #2654, #2241, .T. ) ;
#3121 = CARTESIAN_POINT ( 'NONE',  ( 1.300000000000000711, -3.660069929215019169, 0.2999999999999953815 ) ) ;
#3122 = CYLINDRICAL_SURFACE ( 'NONE', #5629, 0.1000000000000000472 ) ;
#3123 = DIRECTION ( 'NONE',  ( 3.636041628507867543E-15, 0.000000000000000000, 1.000000000000000000 ) ) ;
#3124 = PLANE ( 'NONE',  #2804 ) ;
#3125 = ORIENTED_EDGE ( 'NONE', *, *, #1872, .T. ) ;
#3126 = ORIENTED_EDGE ( 'NONE', *, *, #3595, .T. ) ;
#3127 =( NAMED_UNIT ( * ) PLANE_ANGLE_UNIT ( ) SI_UNIT ( $, .RADIAN. ) );
#3128 = CARTESIAN_POINT ( 'NONE',  ( -1.499999999999995781, 0.1999999999999998723, 1.100000000000004974 ) ) ;
#3129 = CARTESIAN_POINT ( 'NONE',  ( -1.201669740778655404, 0.8000000000000001554, -1.201669740778646078 ) ) ;
#3130 = FILL_AREA_STYLE ('',( #1378 ) ) ;
#3131 = ORIENTED_EDGE ( 'NONE', *, *, #1781, .F. ) ;
#3132 = ORIENTED_EDGE ( 'NONE', *, *, #1459, .F. ) ;
#3133 = EDGE_CURVE ( 'NONE', #94, #596, #3942, .T. ) ;
#3134 = LINE ( 'NONE', #4862, #1060 ) ;
#3135 = FACE_OUTER_BOUND ( 'NONE', #5000, .T. ) ;
#3136 = CARTESIAN_POINT ( 'NONE',  ( -1.299999999999999822, 0.02500000000000006384, 4.538925740496072573E-15 ) ) ;
#3137 = DIRECTION ( 'NONE',  ( 0.000000000000000000, 1.000000000000000000, 0.000000000000000000 ) ) ;
#3138 = EDGE_CURVE ( 'NONE', #1754, #4764, #5275, .T. ) ;
#3139 = CARTESIAN_POINT ( 'NONE',  ( 1.745740669421566678E-15, 0.000000000000000000, 0.5000000000000000000 ) ) ;
#3140 = EDGE_CURVE ( 'NONE', #4503, #4194, #4514, .T. ) ;
#3141 = FACE_OUTER_BOUND ( 'NONE', #191, .T. ) ;
#3142 = EDGE_CURVE ( 'NONE', #4511, #2949, #359, .T. ) ;
#3143 = ADVANCED_FACE ( 'NONE', ( #5538 ), #5299, .F. ) ;
#3144 = CARTESIAN_POINT ( 'NONE',  ( -0.5000000000000036637, 0.2000000000000000944, -1.149999999999998357 ) ) ;
#3145 = EDGE_CURVE ( 'NONE', #2219, #1494, #1702, .T. ) ;
#3146 = LINE ( 'NONE', #4876, #2194 ) ;
#3147 = CARTESIAN_POINT ( 'NONE',  ( 1.499999999999996447, 0.2000000000000000944, -0.9000000000000054623 ) ) ;
#3148 = ORIENTED_EDGE ( 'NONE', *, *, #386, .F. ) ;
#3149 = VERTEX_POINT ( 'NONE', #1230 ) ;
#3150 = CARTESIAN_POINT ( 'NONE',  ( 0.7999999999999961586, -3.660069929215019169, -1.150000000000003020 ) ) ;
#3151 = FILL_AREA_STYLE_COLOUR ( '', #4872 ) ;
#3152 = AXIS2_PLACEMENT_3D ( 'NONE', #626, #4931, #3651 ) ;
#3153 = CARTESIAN_POINT ( 'NONE',  ( -1.500000000000000666, 2.168404344971008868E-16, -0.2999999999999946598 ) ) ;
#3154 = CARTESIAN_POINT ( 'NONE',  ( -1.300000000000000266, 1.626303258728256651E-16, -0.09999999999999550915 ) ) ;
#3155 = FACE_OUTER_BOUND ( 'NONE', #5642, .T. ) ;
#3156 = ORIENTED_EDGE ( 'NONE', *, *, #1028, .F. ) ;
#3157 = AXIS2_PLACEMENT_3D ( 'NONE', #2508, #3429, #4653 ) ;
#3158 = ORIENTED_EDGE ( 'NONE', *, *, #1498, .F. ) ;
#3159 = CARTESIAN_POINT ( 'NONE',  ( -0.8499999999999962030, -3.660069929215019169, 1.100000000000003197 ) ) ;
#3160 = PRESENTATION_LAYER_ASSIGNMENT (  '', '', ( #1874 ) ) ;
#3161 = EDGE_CURVE ( 'NONE', #3271, #3064, #820, .T. ) ;
#3162 = AXIS2_PLACEMENT_3D ( 'NONE', #1219, #4708, #2014 ) ;
#3163 = EDGE_CURVE ( 'NONE', #245, #1627, #483, .T. ) ;
#3164 = FACE_OUTER_BOUND ( 'NONE', #98, .T. ) ;
#3165 = DIRECTION ( 'NONE',  ( 0.000000000000000000, 1.000000000000000000, 0.000000000000000000 ) ) ;
#3166 = VERTEX_POINT ( 'NONE', #1801 ) ;
#3167 = AXIS2_PLACEMENT_3D ( 'NONE', #718, #3838, #2506 ) ;
#3168 = CYLINDRICAL_SURFACE ( 'NONE', #2529, 0.1000000000000000472 ) ;
#3169 = EDGE_LOOP ( 'NONE', ( #1383, #1570, #1666, #3660 ) ) ;
#3170 = DIRECTION ( 'NONE',  ( -1.000000000000000000, 0.000000000000000000, 3.252606517456511724E-15 ) ) ;
#3171 = FILL_AREA_STYLE_COLOUR ( '', #2912 ) ;
#3172 = AXIS2_PLACEMENT_3D ( 'NONE', #4317, #2969, #4293 ) ;
#3173 = AXIS2_PLACEMENT_3D ( 'NONE', #808, #3527, #10 ) ;
#3174 = ORIENTED_EDGE ( 'NONE', *, *, #3050, .F. ) ;
#3175 = EDGE_CURVE ( 'NONE', #307, #2598, #922, .T. ) ;
#3176 = VECTOR ( 'NONE', #5412, 1000.000000000000000 ) ;
#3177 = VECTOR ( 'NONE', #753, 1000.000000000000000 ) ;
#3178 = CARTESIAN_POINT ( 'NONE',  ( -1.300000000000000711, 2.168404344971008868E-16, -0.2999999999999953815 ) ) ;
#3179 = FACE_OUTER_BOUND ( 'NONE', #3311, .T. ) ;
#3180 = COLOUR_RGB ( '',0.2509803921568627416, 0.2509803921568627416, 0.2509803921568627416 ) ;
#3181 = ADVANCED_FACE ( 'NONE', ( #1830 ), #2564, .F. ) ;
#3182 = PLANE ( 'NONE',  #4363 ) ;
#3183 = CARTESIAN_POINT ( 'NONE',  ( -1.299999999999998712, -3.660069929215019169, 0.3000000000000044853 ) ) ;
#3184 = ORIENTED_EDGE ( 'NONE', *, *, #1538, .T. ) ;
#3185 = DIRECTION ( 'NONE',  ( 0.000000000000000000, 1.000000000000000000, 0.000000000000000000 ) ) ;
#3186 = EDGE_LOOP ( 'NONE', ( #3634, #3428, #4905, #4770, #5565, #3125, #4222, #2936 ) ) ;
#3187 = AXIS2_PLACEMENT_3D ( 'NONE', #2484, #4710, #5112 ) ;
#3188 = DIRECTION ( 'NONE',  ( 0.000000000000000000, 1.000000000000000000, 0.000000000000000000 ) ) ;
#3189 = EDGE_CURVE ( 'NONE', #95, #1095, #3789, .T. ) ;
#3190 = VECTOR ( 'NONE', #2899, 1000.000000000000000 ) ;
#3191 = VECTOR ( 'NONE', #5328, 1000.000000000000000 ) ;
#3192 = DIRECTION ( 'NONE',  ( -0.000000000000000000, -1.000000000000000000, -0.000000000000000000 ) ) ;
#3193 = CARTESIAN_POINT ( 'NONE',  ( 1.500000000000004219, 0.2000000000000000944, 1.299999999999994715 ) ) ;
#3194 = ORIENTED_EDGE ( 'NONE', *, *, #1418, .T. ) ;
#3195 = CLOSED_SHELL ( 'NONE', ( #1098, #1750, #393, #3022, #1692, #2235, #1948 ) ) ;
#3196 = ORIENTED_EDGE ( 'NONE', *, *, #841, .T. ) ;
#3197 = DIRECTION ( 'NONE',  ( -1.000000000000000000, 0.000000000000000000, 3.491481338843133355E-15 ) ) ;
#3198 = CIRCLE ( 'NONE', #1280, 0.1000000000000000472 ) ;
#3199 = CARTESIAN_POINT ( 'NONE',  ( -1.300000000000003597, 0.1999999999999999278, -1.099999999999995204 ) ) ;
#3200 = CARTESIAN_POINT ( 'NONE',  ( 1.499999999999998446, 0.2000000000000000944, -0.3000000000000051514 ) ) ;
#3201 = ORIENTED_EDGE ( 'NONE', *, *, #2862, .T. ) ;
#3202 = DIRECTION ( 'NONE',  ( 3.491481338843133355E-15, 0.000000000000000000, 1.000000000000000000 ) ) ;
#3203 = ORIENTED_EDGE ( 'NONE', *, *, #2360, .T. ) ;
#3204 = VECTOR ( 'NONE', #5235, 1000.000000000000000 ) ;
#3205 = FACE_OUTER_BOUND ( 'NONE', #5626, .T. ) ;
#3206 = EDGE_LOOP ( 'NONE', ( #5141, #1138, #3248, #282 ) ) ;
#3207 = DIRECTION ( 'NONE',  ( -1.000000000000000000, -0.000000000000000000, 3.491481338843133355E-15 ) ) ;
#3208 = EDGE_CURVE ( 'NONE', #2071, #2295, #1386, .T. ) ;
#3209 = LINE ( 'NONE', #4497, #5347 ) ;
#3210 = EDGE_CURVE ( 'NONE', #4481, #1348, #757, .T. ) ;
#3211 = PLANE ( 'NONE',  #345 ) ;
#3212 = VERTEX_POINT ( 'NONE', #3823 ) ;
#3213 = FACE_OUTER_BOUND ( 'NONE', #4391, .T. ) ;
#3214 = ORIENTED_EDGE ( 'NONE', *, *, #2572, .T. ) ;
#3215 = CARTESIAN_POINT ( 'NONE',  ( 1.300000000000004263, 0.02500000000000006384, 1.299999999999995604 ) ) ;
#3216 = EDGE_CURVE ( 'NONE', #3072, #1927, #1149, .T. ) ;
#3217 = CARTESIAN_POINT ( 'NONE',  ( -1.076627600957133168, 0.8000000000000001554, -1.201669740778646522 ) ) ;
#3218 = EDGE_CURVE ( 'NONE', #43, #2319, #1263, .T. ) ;
#3219 = LINE ( 'NONE', #935, #130 ) ;
#3220 = ORIENTED_EDGE ( 'NONE', *, *, #1641, .F. ) ;
#3221 = ORIENTED_EDGE ( 'NONE', *, *, #2752, .F. ) ;
#3222 = DIRECTION ( 'NONE',  ( 0.000000000000000000, 1.000000000000000000, 0.000000000000000000 ) ) ;
#3223 = CARTESIAN_POINT ( 'NONE',  ( -1.500000000000000666, 0.02500000000000006384, -0.09999999999999481526 ) ) ;
#3224 = DIRECTION ( 'NONE',  ( -1.000000000000000000, 0.000000000000000000, 3.252606517456511724E-15 ) ) ;
#3225 = CARTESIAN_POINT ( 'NONE',  ( -1.300000000000003597, 0.2000000000000000944, -1.099999999999995204 ) ) ;
#3226 = ORIENTED_EDGE ( 'NONE', *, *, #5300, .T. ) ;
#3227 = CARTESIAN_POINT ( 'NONE',  ( -1.500000000000004219, -3.660069929215019169, -1.299999999999994937 ) ) ;
#3228 = EDGE_LOOP ( 'NONE', ( #586, #5292, #856, #4899 ) ) ;
#3229 = PLANE ( 'NONE',  #5539 ) ;
#3230 = DIRECTION ( 'NONE',  ( 0.000000000000000000, -1.000000000000000000, 0.000000000000000000 ) ) ;
#3231 = EDGE_LOOP ( 'NONE', ( #4880, #4748, #550, #2688 ) ) ;
#3232 = DIRECTION ( 'NONE',  ( -0.000000000000000000, -1.000000000000000000, -0.000000000000000000 ) ) ;
#3233 = CARTESIAN_POINT ( 'NONE',  ( -1.500000000000001332, -3.660069929215019169, -0.4999999999999947820 ) ) ;
#3234 = CARTESIAN_POINT ( 'NONE',  ( -1.300000000000002709, 0.2000000000000000944, -0.8999999999999956923 ) ) ;
#3235 = EDGE_LOOP ( 'NONE', ( #2952, #175, #3275, #5305 ) ) ;
#3236 = PLANE ( 'NONE',  #1831 ) ;
#3237 = ORIENTED_EDGE ( 'NONE', *, *, #4184, .T. ) ;
#3238 = CYLINDRICAL_SURFACE ( 'NONE', #5183, 0.05000000000000002359 ) ;
#3239 =( NAMED_UNIT ( * ) SI_UNIT ( $, .STERADIAN. ) SOLID_ANGLE_UNIT ( ) );
#3240 = VERTEX_POINT ( 'NONE', #2144 ) ;
#3241 = EDGE_LOOP ( 'NONE', ( #5033, #84, #4605, #4373 ) ) ;
#3242 = EDGE_CURVE ( 'NONE', #3271, #4511, #165, .T. ) ;
#3243 = PLANE ( 'NONE',  #3456 ) ;
#3244 = ORIENTED_EDGE ( 'NONE', *, *, #4172, .F. ) ;
#3245 = FACE_OUTER_BOUND ( 'NONE', #471, .T. ) ;
#3246 = ORIENTED_EDGE ( 'NONE', *, *, #4634, .F. ) ;
#3247 = DIRECTION ( 'NONE',  ( 0.000000000000000000, 1.000000000000000000, 0.000000000000000000 ) ) ;
#3248 = ORIENTED_EDGE ( 'NONE', *, *, #630, .T. ) ;
#3249 = LINE ( 'NONE', #1182, #3630 ) ;
#3250 = VECTOR ( 'NONE', #159, 1000.000000000000000 ) ;
#3251 = ADVANCED_FACE ( 'NONE', ( #4115 ), #4054, .F. ) ;
#3252 = DIRECTION ( 'NONE',  ( 1.000000000000000000, 0.000000000000000000, -3.468277731116981327E-15 ) ) ;
#3253 = AXIS2_PLACEMENT_3D ( 'NONE', #2298, #47, #131 ) ;
#3254 = ORIENTED_EDGE ( 'NONE', *, *, #18, .T. ) ;
#3255 = VECTOR ( 'NONE', #2110, 1000.000000000000000 ) ;
#3256 = CARTESIAN_POINT ( 'NONE',  ( 0.8000000000000038192, -3.660069929215019169, 1.099999999999996980 ) ) ;
#3257 = CARTESIAN_POINT ( 'NONE',  ( -1.300000000000000933, 0.02500000000000006384, -0.3999999999999954148 ) ) ;
#3258 = CARTESIAN_POINT ( 'NONE',  ( 1.500000000000001332, 0.2000000000000000111, 0.4999999999999947820 ) ) ;
#3259 = MECHANICAL_DESIGN_GEOMETRIC_PRESENTATION_REPRESENTATION (  '', ( #38 ), #3534 ) ;
#3260 = LINE ( 'NONE', #4571, #3079 ) ;
#3261 = ORIENTED_EDGE ( 'NONE', *, *, #3098, .T. ) ;
#3262 = AXIS2_PLACEMENT_3D ( 'NONE', #3343, #4991, #5022 ) ;
#3263 = LINE ( 'NONE', #700, #3099 ) ;
#3264 = ORIENTED_EDGE ( 'NONE', *, *, #283, .T. ) ;
#3265 = CARTESIAN_POINT ( 'NONE',  ( 1.299999999999995604, 0.2000000000000000944, -1.200000000000004396 ) ) ;
#3266 = ADVANCED_FACE ( 'NONE', ( #2301 ), #979, .F. ) ;
#3267 = CARTESIAN_POINT ( 'NONE',  ( -1.300000000000003819, 0.2000000000000000944, -1.199999999999995293 ) ) ;
#3268 = STYLED_ITEM ( 'NONE', ( #1540 ), #4596 ) ;
#3269 = LINE ( 'NONE', #2124, #3700 ) ;
#3270 = FILL_AREA_STYLE ('',( #4546 ) ) ;
#3271 = VERTEX_POINT ( 'NONE', #1926 ) ;
#3272 = AXIS2_PLACEMENT_3D ( 'NONE', #3136, #2361, #2745 ) ;
#3273 = ADVANCED_FACE ( 'NONE', ( #595 ), #4025, .T. ) ;
#3274 = DIRECTION ( 'NONE',  ( -1.000000000000000000, 0.000000000000000000, 3.491481338843133355E-15 ) ) ;
#3275 = ORIENTED_EDGE ( 'NONE', *, *, #860, .T. ) ;
#3276 = VECTOR ( 'NONE', #1915, 1000.000000000000000 ) ;
#3277 = VECTOR ( 'NONE', #1015, 1000.000000000000000 ) ;
#3278 = LINE ( 'NONE', #4200, #5178 ) ;
#3279 = EDGE_CURVE ( 'NONE', #2800, #5114, #3614, .T. ) ;
#3280 = DIRECTION ( 'NONE',  ( 3.636041628507867543E-15, 0.000000000000000000, 1.000000000000000000 ) ) ;
#3281 = VECTOR ( 'NONE', #2388, 1000.000000000000000 ) ;
#3282 = VECTOR ( 'NONE', #4098, 1000.000000000000000 ) ;
#3283 = FACE_OUTER_BOUND ( 'NONE', #3169, .T. ) ;
#3284 = ORIENTED_EDGE ( 'NONE', *, *, #770, .T. ) ;
#3285 = DIRECTION ( 'NONE',  ( -1.000000000000000000, 0.000000000000000000, 4.336808689942006692E-15 ) ) ;
#3286 = EDGE_LOOP ( 'NONE', ( #5432, #1945, #3489, #1791 ) ) ;
#3287 = ADVANCED_FACE ( 'NONE', ( #5405 ), #944, .T. ) ;
#3288 = CIRCLE ( 'NONE', #2570, 0.1000000000000000472 ) ;
#3289 = CARTESIAN_POINT ( 'NONE',  ( -1.200000000000003730, 0.1999999999999998723, -1.199999999999995737 ) ) ;
#3290 = EDGE_LOOP ( 'NONE', ( #5213, #3802, #3653, #4320 ) ) ;
#3291 = ORIENTED_EDGE ( 'NONE', *, *, #2634, .T. ) ;
#3292 = ADVANCED_FACE ( 'NONE', ( #1869 ), #2771, .F. ) ;
#3293 = COLOUR_RGB ( '',1.000000000000000000, 1.000000000000000000, 1.000000000000000000 ) ;
#3294 = UNCERTAINTY_MEASURE_WITH_UNIT (LENGTH_MEASURE( 1.000000000000000082E-05 ), #4398, 'distance_accuracy_value', 'NONE');
#3295 = CARTESIAN_POINT ( 'NONE',  ( -1.299999999999997380, 0.1999999999999998723, 0.7000000000000043965 ) ) ;
#3296 = CARTESIAN_POINT ( 'NONE',  ( 1.200000000000002398, 0.2000000000000000944, 0.7999999999999957145 ) ) ;
#3297 = EDGE_CURVE ( 'NONE', #4141, #2277, #210, .T. ) ;
#3298 = DIRECTION ( 'NONE',  ( -1.000000000000000000, 0.000000000000000000, 3.252606517456511724E-15 ) ) ;
#3299 = CARTESIAN_POINT ( 'NONE',  ( 1.300000000000004263, 0.2000000000000000944, 1.299999999999995604 ) ) ;
#3300 = ORIENTED_EDGE ( 'NONE', *, *, #5360, .F. ) ;
#3301 = DIRECTION ( 'NONE',  ( 1.000000000000000000, 0.000000000000000000, -3.252606517456511724E-15 ) ) ;
#3302 = CARTESIAN_POINT ( 'NONE',  ( -1.499999999999997780, 0.02500000000000006384, 0.5000000000000052180 ) ) ;
#3303 = DIRECTION ( 'NONE',  ( 1.000000000000000000, 0.000000000000000000, -3.491481338843133355E-15 ) ) ;
#3304 = ORIENTED_EDGE ( 'NONE', *, *, #2787, .F. ) ;
#3305 = PRESENTATION_STYLE_ASSIGNMENT (( #1560 ) ) ;
#3306 = EDGE_LOOP ( 'NONE', ( #4073, #476, #3467, #3536 ) ) ;
#3307 = DIRECTION ( 'NONE',  ( 0.000000000000000000, -1.000000000000000000, 0.000000000000000000 ) ) ;
#3308 = PLANE ( 'NONE',  #1547 ) ;
#3309 = EDGE_CURVE ( 'NONE', #3516, #4580, #1341, .T. ) ;
#3310 = FACE_OUTER_BOUND ( 'NONE', #4977, .T. ) ;
#3311 = EDGE_LOOP ( 'NONE', ( #2944, #3371, #3074, #351 ) ) ;
#3312 = LINE ( 'NONE', #1125, #4053 ) ;
#3313 = VERTEX_POINT ( 'NONE', #2831 ) ;
#3314 = DIRECTION ( 'NONE',  ( -1.000000000000000000, -0.000000000000000000, 3.491481338843133355E-15 ) ) ;
#3315 = CARTESIAN_POINT ( 'NONE',  ( 1.199999999999999734, 0.02500000000000006384, -4.189777606611758449E-15 ) ) ;
#3316 = EDGE_LOOP ( 'NONE', ( #1454, #2707, #4562, #4677 ) ) ;
#3317 = LINE ( 'NONE', #352, #5547 ) ;
#3318 = CARTESIAN_POINT ( 'NONE',  ( 1.300000000000002043, 0.2000000000000000944, 0.6999999999999952927 ) ) ;
#3319 = FACE_OUTER_BOUND ( 'NONE', #1245, .T. ) ;
#3320 = DIRECTION ( 'NONE',  ( -0.000000000000000000, 1.000000000000000000, -0.000000000000000000 ) ) ;
#3321 = ADVANCED_FACE ( 'NONE', ( #566 ), #2799, .F. ) ;
#3322 = DIRECTION ( 'NONE',  ( 3.491481338843133355E-15, 0.000000000000000000, 1.000000000000000000 ) ) ;
#3323 = FACE_OUTER_BOUND ( 'NONE', #72, .T. ) ;
#3324 = VERTEX_POINT ( 'NONE', #2716 ) ;
#3325 = PLANE ( 'NONE',  #3982 ) ;
#3326 = LINE ( 'NONE', #5370, #4064 ) ;
#3327 = ORIENTED_EDGE ( 'NONE', *, *, #5645, .T. ) ;
#3328 = SURFACE_STYLE_FILL_AREA ( #736 ) ;
#3329 = EDGE_LOOP ( 'NONE', ( #477, #3435, #541, #4344 ) ) ;
#3330 = DIRECTION ( 'NONE',  ( 1.000000000000000000, 0.000000000000000000, -3.491481338843133355E-15 ) ) ;
#3331 = DIRECTION ( 'NONE',  ( 0.000000000000000000, 1.000000000000000000, 0.000000000000000000 ) ) ;
#3332 = ORIENTED_EDGE ( 'NONE', *, *, #2137, .F. ) ;
#3333 = DIRECTION ( 'NONE',  ( 3.491481338843133355E-15, -0.000000000000000000, 1.000000000000000000 ) ) ;
#3334 = EDGE_LOOP ( 'NONE', ( #971, #4419, #2610, #4547 ) ) ;
#3335 = ADVANCED_FACE ( 'NONE', ( #2391 ), #4898, .F. ) ;
#3336 = LINE ( 'NONE', #2109, #4137 ) ;
#3337 = VECTOR ( 'NONE', #2774, 1000.000000000000000 ) ;
#3338 = DIRECTION ( 'NONE',  ( -0.000000000000000000, -1.000000000000000000, 0.000000000000000000 ) ) ;
#3339 = ORIENTED_EDGE ( 'NONE', *, *, #3309, .F. ) ;
#3340 = CYLINDRICAL_SURFACE ( 'NONE', #1270, 0.1000000000000000472 ) ;
#3341 = ORIENTED_EDGE ( 'NONE', *, *, #149, .T. ) ;
#3342 = VECTOR ( 'NONE', #5031, 1000.000000000000000 ) ;
#3343 = CARTESIAN_POINT ( 'NONE',  ( 1.299999999999995604, 0.2000000000000000944, -1.200000000000004396 ) ) ;
#3344 = VECTOR ( 'NONE', #2536, 1000.000000000000000 ) ;
#3345 = PLANE ( 'NONE',  #4082 ) ;
#3346 = EDGE_CURVE ( 'NONE', #3434, #2295, #186, .T. ) ;
#3347 = CIRCLE ( 'NONE', #24, 0.1000000000000000472 ) ;
#3348 = FACE_OUTER_BOUND ( 'NONE', #5298, .T. ) ;
#3349 = ORIENTED_EDGE ( 'NONE', *, *, #1389, .F. ) ;
#3350 = CARTESIAN_POINT ( 'NONE',  ( 1.299999999999998046, 0.2000000000000000944, -0.5000000000000045519 ) ) ;
#3351 = CARTESIAN_POINT ( 'NONE',  ( 1.300000000000000711, 0.2000000000000000944, 0.2999999999999953815 ) ) ;
#3352 = EDGE_CURVE ( 'NONE', #1371, #5234, #4928, .T. ) ;
#3353 = VECTOR ( 'NONE', #893, 1000.000000000000000 ) ;
#3354 = COLOUR_RGB ( '',1.000000000000000000, 1.000000000000000000, 1.000000000000000000 ) ;
#3355 = CARTESIAN_POINT ( 'NONE',  ( -0.8499999999999962030, -3.660069929215019169, 1.100000000000003197 ) ) ;
#3356 = ORIENTED_EDGE ( 'NONE', *, *, #2740, .F. ) ;
#3357 = ADVANCED_FACE ( 'NONE', ( #5320 ), #3168, .F. ) ;
#3358 = FILL_AREA_STYLE_COLOUR ( '', #4831 ) ;
#3359 = ORIENTED_EDGE ( 'NONE', *, *, #3761, .F. ) ;
#3360 = CARTESIAN_POINT ( 'NONE',  ( 0.7999999999999961586, 0.2000000000000000944, -1.150000000000003020 ) ) ;
#3361 = VECTOR ( 'NONE', #5122, 1000.000000000000000 ) ;
#3362 = DIRECTION ( 'NONE',  ( 3.636041628507867543E-15, 0.000000000000000000, 1.000000000000000000 ) ) ;
#3363 = PLANE ( 'NONE',  #320 ) ;
#3364 = VECTOR ( 'NONE', #2966, 1000.000000000000000 ) ;
#3365 = EDGE_CURVE ( 'NONE', #5541, #1236, #3347, .T. ) ;
#3366 = DIRECTION ( 'NONE',  ( 0.000000000000000000, 1.000000000000000000, 0.000000000000000000 ) ) ;
#3367 = EDGE_CURVE ( 'NONE', #1305, #407, #5254, .T. ) ;
#3368 = LINE ( 'NONE', #2389, #1809 ) ;
#3369 = VERTEX_POINT ( 'NONE', #1189 ) ;
#3370 = AXIS2_PLACEMENT_3D ( 'NONE', #3903, #391, #1315 ) ;
#3371 = ORIENTED_EDGE ( 'NONE', *, *, #2554, .T. ) ;
#3372 = AXIS2_PLACEMENT_3D ( 'NONE', #4774, #3466, #3063 ) ;
#3373 = DIRECTION ( 'NONE',  ( 1.000000000000000000, 0.000000000000000000, -3.491481338843133355E-15 ) ) ;
#3374 = FACE_OUTER_BOUND ( 'NONE', #5060, .T. ) ;
#3375 = AXIS2_PLACEMENT_3D ( 'NONE', #1605, #4216, #4662 ) ;
#3376 = VERTEX_POINT ( 'NONE', #2479 ) ;
#3377 = DIRECTION ( 'NONE',  ( -1.000000000000000000, 0.000000000000000000, 4.336808689942015369E-15 ) ) ;
#3378 = ORIENTED_EDGE ( 'NONE', *, *, #1249, .F. ) ;
#3379 = VERTEX_POINT ( 'NONE', #2945 ) ;
#3380 = CIRCLE ( 'NONE', #2094, 0.1000000000000000472 ) ;
#3381 = DIRECTION ( 'NONE',  ( -1.000000000000000000, 0.000000000000000000, 3.491481338843133355E-15 ) ) ;
#3382 = CARTESIAN_POINT ( 'NONE',  ( 1.500000000000001332, 0.2000000000000000944, 0.4999999999999947820 ) ) ;
#3383 = AXIS2_PLACEMENT_3D ( 'NONE', #344, #2105, #4995 ) ;
#3384 = CARTESIAN_POINT ( 'NONE',  ( -1.300000000000000933, 0.2000000000000000944, -0.3999999999999954148 ) ) ;
#3385 = CARTESIAN_POINT ( 'NONE',  ( -1.499999999999997780, -3.660069929215019169, 0.5000000000000052180 ) ) ;
#3386 = DIRECTION ( 'NONE',  ( 3.636041628507867543E-15, 0.000000000000000000, 1.000000000000000000 ) ) ;
#3387 = EDGE_LOOP ( 'NONE', ( #4256, #4335, #3666, #5006 ) ) ;
#3388 = CARTESIAN_POINT ( 'NONE',  ( 1.499999999999995115, 0.2000000000000000111, -1.300000000000005373 ) ) ;
#3389 = LINE ( 'NONE', #1203, #37 ) ;
#3390 = PLANE ( 'NONE',  #1795 ) ;
#3391 = ORIENTED_EDGE ( 'NONE', *, *, #3138, .T. ) ;
#3392 = EDGE_CURVE ( 'NONE', #1152, #3759, #306, .T. ) ;
#3393 = LINE ( 'NONE', #2964, #4658 ) ;
#3394 = ORIENTED_EDGE ( 'NONE', *, *, #2409, .F. ) ;
#3395 = DIRECTION ( 'NONE',  ( -0.000000000000000000, 1.000000000000000000, -0.000000000000000000 ) ) ;
#3396 = LINE ( 'NONE', #2102, #4048 ) ;
#3397 = CARTESIAN_POINT ( 'NONE',  ( 1.499999999999996669, -2.168404344971008868E-16, -0.9000000000000054623 ) ) ;
#3398 = EDGE_CURVE ( 'NONE', #3379, #567, #308, .T. ) ;
#3399 = PLANE ( 'NONE',  #5277 ) ;
#3400 = DIRECTION ( 'NONE',  ( -0.000000000000000000, -1.000000000000000000, -0.000000000000000000 ) ) ;
#3401 = VERTEX_POINT ( 'NONE', #3402 ) ;
#3402 = CARTESIAN_POINT ( 'NONE',  ( -1.500000000000001998, 0.02500000000000006384, -0.4999999999999947820 ) ) ;
#3403 = VERTEX_POINT ( 'NONE', #1216 ) ;
#3404 = EDGE_CURVE ( 'NONE', #1927, #5559, #3964, .T. ) ;
#3405 = DIRECTION ( 'NONE',  ( -1.000000000000000000, 0.000000000000000000, 3.252606517456511724E-15 ) ) ;
#3406 = ORIENTED_EDGE ( 'NONE', *, *, #491, .F. ) ;
#3407 = CARTESIAN_POINT ( 'NONE',  ( 1.299999999999995159, -2.710505431213761085E-16, -1.300000000000004485 ) ) ;
#3408 = ORIENTED_EDGE ( 'NONE', *, *, #3512, .T. ) ;
#3409 = VERTEX_POINT ( 'NONE', #5469 ) ;
#3410 = CARTESIAN_POINT ( 'NONE',  ( 1.299999999999995826, 0.1999999999999999278, -1.100000000000004308 ) ) ;
#3411 = CARTESIAN_POINT ( 'NONE',  ( -1.300000000000000711, 0.02500000000000006384, -0.2999999999999953815 ) ) ;
#3412 = CARTESIAN_POINT ( 'NONE',  ( -1.500000000000000000, 0.2000000000000000944, -0.09999999999999481526 ) ) ;
#3413 = DIRECTION ( 'NONE',  ( 1.000000000000000000, 0.000000000000000000, 0.000000000000000000 ) ) ;
#3414 = DIRECTION ( 'NONE',  ( -1.000000000000000000, -0.000000000000000000, 3.491481338843133355E-15 ) ) ;
#3415 = VERTEX_POINT ( 'NONE', #3730 ) ;
#3416 = CARTESIAN_POINT ( 'NONE',  ( -1.500000000000001998, 0.2000000000000000111, -0.6999999999999948486 ) ) ;
#3417 = DIRECTION ( 'NONE',  ( 0.000000000000000000, 1.000000000000000000, 0.000000000000000000 ) ) ;
#3418 = DIRECTION ( 'NONE',  ( 0.000000000000000000, 1.000000000000000000, 0.000000000000000000 ) ) ;
#3419 = ORIENTED_EDGE ( 'NONE', *, *, #990, .F. ) ;
#3420 = EDGE_LOOP ( 'NONE', ( #3196, #3941, #936, #3432 ) ) ;
#3421 = DIRECTION ( 'NONE',  ( -3.491481338843133355E-15, 0.000000000000000000, -1.000000000000000000 ) ) ;
#3422 = CARTESIAN_POINT ( 'NONE',  ( 1.299999999999999822, 0.2000000000000000944, -4.538925740496072573E-15 ) ) ;
#3423 = CARTESIAN_POINT ( 'NONE',  ( -1.300000000000000711, 0.2000000000000000944, -0.2999999999999953815 ) ) ;
#3424 = LINE ( 'NONE', #927, #2365 ) ;
#3425 = CARTESIAN_POINT ( 'NONE',  ( -1.299999999999995159, 0.1999999999999998723, 1.300000000000004707 ) ) ;
#3426 = ORIENTED_EDGE ( 'NONE', *, *, #4086, .T. ) ;
#3427 = EDGE_CURVE ( 'NONE', #780, #2448, #3312, .T. ) ;
#3428 = ORIENTED_EDGE ( 'NONE', *, *, #3045, .T. ) ;
#3429 = DIRECTION ( 'NONE',  ( -0.000000000000000000, -1.000000000000000000, 0.000000000000000000 ) ) ;
#3430 = EDGE_CURVE ( 'NONE', #5014, #1469, #4705, .T. ) ;
#3431 = DIRECTION ( 'NONE',  ( -0.000000000000000000, -1.000000000000000000, -0.000000000000000000 ) ) ;
#3432 = ORIENTED_EDGE ( 'NONE', *, *, #2560, .T. ) ;
#3433 = LINE ( 'NONE', #812, #1539 ) ;
#3434 = VERTEX_POINT ( 'NONE', #1690 ) ;
#3435 = ORIENTED_EDGE ( 'NONE', *, *, #312, .F. ) ;
#3436 = PLANE ( 'NONE',  #322 ) ;
#3437 = CARTESIAN_POINT ( 'NONE',  ( -0.7999999999999958256, 0.2000000000000000944, 1.150000000000003020 ) ) ;
#3438 = DIRECTION ( 'NONE',  ( 0.000000000000000000, 1.000000000000000000, 0.000000000000000000 ) ) ;
#3439 = ADVANCED_FACE ( 'NONE', ( #649 ), #2010, .F. ) ;
#3440 = DIRECTION ( 'NONE',  ( -1.000000000000000000, 0.000000000000000000, 2.710505431213759902E-15 ) ) ;
#3441 = VECTOR ( 'NONE', #1760, 1000.000000000000000 ) ;
#3442 = CARTESIAN_POINT ( 'NONE',  ( -1.499999999999999112, 0.1999999999999998723, 0.1000000000000052791 ) ) ;
#3443 = EDGE_LOOP ( 'NONE', ( #5219, #2845, #4426, #3378 ) ) ;
#3444 = DIRECTION ( 'NONE',  ( 0.000000000000000000, 1.000000000000000000, 0.000000000000000000 ) ) ;
#3445 = VECTOR ( 'NONE', #1295, 1000.000000000000000 ) ;
#3446 = VECTOR ( 'NONE', #190, 1000.000000000000000 ) ;
#3447 = LINE ( 'NONE', #3852, #4815 ) ;
#3448 = VECTOR ( 'NONE', #1003, 1000.000000000000000 ) ;
#3449 = CARTESIAN_POINT ( 'NONE',  ( 0.8499999999999965361, 0.2000000000000000944, -1.100000000000003197 ) ) ;
#3450 = ORIENTED_EDGE ( 'NONE', *, *, #2297, .T. ) ;
#3451 = DIRECTION ( 'NONE',  ( -1.000000000000000000, 0.000000000000000000, 4.336808689942015369E-15 ) ) ;
#3452 = ORIENTED_EDGE ( 'NONE', *, *, #1191, .F. ) ;
#3453 = PLANE ( 'NONE',  #789 ) ;
#3454 = PLANE ( 'NONE',  #1325 ) ;
#3455 = DIRECTION ( 'NONE',  ( 1.000000000000000000, 0.000000000000000000, -3.491481338843133355E-15 ) ) ;
#3456 = AXIS2_PLACEMENT_3D ( 'NONE', #1097, #4551, #1977 ) ;
#3457 = CARTESIAN_POINT ( 'NONE',  ( 1.300000000000002043, 0.2000000000000000944, 0.6999999999999952927 ) ) ;
#3458 = EDGE_LOOP ( 'NONE', ( #814, #3156, #3126, #2823 ) ) ;
#3459 = CIRCLE ( 'NONE', #5537, 0.1000000000000000472 ) ;
#3460 = VERTEX_POINT ( 'NONE', #678 ) ;
#3461 = AXIS2_PLACEMENT_3D ( 'NONE', #1548, #1959, #4564 ) ;
#3462 = CARTESIAN_POINT ( 'NONE',  ( 1.299999999999999822, 0.2000000000000000944, -4.538925740496072573E-15 ) ) ;
#3463 = EDGE_CURVE ( 'NONE', #2705, #3814, #2450, .T. ) ;
#3464 = STYLED_ITEM ( 'NONE', ( #5023 ), #4461 ) ;
#3465 = ORIENTED_EDGE ( 'NONE', *, *, #5545, .T. ) ;
#3466 = DIRECTION ( 'NONE',  ( -0.000000000000000000, -1.000000000000000000, 0.000000000000000000 ) ) ;
#3467 = ORIENTED_EDGE ( 'NONE', *, *, #4210, .T. ) ;
#3468 = ORIENTED_EDGE ( 'NONE', *, *, #590, .T. ) ;
#3469 = AXIS2_PLACEMENT_3D ( 'NONE', #4822, #3535, #1772 ) ;
#3470 = EDGE_CURVE ( 'NONE', #822, #1524, #1590, .T. ) ;
#3471 = DIRECTION ( 'NONE',  ( 1.000000000000000000, 0.000000000000000000, -2.168404344971007685E-15 ) ) ;
#3472 = AXIS2_PLACEMENT_3D ( 'NONE', #1596, #2078, #5528 ) ;
#3473 = AXIS2_PLACEMENT_3D ( 'NONE', #2401, #4101, #1553 ) ;
#3474 = DIRECTION ( 'NONE',  ( -3.491481338843133355E-15, 0.000000000000000000, -1.000000000000000000 ) ) ;
#3475 = EDGE_CURVE ( 'NONE', #5294, #3722, #3776, .T. ) ;
#3476 = ORIENTED_EDGE ( 'NONE', *, *, #2150, .T. ) ;
#3477 = PLANE ( 'NONE',  #5098 ) ;
#3478 = EDGE_CURVE ( 'NONE', #2120, #1868, #4372, .T. ) ;
#3479 = LINE ( 'NONE', #2960, #3003 ) ;
#3480 = AXIS2_PLACEMENT_3D ( 'NONE', #2590, #387, #4280 ) ;
#3481 = DIRECTION ( 'NONE',  ( 0.000000000000000000, 1.000000000000000000, 0.000000000000000000 ) ) ;
#3482 = VERTEX_POINT ( 'NONE', #1331 ) ;
#3483 = CARTESIAN_POINT ( 'NONE',  ( -3.840629472727446691E-15, 0.02500000000000006384, -1.099999999999999867 ) ) ;
#3484 = VERTEX_POINT ( 'NONE', #3584 ) ;
#3485 = CARTESIAN_POINT ( 'NONE',  ( 1.500000000000001998, 0.2000000000000000944, 0.6999999999999948486 ) ) ;
#3486 =( NAMED_UNIT ( * ) SI_UNIT ( $, .STERADIAN. ) SOLID_ANGLE_UNIT ( ) );
#3487 = CARTESIAN_POINT ( 'NONE',  ( 1.300000000000004263, 2.168404344971008868E-16, 1.299999999999995381 ) ) ;
#3488 = CARTESIAN_POINT ( 'NONE',  ( 1.299999999999995604, 0.2000000000000000944, -1.200000000000004396 ) ) ;
#3489 = ORIENTED_EDGE ( 'NONE', *, *, #3113, .F. ) ;
#3490 = ORIENTED_EDGE ( 'NONE', *, *, #4484, .F. ) ;
#3491 = ADVANCED_FACE ( 'NONE', ( #3971 ), #1441, .F. ) ;
#3492 = VERTEX_POINT ( 'NONE', #1865 ) ;
#3493 = DIRECTION ( 'NONE',  ( -0.000000000000000000, -1.000000000000000000, -0.000000000000000000 ) ) ;
#3494 = EDGE_LOOP ( 'NONE', ( #1474, #614 ) ) ;
#3495 = CARTESIAN_POINT ( 'NONE',  ( -1.499999999999998446, 0.2000000000000000944, 0.3000000000000051514 ) ) ;
#3496 = SURFACE_STYLE_USAGE ( .BOTH. , #2247 ) ;
#3497 = ORIENTED_EDGE ( 'NONE', *, *, #3163, .T. ) ;
#3498 = CARTESIAN_POINT ( 'NONE',  ( 0.000000000000000000, 0.8000000000000001554, 0.000000000000000000 ) ) ;
#3499 = DIRECTION ( 'NONE',  ( 0.000000000000000000, 1.000000000000000000, 0.000000000000000000 ) ) ;
#3500 = ADVANCED_FACE ( 'NONE', ( #1794 ), #561, .F. ) ;
#3501 = ORIENTED_EDGE ( 'NONE', *, *, #4983, .T. ) ;
#3502 = DIRECTION ( 'NONE',  ( 1.000000000000000000, 0.000000000000000000, -3.491481338843133355E-15 ) ) ;
#3503 = ORIENTED_EDGE ( 'NONE', *, *, #2890, .F. ) ;
#3504 = CARTESIAN_POINT ( 'NONE',  ( 1.300000000000000933, 0.02500000000000006384, 0.3999999999999954148 ) ) ;
#3505 = LINE ( 'NONE', #5238, #29 ) ;
#3506 = ORIENTED_EDGE ( 'NONE', *, *, #4049, .F. ) ;
#3507 = ORIENTED_EDGE ( 'NONE', *, *, #1485, .F. ) ;
#3508 = ORIENTED_EDGE ( 'NONE', *, *, #2054, .F. ) ;
#3509 = DIRECTION ( 'NONE',  ( 1.000000000000000000, 0.000000000000000000, -3.491481338843133355E-15 ) ) ;
#3510 = LINE ( 'NONE', #5246, #4730 ) ;
#3511 = EDGE_CURVE ( 'NONE', #4012, #5454, #3608, .T. ) ;
#3512 = EDGE_CURVE ( 'NONE', #4704, #2120, #4422, .T. ) ;
#3513 = CARTESIAN_POINT ( 'NONE',  ( -2.444036937190193743E-15, 0.02500000000000006384, -0.7000000000000000666 ) ) ;
#3514 = CARTESIAN_POINT ( 'NONE',  ( 1.299999999999999378, 0.2000000000000000944, -0.1000000000000045852 ) ) ;
#3515 = CARTESIAN_POINT ( 'NONE',  ( 1.499999999999999112, -2.168404344971008868E-16, -0.1000000000000052791 ) ) ;
#3516 = VERTEX_POINT ( 'NONE', #5346 ) ;
#3517 = VECTOR ( 'NONE', #17, 1000.000000000000000 ) ;
#3518 = LINE ( 'NONE', #3102, #1090 ) ;
#3519 = ORIENTED_EDGE ( 'NONE', *, *, #4957, .F. ) ;
#3520 = VECTOR ( 'NONE', #465, 1000.000000000000000 ) ;
#3521 = CARTESIAN_POINT ( 'NONE',  ( 1.499999999999995781, 0.02500000000000006384, -1.100000000000004974 ) ) ;
#3522 = EDGE_CURVE ( 'NONE', #5234, #2946, #5315, .T. ) ;
#3523 = DIRECTION ( 'NONE',  ( 1.000000000000000000, 0.000000000000000000, -3.468277731116981327E-15 ) ) ;
#3524 = AXIS2_PLACEMENT_3D ( 'NONE', #5378, #3671, #1033 ) ;
#3525 = VECTOR ( 'NONE', #4581, 1000.000000000000000 ) ;
#3526 = EDGE_CURVE ( 'NONE', #1627, #2363, #2684, .T. ) ;
#3527 = DIRECTION ( 'NONE',  ( -1.000000000000000000, 0.000000000000000000, 3.491481338843133355E-15 ) ) ;
#3528 = VERTEX_POINT ( 'NONE', #1827 ) ;
#3529 = ORIENTED_EDGE ( 'NONE', *, *, #2740, .T. ) ;
#3530 = VECTOR ( 'NONE', #3568, 1000.000000000000000 ) ;
#3531 = CARTESIAN_POINT ( 'NONE',  ( 0.000000000000000000, 0.02500000000000006384, 0.000000000000000000 ) ) ;
#3532 = ADVANCED_FACE ( 'NONE', ( #1844 ), #2767, .F. ) ;
#3533 = VECTOR ( 'NONE', #5100, 1000.000000000000000 ) ;
#3534 =( GEOMETRIC_REPRESENTATION_CONTEXT ( 3 ) GLOBAL_UNCERTAINTY_ASSIGNED_CONTEXT ( ( #60 ) ) GLOBAL_UNIT_ASSIGNED_CONTEXT ( ( #5032, #267, #2849 ) ) REPRESENTATION_CONTEXT ( 'NONE', 'WORKASPACE' ) );
#3535 = DIRECTION ( 'NONE',  ( 0.000000000000000000, 1.000000000000000000, 0.000000000000000000 ) ) ;
#3536 = ORIENTED_EDGE ( 'NONE', *, *, #3761, .T. ) ;
#3537 = AXIS2_PLACEMENT_3D ( 'NONE', #4796, #1256, #4777 ) ;
#3538 = CARTESIAN_POINT ( 'NONE',  ( 1.499999999999999556, 0.000000000000000000, -5.237222008264698455E-15 ) ) ;
#3539 = DIRECTION ( 'NONE',  ( -1.000000000000000000, 0.000000000000000000, 3.491481338843133355E-15 ) ) ;
#3540 = AXIS2_PLACEMENT_3D ( 'NONE', #3662, #158, #1940 ) ;
#3541 = CARTESIAN_POINT ( 'NONE',  ( 1.300000000000000711, 0.1999999999999999278, 0.2999999999999953815 ) ) ;
#3542 = AXIS2_PLACEMENT_3D ( 'NONE', #4327, #5624, #3046 ) ;
#3543 = VECTOR ( 'NONE', #3564, 1000.000000000000000 ) ;
#3544 = CIRCLE ( 'NONE', #4811, 0.1000000000000000472 ) ;
#3545 = LINE ( 'NONE', #3457, #5651 ) ;
#3546 = PLANE ( 'NONE',  #3876 ) ;
#3547 = EDGE_LOOP ( 'NONE', ( #3406, #353, #1143, #701 ) ) ;
#3548 = LINE ( 'NONE', #89, #4279 ) ;
#3549 = ORIENTED_EDGE ( 'NONE', *, *, #751, .T. ) ;
#3550 = EDGE_CURVE ( 'NONE', #5470, #4367, #4892, .T. ) ;
#3551 = CARTESIAN_POINT ( 'NONE',  ( 1.499999999999996891, 0.8000000000000001554, -0.7000000000000052847 ) ) ;
#3552 = DIRECTION ( 'NONE',  ( 0.000000000000000000, 1.000000000000000000, 0.000000000000000000 ) ) ;
#3553 = AXIS2_PLACEMENT_3D ( 'NONE', #1458, #1995, #4597 ) ;
#3554 = DIRECTION ( 'NONE',  ( -1.000000000000000000, -0.000000000000000000, 3.491481338843133355E-15 ) ) ;
#3555 = CARTESIAN_POINT ( 'NONE',  ( 1.499999999999998224, 0.8000000000000001554, -0.3000000000000051514 ) ) ;
#3556 = EDGE_CURVE ( 'NONE', #5156, #43, #5341, .T. ) ;
#3557 = VECTOR ( 'NONE', #3882, 1000.000000000000000 ) ;
#3558 = PRESENTATION_STYLE_ASSIGNMENT (( #3581 ) ) ;
#3559 = ORIENTED_EDGE ( 'NONE', *, *, #1166, .T. ) ;
#3560 = ORIENTED_EDGE ( 'NONE', *, *, #1267, .F. ) ;
#3561 = EDGE_CURVE ( 'NONE', #2946, #3324, #4485, .T. ) ;
#3562 = DIRECTION ( 'NONE',  ( -1.000000000000000000, 0.000000000000000000, 3.252606517456511724E-15 ) ) ;
#3563 = EDGE_CURVE ( 'NONE', #4734, #5558, #5268, .T. ) ;
#3564 = DIRECTION ( 'NONE',  ( 0.000000000000000000, -1.000000000000000000, 0.000000000000000000 ) ) ;
#3565 = EDGE_CURVE ( 'NONE', #5404, #3376, #4342, .T. ) ;
#3566 = CARTESIAN_POINT ( 'NONE',  ( -1.326711880600177862, 0.6999999999999999556, -1.201669740778645634 ) ) ;
#3567 = VERTEX_POINT ( 'NONE', #1381 ) ;
#3568 = DIRECTION ( 'NONE',  ( -0.000000000000000000, -1.000000000000000000, -0.000000000000000000 ) ) ;
#3569 = EDGE_CURVE ( 'NONE', #2379, #2043, #1522, .T. ) ;
#3570 = DIRECTION ( 'NONE',  ( 0.000000000000000000, 1.000000000000000000, 0.000000000000000000 ) ) ;
#3571 = LINE ( 'NONE', #2309, #4267 ) ;
#3572 = CARTESIAN_POINT ( 'NONE',  ( 1.500000000000000666, -3.660069929215019169, 0.2999999999999946598 ) ) ;
#3573 = DIRECTION ( 'NONE',  ( -1.000000000000000000, 0.000000000000000000, 3.252606517456511724E-15 ) ) ;
#3574 = ORIENTED_EDGE ( 'NONE', *, *, #3857, .T. ) ;
#3575 = SURFACE_STYLE_USAGE ( .BOTH. , #2701 ) ;
#3576 = ORIENTED_EDGE ( 'NONE', *, *, #755, .F. ) ;
#3577 = LINE ( 'NONE', #4856, #1168 ) ;
#3578 = EDGE_CURVE ( 'NONE', #858, #4190, #3134, .T. ) ;
#3579 = DIRECTION ( 'NONE',  ( -1.000000000000000000, 0.000000000000000000, 3.491481338843133355E-15 ) ) ;
#3580 = LINE ( 'NONE', #2140, #1334 ) ;
#3581 = SURFACE_STYLE_USAGE ( .BOTH. , #3664 ) ;
#3582 = ORIENTED_EDGE ( 'NONE', *, *, #1466, .T. ) ;
#3583 = ORIENTED_EDGE ( 'NONE', *, *, #4529, .T. ) ;
#3584 = CARTESIAN_POINT ( 'NONE',  ( 1.299999999999998712, 0.02500000000000006384, -0.3000000000000044853 ) ) ;
#3585 = EDGE_CURVE ( 'NONE', #1461, #5199, #2742, .T. ) ;
#3586 = LINE ( 'NONE', #3611, #57 ) ;
#3587 = CARTESIAN_POINT ( 'NONE',  ( -1.499999999999996669, 0.02500000000000006384, 0.9000000000000052403 ) ) ;
#3588 = ORIENTED_EDGE ( 'NONE', *, *, #710, .F. ) ;
#3589 = DIRECTION ( 'NONE',  ( 0.000000000000000000, 1.000000000000000000, 0.000000000000000000 ) ) ;
#3590 = ORIENTED_EDGE ( 'NONE', *, *, #174, .T. ) ;
#3591 = CARTESIAN_POINT ( 'NONE',  ( -1.299999999999996936, 2.168404344971008868E-16, 0.8000000000000044853 ) ) ;
#3592 =( LENGTH_UNIT ( ) NAMED_UNIT ( * ) SI_UNIT ( .MILLI., .METRE. ) );
#3593 = ADVANCED_FACE ( 'NONE', ( #2709, #3938 ), #13, .F. ) ;
#3594 = CARTESIAN_POINT ( 'NONE',  ( 1.500000000000000666, -2.168404344971008868E-16, 0.2999999999999946598 ) ) ;
#3595 = EDGE_CURVE ( 'NONE', #3409, #3401, #588, .T. ) ;
#3596 = CARTESIAN_POINT ( 'NONE',  ( 1.299999999999995604, 0.02500000000000006384, -1.200000000000004396 ) ) ;
#3597 = DIRECTION ( 'NONE',  ( 0.000000000000000000, 1.000000000000000000, 0.000000000000000000 ) ) ;
#3598 = VERTEX_POINT ( 'NONE', #3750 ) ;
#3599 = DIRECTION ( 'NONE',  ( 0.000000000000000000, 1.000000000000000000, 0.000000000000000000 ) ) ;
#3600 = EDGE_LOOP ( 'NONE', ( #1224, #2031, #2431, #2326 ) ) ;
#3601 = LINE ( 'NONE', #1464, #797 ) ;
#3602 = STYLED_ITEM ( 'NONE', ( #3756 ), #4668 ) ;
#3603 = DIRECTION ( 'NONE',  ( -0.000000000000000000, -1.000000000000000000, -0.000000000000000000 ) ) ;
#3604 = CARTESIAN_POINT ( 'NONE',  ( 1.299999999999995604, -3.660069929215019169, -1.200000000000004396 ) ) ;
#3605 = ORIENTED_EDGE ( 'NONE', *, *, #3578, .T. ) ;
#3606 = VECTOR ( 'NONE', #2696, 1000.000000000000000 ) ;
#3607 = ORIENTED_EDGE ( 'NONE', *, *, #1388, .T. ) ;
#3608 = LINE ( 'NONE', #1404, #3703 ) ;
#3609 = VECTOR ( 'NONE', #4763, 1000.000000000000000 ) ;
#3610 = AXIS2_PLACEMENT_3D ( 'NONE', #2418, #2751, #106 ) ;
#3611 = CARTESIAN_POINT ( 'NONE',  ( 1.299999999999998712, 0.2000000000000000944, -0.3000000000000044853 ) ) ;
#3612 = PLANE ( 'NONE',  #4907 ) ;
#3613 = ORIENTED_EDGE ( 'NONE', *, *, #3145, .F. ) ;
#3614 = CIRCLE ( 'NONE', #3524, 0.1000000000000000472 ) ;
#3615 = CARTESIAN_POINT ( 'NONE',  ( 1.500000000000001998, -3.660069929215019169, 0.6999999999999946265 ) ) ;
#3616 = EDGE_LOOP ( 'NONE', ( #750, #5336, #3831, #2608 ) ) ;
#3617 = CARTESIAN_POINT ( 'NONE',  ( 1.499999999999995559, 0.2000000000000000944, -1.200000000000005063 ) ) ;
#3618 = ADVANCED_FACE ( 'NONE', ( #2356 ), #3243, .F. ) ;
#3619 = AXIS2_PLACEMENT_3D ( 'NONE', #1586, #1922, #5063 ) ;
#3620 = AXIS2_PLACEMENT_3D ( 'NONE', #1213, #2855, #5519 ) ;
#3621 = CARTESIAN_POINT ( 'NONE',  ( -1.299999999999996936, 0.1999999999999998723, 0.8000000000000044853 ) ) ;
#3622 = EDGE_LOOP ( 'NONE', ( #2652, #4489, #4109, #2605 ) ) ;
#3623 = EDGE_CURVE ( 'NONE', #1870, #470, #617, .T. ) ;
#3624 = CIRCLE ( 'NONE', #3007, 0.1000000000000000472 ) ;
#3625 = AXIS2_PLACEMENT_3D ( 'NONE', #1871, #4930, #3170 ) ;
#3626 = CARTESIAN_POINT ( 'NONE',  ( -1.299999999999999822, 2.168404344971008868E-16, 4.538925740496072573E-15 ) ) ;
#3627 = ADVANCED_FACE ( 'NONE', ( #163 ), #3726, .F. ) ;
#3628 = COLOUR_RGB ( '',1.000000000000000000, 1.000000000000000000, 1.000000000000000000 ) ;
#3629 = CARTESIAN_POINT ( 'NONE',  ( 1.499999999999997780, -3.660069929215019169, -0.5000000000000052180 ) ) ;
#3630 = VECTOR ( 'NONE', #4984, 1000.000000000000000 ) ;
#3631 = CARTESIAN_POINT ( 'NONE',  ( 0.8000000000000040412, 0.2000000000000000944, 1.149999999999997025 ) ) ;
#3632 = ORIENTED_EDGE ( 'NONE', *, *, #4534, .F. ) ;
#3633 = DIRECTION ( 'NONE',  ( 1.000000000000000000, 0.000000000000000000, -4.336808689942015369E-15 ) ) ;
#3634 = ORIENTED_EDGE ( 'NONE', *, *, #1109, .F. ) ;
#3635 = EDGE_CURVE ( 'NONE', #1337, #4091, #2879, .T. ) ;
#3636 = VECTOR ( 'NONE', #4926, 1000.000000000000000 ) ;
#3637 = DIRECTION ( 'NONE',  ( -1.000000000000000000, 0.000000000000000000, 4.336808689942015369E-15 ) ) ;
#3638 = AXIS2_PLACEMENT_3D ( 'NONE', #1266, #3023, #2208 ) ;
#3639 = VECTOR ( 'NONE', #4247, 1000.000000000000000 ) ;
#3640 = DIRECTION ( 'NONE',  ( -0.000000000000000000, -1.000000000000000000, -0.000000000000000000 ) ) ;
#3641 = CARTESIAN_POINT ( 'NONE',  ( -1.500000000000002665, 0.2000000000000000944, -0.8999999999999951372 ) ) ;
#3642 = ORIENTED_EDGE ( 'NONE', *, *, #1776, .T. ) ;
#3643 = ORIENTED_EDGE ( 'NONE', *, *, #463, .F. ) ;
#3644 = CARTESIAN_POINT ( 'NONE',  ( 1.300000000000001377, -2.168404344971008868E-16, 0.4999999999999954481 ) ) ;
#3645 = FACE_OUTER_BOUND ( 'NONE', #1667, .T. ) ;
#3646 = VERTEX_POINT ( 'NONE', #4111 ) ;
#3647 = DIRECTION ( 'NONE',  ( 0.000000000000000000, 1.000000000000000000, 0.000000000000000000 ) ) ;
#3648 = ORIENTED_EDGE ( 'NONE', *, *, #81, .T. ) ;
#3649 = LINE ( 'NONE', #3360, #691 ) ;
#3650 = EDGE_CURVE ( 'NONE', #1265, #5476, #3278, .T. ) ;
#3651 = DIRECTION ( 'NONE',  ( 1.000000000000000000, 0.000000000000000000, -3.491481338843133355E-15 ) ) ;
#3652 = CYLINDRICAL_SURFACE ( 'NONE', #2245, 0.1000000000000000472 ) ;
#3653 = ORIENTED_EDGE ( 'NONE', *, *, #637, .T. ) ;
#3654 = ADVANCED_FACE ( 'NONE', ( #2387 ), #3691, .F. ) ;
#3655 = CARTESIAN_POINT ( 'NONE',  ( 1.300000000000000711, 0.2000000000000000944, 0.2999999999999953815 ) ) ;
#3656 = CARTESIAN_POINT ( 'NONE',  ( -1.299999999999999822, 0.2000000000000000944, 4.538925740496072573E-15 ) ) ;
#3657 = DIRECTION ( 'NONE',  ( 1.000000000000000000, 0.000000000000000000, -3.491481338843136511E-15 ) ) ;
#3658 = EDGE_CURVE ( 'NONE', #2440, #2026, #677, .T. ) ;
#3659 = VERTEX_POINT ( 'NONE', #3668 ) ;
#3660 = ORIENTED_EDGE ( 'NONE', *, *, #1895, .F. ) ;
#3661 = CARTESIAN_POINT ( 'NONE',  ( -0.7999999999999958256, 0.2000000000000000944, 1.150000000000003020 ) ) ;
#3662 = CARTESIAN_POINT ( 'NONE',  ( -1.300000000000002487, 2.168404344971008868E-16, -0.7999999999999956035 ) ) ;
#3663 = EDGE_CURVE ( 'NONE', #456, #1624, #2635, .T. ) ;
#3664 = SURFACE_SIDE_STYLE ('',( #1468 ) ) ;
#3665 = ORIENTED_EDGE ( 'NONE', *, *, #5265, .T. ) ;
#3666 = ORIENTED_EDGE ( 'NONE', *, *, #3404, .T. ) ;
#3667 = EDGE_CURVE ( 'NONE', #5666, #1305, #672, .T. ) ;
#3668 = CARTESIAN_POINT ( 'NONE',  ( 1.500000000000002665, 0.2000000000000000111, 0.8999999999999949152 ) ) ;
#3669 = LINE ( 'NONE', #1031, #5638 ) ;
#3670 = ORIENTED_EDGE ( 'NONE', *, *, #5549, .F. ) ;
#3671 = DIRECTION ( 'NONE',  ( 0.000000000000000000, 1.000000000000000000, 0.000000000000000000 ) ) ;
#3672 = ORIENTED_EDGE ( 'NONE', *, *, #2331, .F. ) ;
#3673 = DIRECTION ( 'NONE',  ( -1.000000000000000000, 0.000000000000000000, 3.468277731116981327E-15 ) ) ;
#3674 = LINE ( 'NONE', #1074, #1954 ) ;
#3675 = DIRECTION ( 'NONE',  ( -1.000000000000000000, 0.000000000000000000, 3.252606517456511724E-15 ) ) ;
#3676 = ORIENTED_EDGE ( 'NONE', *, *, #3208, .T. ) ;
#3677 = LINE ( 'NONE', #228, #2911 ) ;
#3678 = DIRECTION ( 'NONE',  ( -3.491481338843133355E-15, 0.000000000000000000, -1.000000000000000000 ) ) ;
#3679 = ORIENTED_EDGE ( 'NONE', *, *, #2249, .F. ) ;
#3680 = DIRECTION ( 'NONE',  ( -0.000000000000000000, -1.000000000000000000, -0.000000000000000000 ) ) ;
#3681 = ORIENTED_EDGE ( 'NONE', *, *, #4286, .F. ) ;
#3682 = LINE ( 'NONE', #238, #141 ) ;
#3683 = DIRECTION ( 'NONE',  ( 3.636041628507867543E-15, 0.000000000000000000, 1.000000000000000000 ) ) ;
#3684 = EDGE_CURVE ( 'NONE', #3149, #1304, #494, .T. ) ;
#3685 = LINE ( 'NONE', #3355, #4142 ) ;
#3686 = ORIENTED_EDGE ( 'NONE', *, *, #1382, .F. ) ;
#3687 = EDGE_CURVE ( 'NONE', #5660, #3760, #1029, .T. ) ;
#3688 = DIRECTION ( 'NONE',  ( -1.000000000000000000, -0.000000000000000000, 3.491481338843133355E-15 ) ) ;
#3689 = ORIENTED_EDGE ( 'NONE', *, *, #1683, .T. ) ;
#3690 = CARTESIAN_POINT ( 'NONE',  ( 1.299999999999998712, -2.168404344971008868E-16, -0.3000000000000044853 ) ) ;
#3691 = PLANE ( 'NONE',  #1625 ) ;
#3692 = EDGE_CURVE ( 'NONE', #2002, #2766, #4136, .T. ) ;
#3693 = AXIS2_PLACEMENT_3D ( 'NONE', #4251, #333, #2095 ) ;
#3694 = PLANE ( 'NONE',  #5458 ) ;
#3695 =( LENGTH_UNIT ( ) NAMED_UNIT ( * ) SI_UNIT ( .MILLI., .METRE. ) );
#3696 = EDGE_LOOP ( 'NONE', ( #995, #3148, #1597, #5655 ) ) ;
#3697 = DIRECTION ( 'NONE',  ( 1.000000000000000000, 0.000000000000000000, -3.491481338843133355E-15 ) ) ;
#3698 = ORIENTED_EDGE ( 'NONE', *, *, #1492, .T. ) ;
#3699 = CARTESIAN_POINT ( 'NONE',  ( -1.300000000000002043, 0.1999999999999999278, -0.6999999999999955147 ) ) ;
#3700 = VECTOR ( 'NONE', #2618, 1000.000000000000000 ) ;
#3701 = DIRECTION ( 'NONE',  ( -3.491481338843133355E-15, 0.000000000000000000, -1.000000000000000000 ) ) ;
#3702 = CARTESIAN_POINT ( 'NONE',  ( 1.300000000000000933, 0.2000000000000000944, 0.3999999999999954148 ) ) ;
#3703 = VECTOR ( 'NONE', #2323, 1000.000000000000000 ) ;
#3704 = VERTEX_POINT ( 'NONE', #3223 ) ;
#3705 = ORIENTED_EDGE ( 'NONE', *, *, #3430, .T. ) ;
#3706 = AXIS2_PLACEMENT_3D ( 'NONE', #3422, #341, #3885 ) ;
#3707 = LINE ( 'NONE', #5077, #3092 ) ;
#3708 = AXIS2_PLACEMENT_3D ( 'NONE', #5011, #1148, #184 ) ;
#3709 =( LENGTH_UNIT ( ) NAMED_UNIT ( * ) SI_UNIT ( .MILLI., .METRE. ) );
#3710 = CARTESIAN_POINT ( 'NONE',  ( 1.300000000000004263, 0.2000000000000000944, 1.299999999999995604 ) ) ;
#3711 = AXIS2_PLACEMENT_3D ( 'NONE', #4469, #4961, #4909 ) ;
#3712 = CARTESIAN_POINT ( 'NONE',  ( -1.300000000000003819, -3.660069929215019169, -1.199999999999995293 ) ) ;
#3713 = ORIENTED_EDGE ( 'NONE', *, *, #4944, .T. ) ;
#3714 = DIRECTION ( 'NONE',  ( 0.000000000000000000, 1.000000000000000000, 0.000000000000000000 ) ) ;
#3715 = DIRECTION ( 'NONE',  ( -1.000000000000000000, 0.000000000000000000, 3.491481338843133355E-15 ) ) ;
#3716 = VECTOR ( 'NONE', #258, 1000.000000000000000 ) ;
#3717 = EDGE_CURVE ( 'NONE', #2958, #1582, #209, .T. ) ;
#3718 = DIRECTION ( 'NONE',  ( -1.000000000000000000, 0.000000000000000000, 4.336808689942015369E-15 ) ) ;
#3719 = ORIENTED_EDGE ( 'NONE', *, *, #2975, .T. ) ;
#3720 = ADVANCED_FACE ( 'NONE', ( #1122 ), #2443, .F. ) ;
#3721 = SURFACE_SIDE_STYLE ('',( #3328 ) ) ;
#3722 = VERTEX_POINT ( 'NONE', #3644 ) ;
#3723 = DIRECTION ( 'NONE',  ( 1.000000000000000000, 0.000000000000000000, -3.491481338843136511E-15 ) ) ;
#3724 = VECTOR ( 'NONE', #5563, 1000.000000000000000 ) ;
#3725 = AXIS2_PLACEMENT_3D ( 'NONE', #5453, #2844, #1171 ) ;
#3726 = PLANE ( 'NONE',  #2811 ) ;
#3727 = CARTESIAN_POINT ( 'NONE',  ( 1.499999999999994005, 0.8000000000000001554, -1.500000000000004885 ) ) ;
#3728 = DIRECTION ( 'NONE',  ( 1.000000000000000000, -0.000000000000000000, -3.491481338843133355E-15 ) ) ;
#3729 = ORIENTED_EDGE ( 'NONE', *, *, #2162, .F. ) ;
#3730 = CARTESIAN_POINT ( 'NONE',  ( -1.299999999999996714, 0.2000000000000000944, 0.9000000000000046851 ) ) ;
#3731 = EDGE_LOOP ( 'NONE', ( #1329, #2196, #4557, #1966 ) ) ;
#3732 = EDGE_CURVE ( 'NONE', #650, #5454, #5374, .T. ) ;
#3733 = AXIS2_PLACEMENT_3D ( 'NONE', #3788, #2086, #5117 ) ;
#3734 = DIRECTION ( 'NONE',  ( -1.000000000000000000, 0.000000000000000000, 4.336808689942015369E-15 ) ) ;
#3735 = ORIENTED_EDGE ( 'NONE', *, *, #2087, .T. ) ;
#3736 = FACE_OUTER_BOUND ( 'NONE', #4365, .T. ) ;
#3737 = EDGE_LOOP ( 'NONE', ( #3605, #5113, #1537, #4773 ) ) ;
#3738 = AXIS2_PLACEMENT_3D ( 'NONE', #5257, #5155, #3502 ) ;
#3739 = PRODUCT_DEFINITION_CONTEXT ( 'detailed design', #2866, 'design' ) ;
#3740 = PLANE ( 'NONE',  #1628 ) ;
#3741 = CARTESIAN_POINT ( 'NONE',  ( 1.499999999999995781, 0.2000000000000000111, -1.100000000000004974 ) ) ;
#3742 = CARTESIAN_POINT ( 'NONE',  ( -1.499999999999995559, 0.2000000000000000944, 1.300000000000005151 ) ) ;
#3743 = DIRECTION ( 'NONE',  ( 0.000000000000000000, 1.000000000000000000, 0.000000000000000000 ) ) ;
#3744 = ORIENTED_EDGE ( 'NONE', *, *, #5654, .T. ) ;
#3745 = FACE_OUTER_BOUND ( 'NONE', #4615, .T. ) ;
#3746 = DIRECTION ( 'NONE',  ( 1.000000000000000000, 0.000000000000000000, -3.491481338843133355E-15 ) ) ;
#3747 = ORIENTED_EDGE ( 'NONE', *, *, #1323, .T. ) ;
#3748 = LINE ( 'NONE', #3771, #1283 ) ;
#3749 = ADVANCED_FACE ( 'NONE', ( #767 ), #2537, .T. ) ;
#3750 = CARTESIAN_POINT ( 'NONE',  ( -0.8499999999999962030, 0.1999999999999998723, 1.100000000000003197 ) ) ;
#3751 = CARTESIAN_POINT ( 'NONE',  ( 0.000000000000000000, 0.000000000000000000, 0.000000000000000000 ) ) ;
#3752 = CARTESIAN_POINT ( 'NONE',  ( 1.300000000000003597, 1.626303258728256651E-16, 1.099999999999995204 ) ) ;
#3753 = ORIENTED_EDGE ( 'NONE', *, *, #1939, .T. ) ;
#3754 = CARTESIAN_POINT ( 'NONE',  ( 1.500000000000004219, 0.8000000000000001554, 1.299999999999994715 ) ) ;
#3755 = VERTEX_POINT ( 'NONE', #1211 ) ;
#3756 = PRESENTATION_STYLE_ASSIGNMENT (( #4269 ) ) ;
#3757 = ADVANCED_FACE ( 'NONE', ( #854 ), #3773, .T. ) ;
#3758 = FACE_OUTER_BOUND ( 'NONE', #2201, .T. ) ;
#3759 = VERTEX_POINT ( 'NONE', #5517 ) ;
#3760 = VERTEX_POINT ( 'NONE', #3397 ) ;
#3761 = EDGE_CURVE ( 'NONE', #4353, #3403, #3887, .T. ) ;
#3762 = FACE_OUTER_BOUND ( 'NONE', #294, .T. ) ;
#3763 = CARTESIAN_POINT ( 'NONE',  ( 1.499999999999998446, 2.168404344971008868E-16, -0.3000000000000051514 ) ) ;
#3764 = CARTESIAN_POINT ( 'NONE',  ( 0.8000000000000040412, 1.626303258728256651E-16, 1.149999999999997247 ) ) ;
#3765 = FACE_OUTER_BOUND ( 'NONE', #4669, .T. ) ;
#3766 = DIRECTION ( 'NONE',  ( 3.491481338843133355E-15, 0.000000000000000000, 1.000000000000000000 ) ) ;
#3767 = EDGE_LOOP ( 'NONE', ( #4683, #5640, #670, #3929 ) ) ;
#3768 = DIRECTION ( 'NONE',  ( -0.000000000000000000, -1.000000000000000000, -0.000000000000000000 ) ) ;
#3769 = CARTESIAN_POINT ( 'NONE',  ( -1.500000000000002665, -3.660069929215019169, -0.8999999999999951372 ) ) ;
#3770 = EDGE_LOOP ( 'NONE', ( #3246, #633, #1743, #316 ) ) ;
#3771 = CARTESIAN_POINT ( 'NONE',  ( -1.500000000000003553, -3.660069929215019169, -1.099999999999994538 ) ) ;
#3772 = FACE_OUTER_BOUND ( 'NONE', #3231, .T. ) ;
#3773 = CYLINDRICAL_SURFACE ( 'NONE', #2166, 0.1000000000000000472 ) ;
#3774 = CARTESIAN_POINT ( 'NONE',  ( 1.299999999999998046, 0.2000000000000000944, -0.5000000000000045519 ) ) ;
#3775 = VERTEX_POINT ( 'NONE', #3487 ) ;
#3776 = LINE ( 'NONE', #3915, #1621 ) ;
#3777 = ORIENTED_EDGE ( 'NONE', *, *, #2409, .T. ) ;
#3778 = CARTESIAN_POINT ( 'NONE',  ( 1.299999999999996714, 0.1999999999999999278, -0.9000000000000047962 ) ) ;
#3779 = PLANE ( 'NONE',  #4243 ) ;
#3780 = EDGE_CURVE ( 'NONE', #3883, #1952, #343, .T. ) ;
#3781 = ORIENTED_EDGE ( 'NONE', *, *, #3189, .F. ) ;
#3782 = CARTESIAN_POINT ( 'NONE',  ( -0.7999999999999958256, -3.660069929215019169, 1.150000000000003020 ) ) ;
#3783 = CARTESIAN_POINT ( 'NONE',  ( -1.300000000000000711, 0.2000000000000000944, -0.2999999999999953815 ) ) ;
#3784 = CARTESIAN_POINT ( 'NONE',  ( 1.300000000000000266, 0.2000000000000000944, 0.09999999999999550915 ) ) ;
#3785 = AXIS2_PLACEMENT_3D ( 'NONE', #3978, #5118, #2689 ) ;
#3786 = VECTOR ( 'NONE', #1276, 1000.000000000000000 ) ;
#3787 = EDGE_CURVE ( 'NONE', #3760, #2120, #5218, .T. ) ;
#3788 = CARTESIAN_POINT ( 'NONE',  ( 1.500000000000003553, 0.2000000000000000944, 1.099999999999994538 ) ) ;
#3789 = LINE ( 'NONE', #4847, #4886 ) ;
#3790 = AXIS2_PLACEMENT_3D ( 'NONE', #1536, #3647, #1477 ) ;
#3791 = DIRECTION ( 'NONE',  ( -1.000000000000000000, 0.000000000000000000, 3.491481338843133355E-15 ) ) ;
#3792 = ORIENTED_EDGE ( 'NONE', *, *, #3692, .T. ) ;
#3793 = CARTESIAN_POINT ( 'NONE',  ( 1.199999999999996847, 0.02500000000000006384, -0.8000000000000043743 ) ) ;
#3794 = EDGE_CURVE ( 'NONE', #5416, #4865, #128, .T. ) ;
#3795 = CARTESIAN_POINT ( 'NONE',  ( 1.499999999999994005, 0.2000000000000000944, -1.500000000000004885 ) ) ;
#3796 = VECTOR ( 'NONE', #1529, 1000.000000000000000 ) ;
#3797 = COLOUR_RGB ( '',1.000000000000000000, 1.000000000000000000, 1.000000000000000000 ) ;
#3798 = CIRCLE ( 'NONE', #1259, 0.1250421398215223190 ) ;
#3799 = EDGE_CURVE ( 'NONE', #1704, #3240, #4738, .T. ) ;
#3800 = ORIENTED_EDGE ( 'NONE', *, *, #3478, .T. ) ;
#3801 = LINE ( 'NONE', #1944, #2279 ) ;
#3802 = ORIENTED_EDGE ( 'NONE', *, *, #1842, .F. ) ;
#3803 = LINE ( 'NONE', #2364, #4739 ) ;
#3804 = AXIS2_PLACEMENT_3D ( 'NONE', #1174, #4382, #1 ) ;
#3805 = CARTESIAN_POINT ( 'NONE',  ( 1.300000000000001377, 0.02500000000000006384, 0.4999999999999954481 ) ) ;
#3806 = CARTESIAN_POINT ( 'NONE',  ( 1.299999999999995826, -3.660069929215019169, -1.100000000000004308 ) ) ;
#3807 = PRESENTATION_LAYER_ASSIGNMENT (  '', '', ( #4162 ) ) ;
#3808 = DIRECTION ( 'NONE',  ( -1.000000000000000000, 0.000000000000000000, 3.252606517456511724E-15 ) ) ;
#3809 = DIRECTION ( 'NONE',  ( 0.000000000000000000, 1.000000000000000000, 0.000000000000000000 ) ) ;
#3810 = EDGE_LOOP ( 'NONE', ( #3021, #166, #3214, #4263 ) ) ;
#3811 = VECTOR ( 'NONE', #4014, 1000.000000000000000 ) ;
#3812 = ORIENTED_EDGE ( 'NONE', *, *, #2607, .T. ) ;
#3813 = DIRECTION ( 'NONE',  ( -3.491481338843133355E-15, 0.000000000000000000, -1.000000000000000000 ) ) ;
#3814 = VERTEX_POINT ( 'NONE', #805 ) ;
#3815 = DIRECTION ( 'NONE',  ( 3.636041628507867543E-15, 0.000000000000000000, 1.000000000000000000 ) ) ;
#3816 = ORIENTED_EDGE ( 'NONE', *, *, #4452, .T. ) ;
#3817 = EDGE_LOOP ( 'NONE', ( #2917, #4711, #2772, #2328, #4235, #1296, #5091, #5028 ) ) ;
#3818 = VECTOR ( 'NONE', #4070, 1000.000000000000000 ) ;
#3819 = DIRECTION ( 'NONE',  ( -3.392917504980814878E-15, -0.000000000000000000, -1.000000000000000000 ) ) ;
#3820 = FILL_AREA_STYLE ('',( #1700 ) ) ;
#3821 = PRESENTATION_LAYER_ASSIGNMENT (  '', '', ( #2468 ) ) ;
#3822 = DIRECTION ( 'NONE',  ( -1.000000000000000000, 0.000000000000000000, 3.491481338843133355E-15 ) ) ;
#3823 = CARTESIAN_POINT ( 'NONE',  ( 1.300000000000000266, 0.02500000000000006384, 0.09999999999999550915 ) ) ;
#3824 = ORIENTED_EDGE ( 'NONE', *, *, #3667, .T. ) ;
#3825 = DIRECTION ( 'NONE',  ( 1.000000000000000000, 0.000000000000000000, -3.491481338843133355E-15 ) ) ;
#3826 = CARTESIAN_POINT ( 'NONE',  ( 1.299999999999995159, -3.660069929215019169, -1.300000000000004485 ) ) ;
#3827 = EDGE_CURVE ( 'NONE', #4319, #4704, #4420, .T. ) ;
#3828 = PLANE ( 'NONE',  #4968 ) ;
#3829 = EDGE_LOOP ( 'NONE', ( #2514, #2982, #4347, #3327 ) ) ;
#3830 = FACE_OUTER_BOUND ( 'NONE', #5142, .T. ) ;
#3831 = ORIENTED_EDGE ( 'NONE', *, *, #2035, .T. ) ;
#3832 = LINE ( 'NONE', #1928, #4532 ) ;
#3833 = EDGE_CURVE ( 'NONE', #2765, #1319, #398, .T. ) ;
#3834 = CARTESIAN_POINT ( 'NONE',  ( -1.299999999999998490, 0.1999999999999998723, 0.4000000000000045186 ) ) ;
#3835 = CARTESIAN_POINT ( 'NONE',  ( 1.200000000000003730, 0.2000000000000000944, 1.199999999999995737 ) ) ;
#3836 = CARTESIAN_POINT ( 'NONE',  ( -1.500000000000004219, 0.02500000000000006384, -1.099999999999994538 ) ) ;
#3837 = ORIENTED_EDGE ( 'NONE', *, *, #2634, .F. ) ;
#3838 = DIRECTION ( 'NONE',  ( -0.000000000000000000, 1.000000000000000000, -0.000000000000000000 ) ) ;
#3839 = ORIENTED_EDGE ( 'NONE', *, *, #1354, .T. ) ;
#3840 = CARTESIAN_POINT ( 'NONE',  ( -1.299999999999996714, 0.1999999999999998723, 0.9000000000000046851 ) ) ;
#3841 = CARTESIAN_POINT ( 'NONE',  ( 0.8499999999999965361, -3.660069929215019169, -1.100000000000003197 ) ) ;
#3842 = VERTEX_POINT ( 'NONE', #2103 ) ;
#3843 = DIRECTION ( 'NONE',  ( 1.000000000000000000, 0.000000000000000000, -4.336808689942015369E-15 ) ) ;
#3844 = VERTEX_POINT ( 'NONE', #2501 ) ;
#3845 = DIRECTION ( 'NONE',  ( -1.000000000000000000, -0.000000000000000000, 3.491481338843133355E-15 ) ) ;
#3846 = CARTESIAN_POINT ( 'NONE',  ( 1.300000000000003819, 0.2000000000000000944, 1.199999999999995293 ) ) ;
#3847 = DIRECTION ( 'NONE',  ( -3.491481338843133355E-15, 0.000000000000000000, -1.000000000000000000 ) ) ;
#3848 = DIRECTION ( 'NONE',  ( -1.000000000000000000, 0.000000000000000000, 3.252606517456511724E-15 ) ) ;
#3849 = DIRECTION ( 'NONE',  ( 0.000000000000000000, 1.000000000000000000, 0.000000000000000000 ) ) ;
#3850 = ORIENTED_EDGE ( 'NONE', *, *, #1285, .F. ) ;
#3851 = CARTESIAN_POINT ( 'NONE',  ( 1.299999999999996714, -3.660069929215019169, -0.9000000000000047962 ) ) ;
#3852 = CARTESIAN_POINT ( 'NONE',  ( -1.500000000000004219, 0.2000000000000000944, -1.299999999999994937 ) ) ;
#3853 = DIRECTION ( 'NONE',  ( -3.491481338843133355E-15, 0.000000000000000000, -1.000000000000000000 ) ) ;
#3854 = ORIENTED_EDGE ( 'NONE', *, *, #4318, .F. ) ;
#3855 = PLANE ( 'NONE',  #2749 ) ;
#3856 = ORIENTED_EDGE ( 'NONE', *, *, #5356, .T. ) ;
#3857 = EDGE_CURVE ( 'NONE', #3484, #4787, #4151, .T. ) ;
#3858 = DIRECTION ( 'NONE',  ( 0.000000000000000000, 1.000000000000000000, 0.000000000000000000 ) ) ;
#3859 = CARTESIAN_POINT ( 'NONE',  ( -1.300000000000003819, 0.1999999999999998723, -1.199999999999995293 ) ) ;
#3860 = CARTESIAN_POINT ( 'NONE',  ( 1.299999999999999378, -3.660069929215019169, -0.1000000000000045852 ) ) ;
#3861 = DIRECTION ( 'NONE',  ( -1.000000000000000000, -0.000000000000000000, 3.491481338843133355E-15 ) ) ;
#3862 = ADVANCED_FACE ( 'NONE', ( #5553 ), #3363, .F. ) ;
#3863 = VERTEX_POINT ( 'NONE', #3835 ) ;
#3864 = ORIENTED_EDGE ( 'NONE', *, *, #4946, .T. ) ;
#3865 = EDGE_CURVE ( 'NONE', #4764, #1195, #1686, .T. ) ;
#3866 = CARTESIAN_POINT ( 'NONE',  ( 1.300000000000000711, -2.710505431213761085E-16, 0.2999999999999953815 ) ) ;
#3867 = CARTESIAN_POINT ( 'NONE',  ( 0.7999999999999963807, 2.168404344971008868E-16, -1.100000000000002975 ) ) ;
#3868 = ORIENTED_EDGE ( 'NONE', *, *, #4529, .F. ) ;
#3869 = ORIENTED_EDGE ( 'NONE', *, *, #2104, .T. ) ;
#3870 = CARTESIAN_POINT ( 'NONE',  ( -0.8500000000000023093, -3.660069929215019169, -0.7999999999999970468 ) ) ;
#3871 =( NAMED_UNIT ( * ) SI_UNIT ( $, .STERADIAN. ) SOLID_ANGLE_UNIT ( ) );
#3872 = VECTOR ( 'NONE', #3995, 1000.000000000000000 ) ;
#3873 = CARTESIAN_POINT ( 'NONE',  ( 1.500000000000003553, 7.115076756936122848E-17, 1.099999999999994538 ) ) ;
#3874 = ORIENTED_EDGE ( 'NONE', *, *, #667, .T. ) ;
#3875 = LINE ( 'NONE', #5231, #2266 ) ;
#3876 = AXIS2_PLACEMENT_3D ( 'NONE', #1370, #2342, #4442 ) ;
#3877 = CIRCLE ( 'NONE', #1339, 0.1000000000000000472 ) ;
#3878 = PLANE ( 'NONE',  #782 ) ;
#3879 = VECTOR ( 'NONE', #5295, 1000.000000000000000 ) ;
#3880 = FACE_OUTER_BOUND ( 'NONE', #375, .T. ) ;
#3881 = ORIENTED_EDGE ( 'NONE', *, *, #4066, .F. ) ;
#3882 = DIRECTION ( 'NONE',  ( -1.000000000000000000, -0.000000000000000000, 3.491481338843133355E-15 ) ) ;
#3883 = VERTEX_POINT ( 'NONE', #1184 ) ;
#3884 = CARTESIAN_POINT ( 'NONE',  ( -1.299999999999998712, 0.2000000000000000944, 0.3000000000000044853 ) ) ;
#3885 = DIRECTION ( 'NONE',  ( -1.000000000000000000, 0.000000000000000000, 3.491481338843136511E-15 ) ) ;
#3886 = EDGE_CURVE ( 'NONE', #4371, #4785, #4674, .T. ) ;
#3887 = LINE ( 'NONE', #5636, #587 ) ;
#3888 = AXIS2_PLACEMENT_3D ( 'NONE', #4917, #886, #3579 ) ;
#3889 = CIRCLE ( 'NONE', #4986, 0.1000000000000000472 ) ;
#3890 = ORIENTED_EDGE ( 'NONE', *, *, #1288, .F. ) ;
#3891 = ORIENTED_EDGE ( 'NONE', *, *, #2518, .F. ) ;
#3892 = CIRCLE ( 'NONE', #967, 0.05000000000000012768 ) ;
#3893 = EDGE_CURVE ( 'NONE', #2473, #1348, #2940, .T. ) ;
#3894 = VECTOR ( 'NONE', #2215, 1000.000000000000000 ) ;
#3895 = CARTESIAN_POINT ( 'NONE',  ( 1.300000000000000933, 0.2000000000000000944, 0.3999999999999954148 ) ) ;
#3896 = LINE ( 'NONE', #3870, #3177 ) ;
#3897 = CIRCLE ( 'NONE', #3370, 0.1000000000000000472 ) ;
#3898 = COLOUR_RGB ( '',1.000000000000000000, 1.000000000000000000, 1.000000000000000000 ) ;
#3899 = LINE ( 'NONE', #4870, #1636 ) ;
#3900 = EDGE_CURVE ( 'NONE', #2199, #2958, #300, .T. ) ;
#3901 = LINE ( 'NONE', #2957, #977 ) ;
#3902 = ORIENTED_EDGE ( 'NONE', *, *, #1467, .T. ) ;
#3903 = CARTESIAN_POINT ( 'NONE',  ( -1.300000000000002487, 2.168404344971008868E-16, -0.7999999999999956035 ) ) ;
#3904 = VECTOR ( 'NONE', #3274, 1000.000000000000000 ) ;
#3905 = ORIENTED_EDGE ( 'NONE', *, *, #5133, .T. ) ;
#3906 = AXIS2_PLACEMENT_3D ( 'NONE', #2152, #1320, #3073 ) ;
#3907 = ORIENTED_EDGE ( 'NONE', *, *, #4812, .T. ) ;
#3908 = DIRECTION ( 'NONE',  ( -0.000000000000000000, -1.000000000000000000, -0.000000000000000000 ) ) ;
#3909 = FILL_AREA_STYLE ('',( #3151 ) ) ;
#3910 = CARTESIAN_POINT ( 'NONE',  ( -1.500000000000005995, 0.02500000000000006384, -1.499999999999994449 ) ) ;
#3911 = ADVANCED_FACE ( 'NONE', ( #2603 ), #1278, .T. ) ;
#3912 = EDGE_CURVE ( 'NONE', #2907, #813, #2193, .T. ) ;
#3913 = CARTESIAN_POINT ( 'NONE',  ( -1.300000000000004263, -3.660069929215019169, -1.299999999999995381 ) ) ;
#3914 = ORIENTED_EDGE ( 'NONE', *, *, #1317, .F. ) ;
#3915 = CARTESIAN_POINT ( 'NONE',  ( 1.500000000000001332, 2.168404344971008868E-16, 0.4999999999999947820 ) ) ;
#3916 = VERTEX_POINT ( 'NONE', #933 ) ;
#3917 = EDGE_CURVE ( 'NONE', #5476, #1503, #1352, .T. ) ;
#3918 = VERTEX_POINT ( 'NONE', #2292 ) ;
#3919 = PLANE ( 'NONE',  #4075 ) ;
#3920 = ORIENTED_EDGE ( 'NONE', *, *, #4044, .F. ) ;
#3921 = CARTESIAN_POINT ( 'NONE',  ( -1.300000000000003597, 2.168404344971008868E-16, -1.099999999999995204 ) ) ;
#3922 = ADVANCED_FACE ( 'NONE', ( #1399 ), #2234, .F. ) ;
#3923 = DIRECTION ( 'NONE',  ( 0.000000000000000000, -1.000000000000000000, 0.000000000000000000 ) ) ;
#3924 = EDGE_CURVE ( 'NONE', #5215, #1408, #473, .T. ) ;
#3925 = CARTESIAN_POINT ( 'NONE',  ( -1.499999999999996669, 0.02500000000000006384, 0.9000000000000053513 ) ) ;
#3926 = PLANE ( 'NONE',  #887 ) ;
#3927 = EDGE_CURVE ( 'NONE', #4734, #3567, #2658, .T. ) ;
#3928 =( LENGTH_UNIT ( ) NAMED_UNIT ( * ) SI_UNIT ( .MILLI., .METRE. ) );
#3929 = ORIENTED_EDGE ( 'NONE', *, *, #168, .T. ) ;
#3930 = FILL_AREA_STYLE ('',( #5603 ) ) ;
#3931 = ORIENTED_EDGE ( 'NONE', *, *, #1498, .T. ) ;
#3932 = CARTESIAN_POINT ( 'NONE',  ( -1.500000000000000000, 0.1999999999999998723, -0.09999999999999481526 ) ) ;
#3933 = CARTESIAN_POINT ( 'NONE',  ( 4.538925740496074151E-15, 0.02500000000000006384, 1.300000000000000266 ) ) ;
#3934 = DIRECTION ( 'NONE',  ( 1.000000000000000000, 0.000000000000000000, -3.252606517456511724E-15 ) ) ;
#3935 = FACE_OUTER_BOUND ( 'NONE', #1000, .T. ) ;
#3936 = ORIENTED_EDGE ( 'NONE', *, *, #4645, .T. ) ;
#3937 = VERTEX_POINT ( 'NONE', #2703 ) ;
#3938 = FACE_BOUND ( 'NONE', #5061, .T. ) ;
#3939 = VERTEX_POINT ( 'NONE', #1327 ) ;
#3940 = LINE ( 'NONE', #3041, #231 ) ;
#3941 = ORIENTED_EDGE ( 'NONE', *, *, #2503, .F. ) ;
#3942 = LINE ( 'NONE', #326, #2990 ) ;
#3943 = ORIENTED_EDGE ( 'NONE', *, *, #4304, .F. ) ;
#3944 = EDGE_CURVE ( 'NONE', #653, #4657, #2538, .T. ) ;
#3945 = CARTESIAN_POINT ( 'NONE',  ( -1.299999999999998046, 0.1999999999999998723, 0.5000000000000045519 ) ) ;
#3946 = CARTESIAN_POINT ( 'NONE',  ( -0.8500000000000023093, 0.2000000000000000944, -0.7999999999999970468 ) ) ;
#3947 = FACE_OUTER_BOUND ( 'NONE', #4934, .T. ) ;
#3948 = EDGE_CURVE ( 'NONE', #2138, #5404, #3505, .T. ) ;
#3949 = FACE_OUTER_BOUND ( 'NONE', #3387, .T. ) ;
#3950 = ADVANCED_FACE ( 'NONE', ( #4884 ), #4369, .F. ) ;
#3951 = CARTESIAN_POINT ( 'NONE',  ( -1.499999999999996669, 0.8000000000000001554, 1.100000000000004974 ) ) ;
#3952 = DIRECTION ( 'NONE',  ( -3.491481338843133355E-15, 0.000000000000000000, -1.000000000000000000 ) ) ;
#3953 = CARTESIAN_POINT ( 'NONE',  ( 4.015203539669604147E-15, 0.000000000000000000, 1.150000000000000133 ) ) ;
#3954 = ORIENTED_EDGE ( 'NONE', *, *, #3687, .F. ) ;
#3955 = AXIS2_PLACEMENT_3D ( 'NONE', #5482, #4537, #4998 ) ;
#3956 = EDGE_CURVE ( 'NONE', #5658, #724, #5339, .T. ) ;
#3957 =( LENGTH_UNIT ( ) NAMED_UNIT ( * ) SI_UNIT ( .MILLI., .METRE. ) );
#3958 = ORIENTED_EDGE ( 'NONE', *, *, #4413, .T. ) ;
#3959 = AXIS2_PLACEMENT_3D ( 'NONE', #4231, #5472, #3373 ) ;
#3960 = PLANE ( 'NONE',  #5357 ) ;
#3961 = CARTESIAN_POINT ( 'NONE',  ( 1.299999999999999378, 0.2000000000000000944, -0.1000000000000045852 ) ) ;
#3962 = CARTESIAN_POINT ( 'NONE',  ( 1.299999999999996936, -3.660069929215019169, -0.8000000000000047073 ) ) ;
#3963 = LINE ( 'NONE', #3555, #4610 ) ;
#3964 = CIRCLE ( 'NONE', #869, 0.1000000000000000472 ) ;
#3965 = EDGE_CURVE ( 'NONE', #1052, #2931, #452, .T. ) ;
#3966 = VECTOR ( 'NONE', #4767, 1000.000000000000000 ) ;
#3967 =( NAMED_UNIT ( * ) PLANE_ANGLE_UNIT ( ) SI_UNIT ( $, .RADIAN. ) );
#3968 = VERTEX_POINT ( 'NONE', #997 ) ;
#3969 = VERTEX_POINT ( 'NONE', #92 ) ;
#3970 = VECTOR ( 'NONE', #740, 1000.000000000000000 ) ;
#3971 = FACE_OUTER_BOUND ( 'NONE', #1617, .T. ) ;
#3972 = VECTOR ( 'NONE', #1706, 1000.000000000000000 ) ;
#3973 = CARTESIAN_POINT ( 'NONE',  ( 1.499999999999997113, -3.660069929215019169, -0.7000000000000052847 ) ) ;
#3974 = AXIS2_PLACEMENT_3D ( 'NONE', #4584, #5104, #304 ) ;
#3975 = FACE_OUTER_BOUND ( 'NONE', #1048, .T. ) ;
#3976 = ORIENTED_EDGE ( 'NONE', *, *, #693, .T. ) ;
#3977 = AXIS2_PLACEMENT_3D ( 'NONE', #4848, #4028, #3093 ) ;
#3978 = CARTESIAN_POINT ( 'NONE',  ( -1.299999999999996936, 2.168404344971008868E-16, 0.8000000000000044853 ) ) ;
#3979 = CARTESIAN_POINT ( 'NONE',  ( 1.499999999999997780, 0.2000000000000000944, -0.5000000000000052180 ) ) ;
#3980 = DIRECTION ( 'NONE',  ( -1.000000000000000000, 0.000000000000000000, 4.336808689942015369E-15 ) ) ;
#3981 = AXIS2_PLACEMENT_3D ( 'NONE', #3867, #5200, #1287 ) ;
#3982 = AXIS2_PLACEMENT_3D ( 'NONE', #3265, #1202, #4249 ) ;
#3983 = AXIS2_PLACEMENT_3D ( 'NONE', #758, #1200, #2180 ) ;
#3984 = AXIS2_PLACEMENT_3D ( 'NONE', #2502, #303, #5493 ) ;
#3985 = CARTESIAN_POINT ( 'NONE',  ( 1.499999999999997113, 0.2000000000000000944, -0.7000000000000052847 ) ) ;
#3986 = CARTESIAN_POINT ( 'NONE',  ( 1.300000000000003819, 0.2000000000000000944, 1.199999999999995293 ) ) ;
#3987 = ORIENTED_EDGE ( 'NONE', *, *, #3208, .F. ) ;
#3988 = CARTESIAN_POINT ( 'NONE',  ( -1.299999999999998712, 0.1999999999999998723, 0.3000000000000044853 ) ) ;
#3989 = ORIENTED_EDGE ( 'NONE', *, *, #3857, .F. ) ;
#3990 = LINE ( 'NONE', #4446, #3276 ) ;
#3991 =( LENGTH_UNIT ( ) NAMED_UNIT ( * ) SI_UNIT ( .MILLI., .METRE. ) );
#3992 = VECTOR ( 'NONE', #1198, 1000.000000000000000 ) ;
#3993 = CARTESIAN_POINT ( 'NONE',  ( -0.8500000000000023093, 0.1999999999999998723, -0.7999999999999970468 ) ) ;
#3994 = ADVANCED_FACE ( 'NONE', ( #3107 ), #4450, .F. ) ;
#3995 = DIRECTION ( 'NONE',  ( -1.000000000000000000, 0.000000000000000000, 3.491481338843133355E-15 ) ) ;
#3996 = PRESENTATION_LAYER_ASSIGNMENT (  '', '', ( #2098 ) ) ;
#3997 = EDGE_LOOP ( 'NONE', ( #118, #347, #5418, #2106 ) ) ;
#3998 = ADVANCED_FACE ( 'NONE', ( #4388 ), #5662, .F. ) ;
#3999 = ORIENTED_EDGE ( 'NONE', *, *, #3470, .T. ) ;
#4000 = DIRECTION ( 'NONE',  ( 0.000000000000000000, -1.000000000000000000, 0.000000000000000000 ) ) ;
#4001 = LINE ( 'NONE', #76, #3543 ) ;
#4002 = DIRECTION ( 'NONE',  ( 3.491481338843133355E-15, 0.000000000000000000, 1.000000000000000000 ) ) ;
#4003 = ORIENTED_EDGE ( 'NONE', *, *, #2679, .F. ) ;
#4004 = DIRECTION ( 'NONE',  ( -0.000000000000000000, -1.000000000000000000, -0.000000000000000000 ) ) ;
#4005 = ORIENTED_EDGE ( 'NONE', *, *, #3900, .T. ) ;
#4006 = DIRECTION ( 'NONE',  ( 0.000000000000000000, -1.000000000000000000, 0.000000000000000000 ) ) ;
#4007 = CARTESIAN_POINT ( 'NONE',  ( -1.499999999999999556, 0.02500000000000006384, 5.237222008264698455E-15 ) ) ;
#4008 = ORIENTED_EDGE ( 'NONE', *, *, #1359, .F. ) ;
#4009 = UNCERTAINTY_MEASURE_WITH_UNIT (LENGTH_MEASURE( 1.000000000000000082E-05 ), #3592, 'distance_accuracy_value', 'NONE');
#4010 = LINE ( 'NONE', #1392, #439 ) ;
#4011 = DIRECTION ( 'NONE',  ( -1.000000000000000000, 0.000000000000000000, 3.491481338843133355E-15 ) ) ;
#4012 = VERTEX_POINT ( 'NONE', #3910 ) ;
#4013 = ORIENTED_EDGE ( 'NONE', *, *, #1934, .F. ) ;
#4014 = DIRECTION ( 'NONE',  ( -1.000000000000000000, 0.000000000000000000, 3.491481338843133355E-15 ) ) ;
#4015 = CARTESIAN_POINT ( 'NONE',  ( -0.7999999999999960476, 0.02500000000000006384, 1.100000000000002975 ) ) ;
#4016 = DIRECTION ( 'NONE',  ( -0.000000000000000000, -1.000000000000000000, -0.000000000000000000 ) ) ;
#4017 = ORIENTED_EDGE ( 'NONE', *, *, #453, .T. ) ;
#4018 = EDGE_CURVE ( 'NONE', #3166, #3369, #2251, .T. ) ;
#4019 = EDGE_LOOP ( 'NONE', ( #3349, #4713, #4370, #2832 ) ) ;
#4020 = DIRECTION ( 'NONE',  ( 0.000000000000000000, 1.000000000000000000, 0.000000000000000000 ) ) ;
#4021 = ADVANCED_FACE ( 'NONE', ( #1433 ), #912, .T. ) ;
#4022 = ORIENTED_EDGE ( 'NONE', *, *, #1175, .F. ) ;
#4023 = CARTESIAN_POINT ( 'NONE',  ( 0.8499999999999965361, 0.2000000000000000944, -1.100000000000003197 ) ) ;
#4024 = ORIENTED_EDGE ( 'NONE', *, *, #4871, .T. ) ;
#4025 = CYLINDRICAL_SURFACE ( 'NONE', #3790, 0.1000000000000000472 ) ;
#4026 = EDGE_LOOP ( 'NONE', ( #1990, #3792, #2587, #346 ) ) ;
#4027 = EDGE_CURVE ( 'NONE', #4725, #430, #4346, .T. ) ;
#4028 = DIRECTION ( 'NONE',  ( 0.000000000000000000, 1.000000000000000000, 0.000000000000000000 ) ) ;
#4029 = DIRECTION ( 'NONE',  ( 3.491481338843133355E-15, -0.000000000000000000, 1.000000000000000000 ) ) ;
#4030 = CARTESIAN_POINT ( 'NONE',  ( -1.500000000000001998, 0.02500000000000006384, -0.6999999999999948486 ) ) ;
#4031 = CARTESIAN_POINT ( 'NONE',  ( 1.499999999999995781, 0.2000000000000000944, -1.100000000000004974 ) ) ;
#4032 = CARTESIAN_POINT ( 'NONE',  ( -0.5000000000000036637, 0.2000000000000000944, -1.149999999999998357 ) ) ;
#4033 = DIRECTION ( 'NONE',  ( 0.000000000000000000, -1.000000000000000000, 0.000000000000000000 ) ) ;
#4034 = FACE_OUTER_BOUND ( 'NONE', #4889, .T. ) ;
#4035 = ORIENTED_EDGE ( 'NONE', *, *, #1495, .F. ) ;
#4036 = CARTESIAN_POINT ( 'NONE',  ( -1.500000000000000888, 0.2000000000000000944, -0.3999999999999946931 ) ) ;
#4037 = EDGE_LOOP ( 'NONE', ( #1321, #5665, #1997, #1357 ) ) ;
#4038 = VECTOR ( 'NONE', #2803, 1000.000000000000000 ) ;
#4039 = DIRECTION ( 'NONE',  ( -0.000000000000000000, -1.000000000000000000, 0.000000000000000000 ) ) ;
#4040 = CARTESIAN_POINT ( 'NONE',  ( 0.000000000000000000, 0.000000000000000000, 0.000000000000000000 ) ) ;
#4041 = ORIENTED_EDGE ( 'NONE', *, *, #5163, .T. ) ;
#4042 = VECTOR ( 'NONE', #4178, 1000.000000000000000 ) ;
#4043 = VERTEX_POINT ( 'NONE', #2382 ) ;
#4044 = EDGE_CURVE ( 'NONE', #115, #5127, #3326, .T. ) ;
#4045 = DIRECTION ( 'NONE',  ( 0.000000000000000000, -1.000000000000000000, 0.000000000000000000 ) ) ;
#4046 = DIRECTION ( 'NONE',  ( 1.000000000000000000, 0.000000000000000000, -3.263228249898816653E-15 ) ) ;
#4047 = VECTOR ( 'NONE', #202, 1000.000000000000000 ) ;
#4048 = VECTOR ( 'NONE', #830, 1000.000000000000000 ) ;
#4049 = EDGE_CURVE ( 'NONE', #596, #4443, #2871, .T. ) ;
#4050 = ORIENTED_EDGE ( 'NONE', *, *, #124, .F. ) ;
#4051 = LINE ( 'NONE', #1384, #694 ) ;
#4052 = EDGE_LOOP ( 'NONE', ( #5490, #1972, #5391, #4846, #3391 ) ) ;
#4053 = VECTOR ( 'NONE', #4586, 1000.000000000000000 ) ;
#4054 = PLANE ( 'NONE',  #1720 ) ;
#4055 = ORIENTED_EDGE ( 'NONE', *, *, #2864, .T. ) ;
#4056 = CARTESIAN_POINT ( 'NONE',  ( 1.499999999999997113, 0.02500000000000006384, -0.7000000000000052847 ) ) ;
#4057 = ADVANCED_FACE ( 'NONE', ( #582 ), #553, .F. ) ;
#4058 = VECTOR ( 'NONE', #2005, 1000.000000000000000 ) ;
#4059 = PRESENTATION_LAYER_ASSIGNMENT (  '', '', ( #2721 ) ) ;
#4060 = LINE ( 'NONE', #5439, #2426 ) ;
#4061 = AXIS2_PLACEMENT_3D ( 'NONE', #3256, #1483, #4150 ) ;
#4062 = VERTEX_POINT ( 'NONE', #1091 ) ;
#4063 = UNCERTAINTY_MEASURE_WITH_UNIT (LENGTH_MEASURE( 1.000000000000000082E-05 ), #1398, 'distance_accuracy_value', 'NONE');
#4064 = VECTOR ( 'NONE', #5419, 1000.000000000000000 ) ;
#4065 = AXIS2_PLACEMENT_3D ( 'NONE', #3504, #4291, #1299 ) ;
#4066 = EDGE_CURVE ( 'NONE', #3010, #2219, #2347, .T. ) ;
#4067 = PLANE ( 'NONE',  #325 ) ;
#4068 = CYLINDRICAL_SURFACE ( 'NONE', #5613, 0.1000000000000000472 ) ;
#4069 = AXIS2_PLACEMENT_3D ( 'NONE', #2559, #4278, #5050 ) ;
#4070 = DIRECTION ( 'NONE',  ( -1.000000000000000000, 0.000000000000000000, 3.491481338843133355E-15 ) ) ;
#4071 = EDGE_CURVE ( 'NONE', #4657, #899, #4076, .T. ) ;
#4072 = ORIENTED_EDGE ( 'NONE', *, *, #5580, .T. ) ;
#4073 = ORIENTED_EDGE ( 'NONE', *, *, #443, .T. ) ;
#4074 = DIRECTION ( 'NONE',  ( 1.000000000000000000, -0.000000000000000000, -3.491481338843133355E-15 ) ) ;
#4075 = AXIS2_PLACEMENT_3D ( 'NONE', #920, #4793, #2665 ) ;
#4076 = LINE ( 'NONE', #4576, #2908 ) ;
#4077 = VECTOR ( 'NONE', #1980, 1000.000000000000000 ) ;
#4078 = VECTOR ( 'NONE', #109, 1000.000000000000000 ) ;
#4079 = LINE ( 'NONE', #1116, #3342 ) ;
#4080 = DIRECTION ( 'NONE',  ( 0.000000000000000000, -1.000000000000000000, 0.000000000000000000 ) ) ;
#4081 = ORIENTED_EDGE ( 'NONE', *, *, #5138, .F. ) ;
#4082 = AXIS2_PLACEMENT_3D ( 'NONE', #1229, #2955, #3017 ) ;
#4083 = VERTEX_POINT ( 'NONE', #2847 ) ;
#4084 = DIRECTION ( 'NONE',  ( 0.000000000000000000, 1.000000000000000000, 0.000000000000000000 ) ) ;
#4085 = DIRECTION ( 'NONE',  ( 0.000000000000000000, 1.000000000000000000, 0.000000000000000000 ) ) ;
#4086 = EDGE_CURVE ( 'NONE', #826, #95, #1808, .T. ) ;
#4087 = AXIS2_PLACEMENT_3D ( 'NONE', #994, #2313, #3633 ) ;
#4088 = EDGE_CURVE ( 'NONE', #3149, #4787, #4506, .T. ) ;
#4089 = DIRECTION ( 'NONE',  ( -1.000000000000000000, 0.000000000000000000, 3.491481338843133355E-15 ) ) ;
#4090 = CARTESIAN_POINT ( 'NONE',  ( -1.299999999999998046, 1.626303258728256651E-16, 0.5000000000000045519 ) ) ;
#4091 = VERTEX_POINT ( 'NONE', #1141 ) ;
#4092 = DIRECTION ( 'NONE',  ( -1.000000000000000000, 0.000000000000000000, 3.252606517456511724E-15 ) ) ;
#4093 = ORIENTED_EDGE ( 'NONE', *, *, #1641, .T. ) ;
#4094 = CARTESIAN_POINT ( 'NONE',  ( -1.299999999999999822, 0.2000000000000000944, 4.538925740496072573E-15 ) ) ;
#4095 = EDGE_CURVE ( 'NONE', #3969, #499, #682, .T. ) ;
#4096 = DIRECTION ( 'NONE',  ( -1.000000000000000000, 0.000000000000000000, 4.336808689942006692E-15 ) ) ;
#4097 = ADVANCED_FACE ( 'NONE', ( #1917 ), #2316, .T. ) ;
#4098 = DIRECTION ( 'NONE',  ( 1.000000000000000000, -0.000000000000000000, -3.491481338843133355E-15 ) ) ;
#4099 = PLANE ( 'NONE',  #2743 ) ;
#4100 = ORIENTED_EDGE ( 'NONE', *, *, #2439, .T. ) ;
#4101 = DIRECTION ( 'NONE',  ( 0.000000000000000000, 1.000000000000000000, 0.000000000000000000 ) ) ;
#4102 = ORIENTED_EDGE ( 'NONE', *, *, #5576, .F. ) ;
#4103 = CYLINDRICAL_SURFACE ( 'NONE', #4642, 0.1250421398215223190 ) ;
#4104 = EDGE_CURVE ( 'NONE', #3101, #4306, #1115, .T. ) ;
#4105 = DIRECTION ( 'NONE',  ( 1.000000000000000000, 0.000000000000000000, -3.491481338843133355E-15 ) ) ;
#4106 = LINE ( 'NONE', #179, #4875 ) ;
#4107 = SURFACE_STYLE_USAGE ( .BOTH. , #2059 ) ;
#4108 = ORIENTED_EDGE ( 'NONE', *, *, #4604, .F. ) ;
#4109 = ORIENTED_EDGE ( 'NONE', *, *, #4911, .T. ) ;
#4110 = DIRECTION ( 'NONE',  ( -0.000000000000000000, -1.000000000000000000, -0.000000000000000000 ) ) ;
#4111 = CARTESIAN_POINT ( 'NONE',  ( -1.300000000000002709, 0.02500000000000006384, -0.8999999999999956923 ) ) ;
#4112 = FACE_OUTER_BOUND ( 'NONE', #3241, .T. ) ;
#4113 = CARTESIAN_POINT ( 'NONE',  ( -1.299999999999997380, 0.2000000000000000944, 0.7000000000000043965 ) ) ;
#4114 = ORIENTED_EDGE ( 'NONE', *, *, #4380, .F. ) ;
#4115 = FACE_OUTER_BOUND ( 'NONE', #3083, .T. ) ;
#4116 = ORIENTED_EDGE ( 'NONE', *, *, #3687, .T. ) ;
#4117 = FACE_OUTER_BOUND ( 'NONE', #523, .T. ) ;
#4118 = CARTESIAN_POINT ( 'NONE',  ( 1.499999999999999556, 0.000000000000000000, -5.237222008264698455E-15 ) ) ;
#4119 = LINE ( 'NONE', #2776, #946 ) ;
#4120 = ORIENTED_EDGE ( 'NONE', *, *, #4752, .T. ) ;
#4121 = CARTESIAN_POINT ( 'NONE',  ( 1.300000000000003819, 0.2000000000000000944, 1.199999999999995293 ) ) ;
#4122 = EDGE_CURVE ( 'NONE', #3101, #680, #1968, .T. ) ;
#4123 = CARTESIAN_POINT ( 'NONE',  ( -1.299999999999998490, 0.2000000000000000944, 0.4000000000000045186 ) ) ;
#4124 = LINE ( 'NONE', #5082, #5249 ) ;
#4125 = PLANE ( 'NONE',  #3375 ) ;
#4126 = EDGE_LOOP ( 'NONE', ( #3174, #1726, #643, #1440, #4321 ) ) ;
#4127 = DIRECTION ( 'NONE',  ( -0.000000000000000000, -1.000000000000000000, -0.000000000000000000 ) ) ;
#4128 = EDGE_CURVE ( 'NONE', #5127, #3704, #121, .T. ) ;
#4129 = DIRECTION ( 'NONE',  ( 3.491481338843133355E-15, 0.000000000000000000, 1.000000000000000000 ) ) ;
#4130 = ADVANCED_FACE ( 'NONE', ( #613 ), #3238, .F. ) ;
#4131 = ORIENTED_EDGE ( 'NONE', *, *, #4874, .T. ) ;
#4132 = DIRECTION ( 'NONE',  ( 1.000000000000000000, -0.000000000000000000, -3.491481338843133355E-15 ) ) ;
#4133 = EDGE_LOOP ( 'NONE', ( #1891, #296, #4055, #3237 ) ) ;
#4134 = EDGE_CURVE ( 'NONE', #2962, #3969, #1065, .T. ) ;
#4135 = CARTESIAN_POINT ( 'NONE',  ( -1.299999999999999822, 0.1999999999999998723, 4.538925740496072573E-15 ) ) ;
#4136 = LINE ( 'NONE', #4608, #1342 ) ;
#4137 = VECTOR ( 'NONE', #2884, 1000.000000000000000 ) ;
#4138 = CARTESIAN_POINT ( 'NONE',  ( 1.300000000000003597, 0.2000000000000000944, 1.099999999999995204 ) ) ;
#4139 = CARTESIAN_POINT ( 'NONE',  ( -1.500000000000000666, -3.660069929215019169, -0.2999999999999946598 ) ) ;
#4140 = VERTEX_POINT ( 'NONE', #4943 ) ;
#4141 = VERTEX_POINT ( 'NONE', #3217 ) ;
#4142 = VECTOR ( 'NONE', #2821, 1000.000000000000000 ) ;
#4143 = VECTOR ( 'NONE', #4179, 1000.000000000000000 ) ;
#4144 = CARTESIAN_POINT ( 'NONE',  ( -4.015203539669604147E-15, 0.000000000000000000, -1.150000000000000133 ) ) ;
#4145 = DIRECTION ( 'NONE',  ( -1.000000000000000000, -0.000000000000000000, 3.491481338843133355E-15 ) ) ;
#4146 = AXIS2_PLACEMENT_3D ( 'NONE', #3116, #5597, #5148 ) ;
#4147 = EDGE_LOOP ( 'NONE', ( #3590, #3042, #5468, #1394 ) ) ;
#4148 = LINE ( 'NONE', #687, #511 ) ;
#4149 = ORIENTED_EDGE ( 'NONE', *, *, #2018, .T. ) ;
#4150 = DIRECTION ( 'NONE',  ( 1.000000000000000000, 0.000000000000000000, -4.336808689942015369E-15 ) ) ;
#4151 = CIRCLE ( 'NONE', #1250, 0.1000000000000000472 ) ;
#4152 = PRESENTATION_LAYER_ASSIGNMENT (  '', '', ( #957 ) ) ;
#4153 = LINE ( 'NONE', #727, #3716 ) ;
#4154 = EDGE_CURVE ( 'NONE', #214, #744, #2817, .T. ) ;
#4155 = CARTESIAN_POINT ( 'NONE',  ( -1.299999999999996714, -3.660069929215019169, 0.9000000000000046851 ) ) ;
#4156 = VECTOR ( 'NONE', #2493, 1000.000000000000000 ) ;
#4157 = AXIS2_PLACEMENT_3D ( 'NONE', #3591, #5322, #1411 ) ;
#4158 = PLANE ( 'NONE',  #3725 ) ;
#4159 = ORIENTED_EDGE ( 'NONE', *, *, #4792, .F. ) ;
#4160 = CARTESIAN_POINT ( 'NONE',  ( 1.300000000000000933, 0.2000000000000000944, 0.3999999999999954148 ) ) ;
#4161 = DIRECTION ( 'NONE',  ( 0.000000000000000000, 1.000000000000000000, 0.000000000000000000 ) ) ;
#4162 = STYLED_ITEM ( 'NONE', ( #58 ), #4566 ) ;
#4163 = ORIENTED_EDGE ( 'NONE', *, *, #4534, .T. ) ;
#4164 = AXIS2_PLACEMENT_3D ( 'NONE', #2222, #1798, #4845 ) ;
#4165 = CARTESIAN_POINT ( 'NONE',  ( -1.299999999999998046, 0.02500000000000006384, 0.5000000000000045519 ) ) ;
#4166 = ORIENTED_EDGE ( 'NONE', *, *, #3561, .F. ) ;
#4167 = ADVANCED_FACE ( 'NONE', ( #1520 ), #5030, .F. ) ;
#4168 = VECTOR ( 'NONE', #2646, 1000.000000000000000 ) ;
#4169 = AXIS2_PLACEMENT_3D ( 'NONE', #609, #2490, #2378 ) ;
#4170 = CARTESIAN_POINT ( 'NONE',  ( 1.300000000000003819, 0.2000000000000000944, 1.199999999999995293 ) ) ;
#4171 = CARTESIAN_POINT ( 'NONE',  ( 1.500000000000000000, 2.168404344971008868E-16, 0.09999999999999481526 ) ) ;
#4172 = EDGE_CURVE ( 'NONE', #648, #2705, #2000, .T. ) ;
#4173 = CYLINDRICAL_SURFACE ( 'NONE', #3620, 0.1000000000000000472 ) ;
#4174 = ORIENTED_EDGE ( 'NONE', *, *, #4919, .T. ) ;
#4175 = CARTESIAN_POINT ( 'NONE',  ( -0.8499999999999995337, 0.000000000000000000, 2.967759138016661774E-15 ) ) ;
#4176 = ORIENTED_EDGE ( 'NONE', *, *, #5138, .T. ) ;
#4177 = VECTOR ( 'NONE', #2671, 1000.000000000000000 ) ;
#4178 = DIRECTION ( 'NONE',  ( -0.7071067811865446862, 0.000000000000000000, 0.7071067811865502373 ) ) ;
#4179 = DIRECTION ( 'NONE',  ( -1.000000000000000000, 0.000000000000000000, 3.491481338843133355E-15 ) ) ;
#4180 = EDGE_LOOP ( 'NONE', ( #4650, #2915, #961, #5616 ) ) ;
#4181 = DIRECTION ( 'NONE',  ( 1.000000000000000000, 0.000000000000000000, -4.336808689942015369E-15 ) ) ;
#4182 = ORIENTED_EDGE ( 'NONE', *, *, #1895, .T. ) ;
#4183 = CIRCLE ( 'NONE', #1556, 0.1000000000000000472 ) ;
#4184 = EDGE_CURVE ( 'NONE', #4989, #5199, #3024, .T. ) ;
#4185 = DIRECTION ( 'NONE',  ( -0.000000000000000000, -1.000000000000000000, -0.000000000000000000 ) ) ;
#4186 = DIRECTION ( 'NONE',  ( 1.000000000000000000, -0.000000000000000000, -3.491481338843133355E-15 ) ) ;
#4187 = FACE_OUTER_BOUND ( 'NONE', #759, .T. ) ;
#4188 = CARTESIAN_POINT ( 'NONE',  ( 1.299999999999995159, 0.2000000000000000944, -1.300000000000004707 ) ) ;
#4189 = CARTESIAN_POINT ( 'NONE',  ( 1.300000000000002487, 0.2000000000000000944, 0.7999999999999953815 ) ) ;
#4190 = VERTEX_POINT ( 'NONE', #265 ) ;
#4191 = CARTESIAN_POINT ( 'NONE',  ( -0.5000000000000036637, 0.2000000000000000944, -1.149999999999998357 ) ) ;
#4192 = FACE_OUTER_BOUND ( 'NONE', #256, .T. ) ;
#4193 = CARTESIAN_POINT ( 'NONE',  ( -3.142333204958821203E-15, 0.02500000000000006384, -0.9000000000000003553 ) ) ;
#4194 = VERTEX_POINT ( 'NONE', #734 ) ;
#4195 = ADVANCED_FACE ( 'NONE', ( #4219 ), #331, .T. ) ;
#4196 = CARTESIAN_POINT ( 'NONE',  ( -1.499999999999997113, 0.1999999999999998723, 0.7000000000000050626 ) ) ;
#4197 = ORIENTED_EDGE ( 'NONE', *, *, #2206, .T. ) ;
#4198 = PRODUCT_DEFINITION_SHAPE ( 'NONE', 'NONE',  #5025 ) ;
#4199 = CARTESIAN_POINT ( 'NONE',  ( -1.076627600957133168, 0.6999999999999999556, -1.201669740778646522 ) ) ;
#4200 = CARTESIAN_POINT ( 'NONE',  ( 1.499999999999999556, 0.000000000000000000, -5.237222008264698455E-15 ) ) ;
#4201 = CARTESIAN_POINT ( 'NONE',  ( 1.300000000000002487, 0.02500000000000006384, 0.7999999999999953815 ) ) ;
#4202 = CARTESIAN_POINT ( 'NONE',  ( -1.299999999999998046, -3.660069929215019169, 0.5000000000000045519 ) ) ;
#4203 = ORIENTED_EDGE ( 'NONE', *, *, #1688, .T. ) ;
#4204 = ORIENTED_EDGE ( 'NONE', *, *, #5465, .T. ) ;
#4205 = ADVANCED_FACE ( 'NONE', ( #4762 ), #3878, .F. ) ;
#4206 = FILL_AREA_STYLE ('',( #2013 ) ) ;
#4207 = DIRECTION ( 'NONE',  ( 1.000000000000000000, 0.000000000000000000, -3.491481338843133355E-15 ) ) ;
#4208 = ORIENTED_EDGE ( 'NONE', *, *, #3595, .F. ) ;
#4209 = CARTESIAN_POINT ( 'NONE',  ( 1.500000000000004885, 0.02500000000000006384, 1.499999999999995337 ) ) ;
#4210 = EDGE_CURVE ( 'NONE', #985, #4353, #2818, .T. ) ;
#4211 = ORIENTED_EDGE ( 'NONE', *, *, #4715, .T. ) ;
#4212 = LINE ( 'NONE', #656, #4527 ) ;
#4213 = CARTESIAN_POINT ( 'NONE',  ( 1.300000000000001377, 0.2000000000000000944, 0.4999999999999954481 ) ) ;
#4214 = DIRECTION ( 'NONE',  ( -1.000000000000000000, 0.000000000000000000, 3.491481338843133355E-15 ) ) ;
#4215 = DIRECTION ( 'NONE',  ( 0.000000000000000000, 1.000000000000000000, 0.000000000000000000 ) ) ;
#4216 = DIRECTION ( 'NONE',  ( 3.491481338843133355E-15, 0.000000000000000000, 1.000000000000000000 ) ) ;
#4217 = ORIENTED_EDGE ( 'NONE', *, *, #4086, .F. ) ;
#4218 = CARTESIAN_POINT ( 'NONE',  ( -0.8500000000000023093, 0.2000000000000000944, -0.7999999999999970468 ) ) ;
#4219 = FACE_OUTER_BOUND ( 'NONE', #482, .T. ) ;
#4220 = CARTESIAN_POINT ( 'NONE',  ( -1.300000000000002043, 0.2000000000000000944, -0.6999999999999955147 ) ) ;
#4221 = EDGE_LOOP ( 'NONE', ( #3824, #2673, #3907, #5564 ) ) ;
#4222 = ORIENTED_EDGE ( 'NONE', *, *, #1495, .T. ) ;
#4223 = DIRECTION ( 'NONE',  ( -3.491481338843133355E-15, 0.000000000000000000, -1.000000000000000000 ) ) ;
#4224 = CARTESIAN_POINT ( 'NONE',  ( -1.300000000000000933, 0.2000000000000000944, -0.3999999999999954148 ) ) ;
#4225 = CARTESIAN_POINT ( 'NONE',  ( 1.299999999999999378, 0.2000000000000000944, -0.1000000000000045852 ) ) ;
#4226 = LINE ( 'NONE', #619, #3281 ) ;
#4227 = CYLINDRICAL_SURFACE ( 'NONE', #1332, 0.1000000000000000472 ) ;
#4228 = VERTEX_POINT ( 'NONE', #2527 ) ;
#4229 = STYLED_ITEM ( 'NONE', ( #2858 ), #4625 ) ;
#4230 = ORIENTED_EDGE ( 'NONE', *, *, #2246, .F. ) ;
#4231 = CARTESIAN_POINT ( 'NONE',  ( -1.201669740778655404, 0.6999999999999999556, -1.201669740778646078 ) ) ;
#4232 = DIRECTION ( 'NONE',  ( 1.000000000000000000, 0.000000000000000000, -3.491481338843133355E-15 ) ) ;
#4233 = ORIENTED_EDGE ( 'NONE', *, *, #5567, .F. ) ;
#4234 = DIRECTION ( 'NONE',  ( 0.000000000000000000, 1.000000000000000000, 0.000000000000000000 ) ) ;
#4235 = ORIENTED_EDGE ( 'NONE', *, *, #3430, .F. ) ;
#4236 = COLOUR_RGB ( '',1.000000000000000000, 1.000000000000000000, 1.000000000000000000 ) ;
#4237 = ORIENTED_EDGE ( 'NONE', *, *, #4574, .T. ) ;
#4238 = DIRECTION ( 'NONE',  ( 1.000000000000000000, 0.000000000000000000, -3.252606517456511724E-15 ) ) ;
#4239 = ADVANCED_FACE ( 'NONE', ( #5511 ), #1610, .F. ) ;
#4240 = DIRECTION ( 'NONE',  ( -0.000000000000000000, -1.000000000000000000, -0.000000000000000000 ) ) ;
#4241 = VECTOR ( 'NONE', #4758, 1000.000000000000000 ) ;
#4242 = DIRECTION ( 'NONE',  ( -1.000000000000000000, 0.000000000000000000, 3.491481338843136511E-15 ) ) ;
#4243 = AXIS2_PLACEMENT_3D ( 'NONE', #5526, #5500, #4232 ) ;
#4244 = PLANE ( 'NONE',  #901 ) ;
#4245 = DIRECTION ( 'NONE',  ( 0.000000000000000000, 1.000000000000000000, 0.000000000000000000 ) ) ;
#4246 = VECTOR ( 'NONE', #1376, 1000.000000000000000 ) ;
#4247 = DIRECTION ( 'NONE',  ( -0.000000000000000000, -1.000000000000000000, -0.000000000000000000 ) ) ;
#4248 = ORIENTED_EDGE ( 'NONE', *, *, #1758, .F. ) ;
#4249 = DIRECTION ( 'NONE',  ( -1.000000000000000000, 0.000000000000000000, 3.491481338843133355E-15 ) ) ;
#4250 = CARTESIAN_POINT ( 'NONE',  ( 0.8500000000000038636, 1.626303258728256651E-16, 1.099999999999996758 ) ) ;
#4251 = CARTESIAN_POINT ( 'NONE',  ( 1.499999999999994005, 0.8000000000000001554, -1.500000000000004885 ) ) ;
#4252 = VECTOR ( 'NONE', #3455, 1000.000000000000000 ) ;
#4253 = COLOUR_RGB ( '',1.000000000000000000, 1.000000000000000000, 1.000000000000000000 ) ;
#4254 = ORIENTED_EDGE ( 'NONE', *, *, #4678, .F. ) ;
#4255 = DIRECTION ( 'NONE',  ( 1.000000000000000000, 0.000000000000000000, -2.168404344971007685E-15 ) ) ;
#4256 = ORIENTED_EDGE ( 'NONE', *, *, #1430, .F. ) ;
#4257 = CARTESIAN_POINT ( 'NONE',  ( 1.500000000000001998, 0.2000000000000000944, 0.6999999999999946265 ) ) ;
#4258 = DIRECTION ( 'NONE',  ( -1.000000000000000000, -0.000000000000000000, 3.491481338843133355E-15 ) ) ;
#4259 = DIRECTION ( 'NONE',  ( -0.000000000000000000, -1.000000000000000000, -0.000000000000000000 ) ) ;
#4260 =( GEOMETRIC_REPRESENTATION_CONTEXT ( 3 ) GLOBAL_UNCERTAINTY_ASSIGNED_CONTEXT ( ( #1806 ) ) GLOBAL_UNIT_ASSIGNED_CONTEXT ( ( #1197, #285, #4301 ) ) REPRESENTATION_CONTEXT ( 'NONE', 'WORKASPACE' ) );
#4261 = LINE ( 'NONE', #3985, #4753 ) ;
#4262 = LINE ( 'NONE', #3425, #1725 ) ;
#4263 = ORIENTED_EDGE ( 'NONE', *, *, #48, .T. ) ;
#4264 = AXIS2_PLACEMENT_3D ( 'NONE', #5510, #4127, #197 ) ;
#4265 = CARTESIAN_POINT ( 'NONE',  ( 1.300000000000000933, 0.02500000000000006384, 0.3999999999999954148 ) ) ;
#4266 = EDGE_LOOP ( 'NONE', ( #641, #2416, #2623, #799 ) ) ;
#4267 = VECTOR ( 'NONE', #987, 1000.000000000000000 ) ;
#4268 = EDGE_CURVE ( 'NONE', #4573, #4083, #4633, .T. ) ;
#4269 = SURFACE_STYLE_USAGE ( .BOTH. , #1592 ) ;
#4270 = CARTESIAN_POINT ( 'NONE',  ( -1.499999999999995781, 0.02500000000000006384, 1.100000000000004974 ) ) ;
#4271 = EDGE_LOOP ( 'NONE', ( #2876, #2218, #2789, #1021 ) ) ;
#4272 = PLANE ( 'NONE',  #1639 ) ;
#4273 = ORIENTED_EDGE ( 'NONE', *, *, #2984, .F. ) ;
#4274 = ORIENTED_EDGE ( 'NONE', *, *, #2297, .F. ) ;
#4275 = EDGE_CURVE ( 'NONE', #3814, #858, #5628, .T. ) ;
#4276 = VECTOR ( 'NONE', #4757, 1000.000000000000000 ) ;
#4277 = FACE_OUTER_BOUND ( 'NONE', #2606, .T. ) ;
#4278 = DIRECTION ( 'NONE',  ( 3.491481338843133355E-15, 0.000000000000000000, 1.000000000000000000 ) ) ;
#4279 = VECTOR ( 'NONE', #5335, 1000.000000000000000 ) ;
#4280 = DIRECTION ( 'NONE',  ( -1.000000000000000000, 0.000000000000000000, 3.491481338843136511E-15 ) ) ;
#4281 = EDGE_CURVE ( 'NONE', #3492, #2153, #2122, .T. ) ;
#4282 = DIRECTION ( 'NONE',  ( 0.000000000000000000, 1.000000000000000000, 0.000000000000000000 ) ) ;
#4283 = ORIENTED_EDGE ( 'NONE', *, *, #5610, .T. ) ;
#4284 = DIRECTION ( 'NONE',  ( 0.000000000000000000, 1.000000000000000000, 0.000000000000000000 ) ) ;
#4285 = CARTESIAN_POINT ( 'NONE',  ( 1.047444401652939612E-15, 0.02500000000000006384, 0.2999999999999999334 ) ) ;
#4286 = EDGE_CURVE ( 'NONE', #3775, #3939, #3479, .T. ) ;
#4287 = EDGE_LOOP ( 'NONE', ( #5590, #2315, #2385, #1773 ) ) ;
#4288 = EDGE_CURVE ( 'NONE', #4405, #2783, #703, .T. ) ;
#4289 = FACE_OUTER_BOUND ( 'NONE', #2702, .T. ) ;
#4290 = EDGE_LOOP ( 'NONE', ( #4771, #1034, #1752, #5111 ) ) ;
#4291 = DIRECTION ( 'NONE',  ( 0.000000000000000000, -1.000000000000000000, 0.000000000000000000 ) ) ;
#4292 = CARTESIAN_POINT ( 'NONE',  ( 1.299999999999995604, 0.1999999999999998723, -1.200000000000004396 ) ) ;
#4293 = DIRECTION ( 'NONE',  ( -1.000000000000000000, 0.000000000000000000, 3.491481338843133355E-15 ) ) ;
#4294 = FACE_OUTER_BOUND ( 'NONE', #1514, .T. ) ;
#4295 = VERTEX_POINT ( 'NONE', #2991 ) ;
#4296 = ORIENTED_EDGE ( 'NONE', *, *, #370, .F. ) ;
#4297 = DIRECTION ( 'NONE',  ( 0.000000000000000000, 1.000000000000000000, 0.000000000000000000 ) ) ;
#4298 = DIRECTION ( 'NONE',  ( -1.000000000000000000, 0.000000000000000000, 3.252606517456511724E-15 ) ) ;
#4299 = ORIENTED_EDGE ( 'NONE', *, *, #5644, .T. ) ;
#4300 = DIRECTION ( 'NONE',  ( 0.000000000000000000, -1.000000000000000000, 0.000000000000000000 ) ) ;
#4301 =( NAMED_UNIT ( * ) SI_UNIT ( $, .STERADIAN. ) SOLID_ANGLE_UNIT ( ) );
#4302 = CARTESIAN_POINT ( 'NONE',  ( -1.299999999999995826, 1.626303258728256651E-16, 1.100000000000004308 ) ) ;
#4303 = LINE ( 'NONE', #2928, #157 ) ;
#4304 = EDGE_CURVE ( 'NONE', #2242, #2363, #2595, .T. ) ;
#4305 = DIRECTION ( 'NONE',  ( 0.000000000000000000, 1.000000000000000000, 0.000000000000000000 ) ) ;
#4306 = VERTEX_POINT ( 'NONE', #5572 ) ;
#4307 = FACE_OUTER_BOUND ( 'NONE', #3547, .T. ) ;
#4308 = DIRECTION ( 'NONE',  ( 1.000000000000000000, -0.000000000000000000, -3.491481338843133355E-15 ) ) ;
#4309 = EDGE_CURVE ( 'NONE', #1438, #1651, #3447, .T. ) ;
#4310 = CARTESIAN_POINT ( 'NONE',  ( -1.500000000000002665, 0.2000000000000000111, -0.8999999999999951372 ) ) ;
#4311 = CARTESIAN_POINT ( 'NONE',  ( -1.300000000000001377, 0.02500000000000006384, -0.4999999999999954481 ) ) ;
#4312 = EDGE_LOOP ( 'NONE', ( #3643, #4013, #4621, #2576 ) ) ;
#4313 = CARTESIAN_POINT ( 'NONE',  ( 1.300000000000002487, 0.1999999999999998723, 0.7999999999999953815 ) ) ;
#4314 = ORIENTED_EDGE ( 'NONE', *, *, #3623, .F. ) ;
#4315 = CARTESIAN_POINT ( 'NONE',  ( 1.300000000000002487, -6.505213034913026604E-16, 0.7999999999999953815 ) ) ;
#4316 = CARTESIAN_POINT ( 'NONE',  ( 1.300000000000000711, -3.660069929215019169, 0.2999999999999953815 ) ) ;
#4317 = CARTESIAN_POINT ( 'NONE',  ( 1.300000000000002487, 0.2000000000000000944, 0.7999999999999953815 ) ) ;
#4318 = EDGE_CURVE ( 'NONE', #567, #4091, #2057, .T. ) ;
#4319 = VERTEX_POINT ( 'NONE', #1676 ) ;
#4320 = ORIENTED_EDGE ( 'NONE', *, *, #5582, .T. ) ;
#4321 = ORIENTED_EDGE ( 'NONE', *, *, #3346, .F. ) ;
#4322 = CARTESIAN_POINT ( 'NONE',  ( 1.300000000000000933, -6.505213034913026604E-16, 0.3999999999999954148 ) ) ;
#4323 = VERTEX_POINT ( 'NONE', #1648 ) ;
#4324 = CARTESIAN_POINT ( 'NONE',  ( -1.499999999999999556, 0.8000000000000001554, 0.3000000000000051514 ) ) ;
#4325 = CARTESIAN_POINT ( 'NONE',  ( 1.299999999999996936, 0.2000000000000000944, -0.8000000000000047073 ) ) ;
#4326 = AXIS2_PLACEMENT_3D ( 'NONE', #2085, #5505, #1601 ) ;
#4327 = CARTESIAN_POINT ( 'NONE',  ( -1.300000000000003819, 0.2000000000000000944, -1.199999999999995293 ) ) ;
#4328 = ORIENTED_EDGE ( 'NONE', *, *, #3113, .T. ) ;
#4329 = PLANE ( 'NONE',  #3638 ) ;
#4330 = EDGE_CURVE ( 'NONE', #2138, #4805, #3389, .T. ) ;
#4331 = AXIS2_PLACEMENT_3D ( 'NONE', #4550, #3222, #4948 ) ;
#4332 = CARTESIAN_POINT ( 'NONE',  ( -1.199999999999995515, -3.660069929215019169, 1.200000000000003952 ) ) ;
#4333 = CARTESIAN_POINT ( 'NONE',  ( -0.8500000000000020872, 7.115076756936122848E-17, -0.7999999999999971578 ) ) ;
#4334 = AXIS2_PLACEMENT_3D ( 'NONE', #514, #3697, #622 ) ;
#4335 = ORIENTED_EDGE ( 'NONE', *, *, #1345, .T. ) ;
#4336 = CARTESIAN_POINT ( 'NONE',  ( -1.300000000000000266, -3.660069929215019169, -0.09999999999999550915 ) ) ;
#4337 = VERTEX_POINT ( 'NONE', #4250 ) ;
#4338 = CARTESIAN_POINT ( 'NONE',  ( 1.499999999999995115, -3.660069929215019169, -1.300000000000005373 ) ) ;
#4339 = EDGE_CURVE ( 'NONE', #1627, #1438, #5087, .T. ) ;
#4340 = DIRECTION ( 'NONE',  ( 1.000000000000000000, 0.000000000000000000, 0.000000000000000000 ) ) ;
#4341 = CARTESIAN_POINT ( 'NONE',  ( 1.299999999999996936, 0.1999999999999998723, -0.8000000000000047073 ) ) ;
#4342 = CIRCLE ( 'NONE', #4890, 0.1000000000000000472 ) ;
#4343 =( GEOMETRIC_REPRESENTATION_CONTEXT ( 3 ) GLOBAL_UNCERTAINTY_ASSIGNED_CONTEXT ( ( #573 ) ) GLOBAL_UNIT_ASSIGNED_CONTEXT ( ( #555, #5397, #2788 ) ) REPRESENTATION_CONTEXT ( 'NONE', 'WORKASPACE' ) );
#4344 = ORIENTED_EDGE ( 'NONE', *, *, #3658, .T. ) ;
#4345 = ADVANCED_FACE ( 'NONE', ( #4192 ), #1233, .F. ) ;
#4346 = CIRCLE ( 'NONE', #4990, 0.1000000000000000472 ) ;
#4347 = ORIENTED_EDGE ( 'NONE', *, *, #2752, .T. ) ;
#4348 = CIRCLE ( 'NONE', #879, 0.1000000000000000472 ) ;
#4349 = STYLED_ITEM ( 'NONE', ( #816 ), #4479 ) ;
#4350 = ADVANCED_FACE ( 'NONE', ( #3949 ), #3122, .F. ) ;
#4351 = ORIENTED_EDGE ( 'NONE', *, *, #1291, .F. ) ;
#4352 = LINE ( 'NONE', #5273, #2263 ) ;
#4353 = VERTEX_POINT ( 'NONE', #1316 ) ;
#4354 = CIRCLE ( 'NONE', #5449, 0.05000000000000002359 ) ;
#4355 = EDGE_CURVE ( 'NONE', #3415, #4443, #3459, .T. ) ;
#4356 = DIRECTION ( 'NONE',  ( -3.491481338843133355E-15, 0.000000000000000000, -1.000000000000000000 ) ) ;
#4357 = VECTOR ( 'NONE', #823, 1000.000000000000000 ) ;
#4358 = AXIS2_PLACEMENT_3D ( 'NONE', #2614, #872, #790 ) ;
#4359 = FACE_OUTER_BOUND ( 'NONE', #5501, .T. ) ;
#4360 = CLOSED_SHELL ( 'NONE', ( #2269, #364, #2022, #41, #2629, #5384, #2264 ) ) ;
#4361 = VERTEX_POINT ( 'NONE', #4782 ) ;
#4362 = FACE_OUTER_BOUND ( 'NONE', #5527, .T. ) ;
#4363 = AXIS2_PLACEMENT_3D ( 'NONE', #5450, #4535, #4910 ) ;
#4364 = CARTESIAN_POINT ( 'NONE',  ( 1.300000000000002709, 0.2000000000000000944, 0.8999999999999955813 ) ) ;
#4365 = EDGE_LOOP ( 'NONE', ( #1799, #3747, #402, #1220 ) ) ;
#4366 = SURFACE_STYLE_USAGE ( .BOTH. , #2653 ) ;
#4367 = VERTEX_POINT ( 'NONE', #4830 ) ;
#4368 = CARTESIAN_POINT ( 'NONE',  ( -1.300000000000000933, 0.2000000000000000944, -0.3999999999999954148 ) ) ;
#4369 = CYLINDRICAL_SURFACE ( 'NONE', #2902, 0.05000000000000012768 ) ;
#4370 = ORIENTED_EDGE ( 'NONE', *, *, #1135, .F. ) ;
#4371 = VERTEX_POINT ( 'NONE', #3514 ) ;
#4372 = LINE ( 'NONE', #1358, #1800 ) ;
#4373 = ORIENTED_EDGE ( 'NONE', *, *, #3563, .F. ) ;
#4374 = CARTESIAN_POINT ( 'NONE',  ( 0.7999999999999961586, 1.626303258728256651E-16, -1.150000000000003020 ) ) ;
#4375 = ORIENTED_EDGE ( 'NONE', *, *, #3893, .T. ) ;
#4376 = EDGE_CURVE ( 'NONE', #4503, #5658, #845, .T. ) ;
#4377 = DIRECTION ( 'NONE',  ( 1.000000000000000000, 0.000000000000000000, -3.491481338843133355E-15 ) ) ;
#4378 = CARTESIAN_POINT ( 'NONE',  ( 1.499999999999995337, 0.8000000000000001554, -1.100000000000004974 ) ) ;
#4379 = EDGE_CURVE ( 'NONE', #2800, #985, #62, .T. ) ;
#4380 = EDGE_CURVE ( 'NONE', #1524, #3759, #2210, .T. ) ;
#4381 = CARTESIAN_POINT ( 'NONE',  ( -1.300000000000000933, -3.660069929215019169, -0.3999999999999954148 ) ) ;
#4382 = DIRECTION ( 'NONE',  ( -3.491481338843133355E-15, 0.000000000000000000, -1.000000000000000000 ) ) ;
#4383 = DIRECTION ( 'NONE',  ( 0.000000000000000000, 1.000000000000000000, 0.000000000000000000 ) ) ;
#4384 = CARTESIAN_POINT ( 'NONE',  ( -1.300000000000002043, 2.168404344971008868E-16, -0.6999999999999955147 ) ) ;
#4385 = ORIENTED_EDGE ( 'NONE', *, *, #745, .F. ) ;
#4386 = VERTEX_POINT ( 'NONE', #1777 ) ;
#4387 = LINE ( 'NONE', #472, #2557 ) ;
#4388 = FACE_OUTER_BOUND ( 'NONE', #2167, .T. ) ;
#4389 = FACE_OUTER_BOUND ( 'NONE', #3334, .T. ) ;
#4390 = ORIENTED_EDGE ( 'NONE', *, *, #1185, .F. ) ;
#4391 = EDGE_LOOP ( 'NONE', ( #5245, #3777, #3874, #250 ) ) ;
#4392 = CARTESIAN_POINT ( 'NONE',  ( 1.299999999999998712, -3.660069929215019169, -0.3000000000000044853 ) ) ;
#4393 = ORIENTED_EDGE ( 'NONE', *, *, #2695, .F. ) ;
#4394 = DIRECTION ( 'NONE',  ( 3.491481338843133355E-15, -0.000000000000000000, 1.000000000000000000 ) ) ;
#4395 = VERTEX_POINT ( 'NONE', #5252 ) ;
#4396 = DIRECTION ( 'NONE',  ( -3.636041628507867543E-15, 0.000000000000000000, -1.000000000000000000 ) ) ;
#4397 = CARTESIAN_POINT ( 'NONE',  ( -0.8499999999999959810, 2.168404344971008868E-16, 1.100000000000003197 ) ) ;
#4398 =( LENGTH_UNIT ( ) NAMED_UNIT ( * ) SI_UNIT ( .MILLI., .METRE. ) );
#4399 = DIRECTION ( 'NONE',  ( 1.000000000000000000, 0.000000000000000000, -3.252606517456511724E-15 ) ) ;
#4400 = CARTESIAN_POINT ( 'NONE',  ( -0.5000000000000036637, 0.1999999999999998723, -1.149999999999998357 ) ) ;
#4401 = AXIS2_PLACEMENT_3D ( 'NONE', #4040, #379, #2236 ) ;
#4402 = ADVANCED_FACE ( 'NONE', ( #148 ), #1510, .F. ) ;
#4403 = LINE ( 'NONE', #5193, #1179 ) ;
#4404 = DIRECTION ( 'NONE',  ( 3.491481338843133355E-15, 0.000000000000000000, 1.000000000000000000 ) ) ;
#4405 = VERTEX_POINT ( 'NONE', #2338 ) ;
#4406 = AXIS2_PLACEMENT_3D ( 'NONE', #4921, #4080, #3718 ) ;
#4407 = DIRECTION ( 'NONE',  ( 1.000000000000000000, 0.000000000000000000, -3.491481338843133355E-15 ) ) ;
#4408 = ORIENTED_EDGE ( 'NONE', *, *, #3098, .F. ) ;
#4409 = CIRCLE ( 'NONE', #5071, 0.1000000000000000472 ) ;
#4410 = DIRECTION ( 'NONE',  ( 1.000000000000000000, 0.000000000000000000, -3.491481338843133355E-15 ) ) ;
#4411 = DIRECTION ( 'NONE',  ( 1.000000000000000000, 0.000000000000000000, -3.491481338843133355E-15 ) ) ;
#4412 = DIRECTION ( 'NONE',  ( -1.000000000000000000, 0.000000000000000000, 4.336808689942006692E-15 ) ) ;
#4413 = EDGE_CURVE ( 'NONE', #1952, #1957, #2441, .T. ) ;
#4414 = LINE ( 'NONE', #4746, #665 ) ;
#4415 = VECTOR ( 'NONE', #536, 1000.000000000000000 ) ;
#4416 = PRESENTATION_STYLE_ASSIGNMENT (( #2680 ) ) ;
#4417 = EDGE_CURVE ( 'NONE', #5416, #3376, #1484, .T. ) ;
#4418 = VERTEX_POINT ( 'NONE', #3178 ) ;
#4419 = ORIENTED_EDGE ( 'NONE', *, *, #5431, .T. ) ;
#4420 = CIRCLE ( 'NONE', #5344, 0.1000000000000000472 ) ;
#4421 = AXIS2_PLACEMENT_3D ( 'NONE', #4425, #512, #2299 ) ;
#4422 = LINE ( 'NONE', #478, #1247 ) ;
#4423 = VECTOR ( 'NONE', #1580, 1000.000000000000000 ) ;
#4424 = DIRECTION ( 'NONE',  ( 1.000000000000000000, 0.000000000000000000, -3.252606517456511724E-15 ) ) ;
#4425 = CARTESIAN_POINT ( 'NONE',  ( -1.299999999999996936, 0.2000000000000000944, 0.8000000000000044853 ) ) ;
#4426 = ORIENTED_EDGE ( 'NONE', *, *, #3161, .F. ) ;
#4427 = CIRCLE ( 'NONE', #3461, 0.1000000000000000472 ) ;
#4428 = CARTESIAN_POINT ( 'NONE',  ( 1.500000000000000000, -3.660069929215019169, 0.09999999999999481526 ) ) ;
#4429 = CARTESIAN_POINT ( 'NONE',  ( -1.500000000000001998, 2.168404344971008868E-16, -0.6999999999999948486 ) ) ;
#4430 = ADVANCED_FACE ( 'NONE', ( #230 ), #4067, .F. ) ;
#4431 = MECHANICAL_DESIGN_GEOMETRIC_PRESENTATION_REPRESENTATION (  '', ( #4162 ), #1979 ) ;
#4432 = FACE_OUTER_BOUND ( 'NONE', #4037, .T. ) ;
#4433 = AXIS2_PLACEMENT_3D ( 'NONE', #837, #2200, #5244 ) ;
#4434 = AXIS2_PLACEMENT_3D ( 'NONE', #329, #2432, #5455 ) ;
#4435 = CARTESIAN_POINT ( 'NONE',  ( -1.299999999999998712, 0.02500000000000006384, 0.3000000000000044853 ) ) ;
#4436 = VECTOR ( 'NONE', #3743, 1000.000000000000000 ) ;
#4437 = EDGE_CURVE ( 'NONE', #3760, #5541, #3209, .T. ) ;
#4438 = CARTESIAN_POINT ( 'NONE',  ( 1.299999999999996936, 0.2000000000000000944, -0.8000000000000047073 ) ) ;
#4439 = EDGE_CURVE ( 'NONE', #2287, #1408, #5387, .T. ) ;
#4440 = VECTOR ( 'NONE', #50, 1000.000000000000000 ) ;
#4441 = PLANE ( 'NONE',  #3383 ) ;
#4442 = DIRECTION ( 'NONE',  ( -1.000000000000000000, 0.000000000000000000, 3.491481338843133355E-15 ) ) ;
#4443 = VERTEX_POINT ( 'NONE', #2424 ) ;
#4444 =( NAMED_UNIT ( * ) SI_UNIT ( $, .STERADIAN. ) SOLID_ANGLE_UNIT ( ) );
#4445 = ORIENTED_EDGE ( 'NONE', *, *, #1051, .T. ) ;
#4446 = CARTESIAN_POINT ( 'NONE',  ( -1.500000000000000000, 0.2000000000000000944, -0.09999999999999481526 ) ) ;
#4447 = EDGE_CURVE ( 'NONE', #2661, #401, #3624, .T. ) ;
#4448 = DIRECTION ( 'NONE',  ( 1.000000000000000000, 0.000000000000000000, -4.336808689942006692E-15 ) ) ;
#4449 = AXIS2_PLACEMENT_3D ( 'NONE', #1369, #3952, #5608 ) ;
#4450 = CYLINDRICAL_SURFACE ( 'NONE', #1527, 0.1000000000000000472 ) ;
#4451 = LINE ( 'NONE', #1377, #1512 ) ;
#4452 = EDGE_CURVE ( 'NONE', #2868, #4481, #5544, .T. ) ;
#4453 = CIRCLE ( 'NONE', #2370, 0.05000000000000002359 ) ;
#4454 = SURFACE_STYLE_FILL_AREA ( #3130 ) ;
#4455 = ORIENTED_EDGE ( 'NONE', *, *, #4330, .T. ) ;
#4456 = ORIENTED_EDGE ( 'NONE', *, *, #657, .T. ) ;
#4457 = DIRECTION ( 'NONE',  ( -3.491481338843133355E-15, 0.000000000000000000, -1.000000000000000000 ) ) ;
#4458 = CARTESIAN_POINT ( 'NONE',  ( 1.300000000000003597, 0.02500000000000006384, 1.099999999999995204 ) ) ;
#4459 = PLANE ( 'NONE',  #4740 ) ;
#4460 = ORIENTED_EDGE ( 'NONE', *, *, #2289, .T. ) ;
#4461 = MANIFOLD_SOLID_BREP ( 'Boss-Extrude2[15]', #2271 ) ;
#4462 = VERTEX_POINT ( 'NONE', #4213 ) ;
#4463 = CARTESIAN_POINT ( 'NONE',  ( -1.201669740778655404, 0.6999999999999999556, -1.201669740778646078 ) ) ;
#4464 =( NAMED_UNIT ( * ) PLANE_ANGLE_UNIT ( ) SI_UNIT ( $, .RADIAN. ) );
#4465 = CARTESIAN_POINT ( 'NONE',  ( 0.8500000000000039746, 0.02500000000000006384, 1.099999999999996758 ) ) ;
#4466 = VERTEX_POINT ( 'NONE', #2954 ) ;
#4467 = UNCERTAINTY_MEASURE_WITH_UNIT (LENGTH_MEASURE( 1.000000000000000082E-05 ), #6, 'distance_accuracy_value', 'NONE');
#4468 = FACE_OUTER_BOUND ( 'NONE', #1194, .T. ) ;
#4469 = CARTESIAN_POINT ( 'NONE',  ( 1.499999999999998446, 0.2000000000000000944, -0.3000000000000051514 ) ) ;
#4470 = EDGE_CURVE ( 'NONE', #4337, #3313, #4153, .T. ) ;
#4471 = CARTESIAN_POINT ( 'NONE',  ( -1.499999999999995781, 7.115076756936122848E-17, 1.100000000000004974 ) ) ;
#4472 = CARTESIAN_POINT ( 'NONE',  ( -1.299999999999995826, 0.1999999999999998723, 1.100000000000004308 ) ) ;
#4473 = VERTEX_POINT ( 'NONE', #2589 ) ;
#4474 = PRESENTATION_STYLE_ASSIGNMENT (( #3575 ) ) ;
#4475 = EDGE_LOOP ( 'NONE', ( #2549, #4314, #4273, #5375 ) ) ;
#4476 = LINE ( 'NONE', #3661, #2643 ) ;
#4477 = DIRECTION ( 'NONE',  ( 1.000000000000000000, 0.000000000000000000, -3.252606517456511724E-15 ) ) ;
#4478 = CARTESIAN_POINT ( 'NONE',  ( 1.499999999999999112, 0.2000000000000000944, -0.1000000000000052791 ) ) ;
#4479 = MANIFOLD_SOLID_BREP ( 'Cut-Extrude2', #2656 ) ;
#4480 =( NAMED_UNIT ( * ) SI_UNIT ( $, .STERADIAN. ) SOLID_ANGLE_UNIT ( ) );
#4481 = VERTEX_POINT ( 'NONE', #3411 ) ;
#4482 = CARTESIAN_POINT ( 'NONE',  ( 1.300000000000000711, 0.02500000000000006384, 0.2999999999999953815 ) ) ;
#4483 = VERTEX_POINT ( 'NONE', #321 ) ;
#4484 = EDGE_CURVE ( 'NONE', #3755, #4709, #1669, .T. ) ;
#4485 = LINE ( 'NONE', #2273, #1723 ) ;
#4486 = CARTESIAN_POINT ( 'NONE',  ( -1.299999999999996936, -3.660069929215019169, 0.8000000000000044853 ) ) ;
#4487 = EDGE_CURVE ( 'NONE', #653, #4323, #1226, .T. ) ;
#4488 = DIRECTION ( 'NONE',  ( 3.442199421911973919E-15, -0.000000000000000000, 1.000000000000000000 ) ) ;
#4489 = ORIENTED_EDGE ( 'NONE', *, *, #5175, .F. ) ;
#4490 = DIRECTION ( 'NONE',  ( 0.000000000000000000, -1.000000000000000000, 0.000000000000000000 ) ) ;
#4491 = ORIENTED_EDGE ( 'NONE', *, *, #5324, .F. ) ;
#4492 = CARTESIAN_POINT ( 'NONE',  ( -1.299999999999998490, 0.2000000000000000944, 0.4000000000000045186 ) ) ;
#4493 =( NAMED_UNIT ( * ) SI_UNIT ( $, .STERADIAN. ) SOLID_ANGLE_UNIT ( ) );
#4494 = EDGE_CURVE ( 'NONE', #5314, #5470, #1600, .T. ) ;
#4495 = FACE_OUTER_BOUND ( 'NONE', #1992, .T. ) ;
#4496 = VERTEX_POINT ( 'NONE', #692 ) ;
#4497 = CARTESIAN_POINT ( 'NONE',  ( -3.142333204958821203E-15, 0.000000000000000000, -0.9000000000000003553 ) ) ;
#4498 = VECTOR ( 'NONE', #4045, 1000.000000000000000 ) ;
#4499 = CARTESIAN_POINT ( 'NONE',  ( -1.299999999999996714, -3.660069929215019169, 0.9000000000000045741 ) ) ;
#4500 = VECTOR ( 'NONE', #4029, 1000.000000000000000 ) ;
#4501 = PLANE ( 'NONE',  #22 ) ;
#4502 = VERTEX_POINT ( 'NONE', #3741 ) ;
#4503 = VERTEX_POINT ( 'NONE', #2047 ) ;
#4504 = DIRECTION ( 'NONE',  ( 0.000000000000000000, -1.000000000000000000, 0.000000000000000000 ) ) ;
#4505 = EDGE_CURVE ( 'NONE', #1724, #3212, #5479, .T. ) ;
#4506 = LINE ( 'NONE', #5394, #4985 ) ;
#4507 = LINE ( 'NONE', #2350, #679 ) ;
#4508 = ORIENTED_EDGE ( 'NONE', *, *, #3511, .F. ) ;
#4509 = AXIS2_PLACEMENT_3D ( 'NONE', #1400, #1284, #1888 ) ;
#4510 = ADVANCED_FACE ( 'NONE', ( #5146 ), #754, .F. ) ;
#4511 = VERTEX_POINT ( 'NONE', #4687 ) ;
#4512 = CARTESIAN_POINT ( 'NONE',  ( -1.500000000000005995, 0.8000000000000001554, -1.499999999999994449 ) ) ;
#4513 = CARTESIAN_POINT ( 'NONE',  ( 0.000000000000000000, 0.000000000000000000, 0.000000000000000000 ) ) ;
#4514 = CIRCLE ( 'NONE', #2337, 0.05000000000000012768 ) ;
#4515 = VECTOR ( 'NONE', #350, 1000.000000000000000 ) ;
#4516 = ADVANCED_FACE ( 'NONE', ( #2084 ), #2983, .F. ) ;
#4517 = DIRECTION ( 'NONE',  ( 1.000000000000000000, 0.000000000000000000, -3.491481338843133355E-15 ) ) ;
#4518 = ORIENTED_EDGE ( 'NONE', *, *, #3787, .T. ) ;
#4519 = AXIS2_PLACEMENT_3D ( 'NONE', #1069, #1448, #3285 ) ;
#4520 = CARTESIAN_POINT ( 'NONE',  ( -1.500000000000003109, 0.8000000000000001554, -0.6999999999999948486 ) ) ;
#4521 = ORIENTED_EDGE ( 'NONE', *, *, #2324, .T. ) ;
#4522 = DIRECTION ( 'NONE',  ( 0.000000000000000000, 1.000000000000000000, 0.000000000000000000 ) ) ;
#4523 = ADVANCED_FACE ( 'NONE', ( #3319 ), #2461, .F. ) ;
#4524 = SURFACE_STYLE_USAGE ( .BOTH. , #2305 ) ;
#4525 = STYLED_ITEM ( 'NONE', ( #3558 ), #2683 ) ;
#4526 = DIRECTION ( 'NONE',  ( -0.000000000000000000, 1.000000000000000000, -0.000000000000000000 ) ) ;
#4527 = VECTOR ( 'NONE', #3232, 1000.000000000000000 ) ;
#4528 = ORIENTED_EDGE ( 'NONE', *, *, #2607, .F. ) ;
#4529 = EDGE_CURVE ( 'NONE', #416, #1088, #3015, .T. ) ;
#4530 = VECTOR ( 'NONE', #2617, 1000.000000000000000 ) ;
#4531 = DIRECTION ( 'NONE',  ( 1.000000000000000000, 0.000000000000000000, -3.491481338843133355E-15 ) ) ;
#4532 = VECTOR ( 'NONE', #1655, 1000.000000000000000 ) ;
#4533 = DIRECTION ( 'NONE',  ( 1.000000000000000000, 0.000000000000000000, -3.491481338843136511E-15 ) ) ;
#4534 = EDGE_CURVE ( 'NONE', #535, #3863, #689, .T. ) ;
#4535 = DIRECTION ( 'NONE',  ( -1.000000000000000000, 0.000000000000000000, 3.491481338843133355E-15 ) ) ;
#4536 = CIRCLE ( 'NONE', #4264, 0.1000000000000000472 ) ;
#4537 = DIRECTION ( 'NONE',  ( 0.000000000000000000, -1.000000000000000000, 0.000000000000000000 ) ) ;
#4538 = EDGE_LOOP ( 'NONE', ( #1841, #838, #1734, #4072 ) ) ;
#4539 = CARTESIAN_POINT ( 'NONE',  ( 1.500000000000003553, 0.2000000000000000111, 1.099999999999994538 ) ) ;
#4540 = ORIENTED_EDGE ( 'NONE', *, *, #497, .T. ) ;
#4541 = CYLINDRICAL_SURFACE ( 'NONE', #1353, 0.1000000000000000472 ) ;
#4542 = DIRECTION ( 'NONE',  ( 1.000000000000000000, 0.000000000000000000, -3.491481338843133355E-15 ) ) ;
#4543 = VECTOR ( 'NONE', #941, 1000.000000000000000 ) ;
#4544 = AXIS2_PLACEMENT_3D ( 'NONE', #2052, #3766, #2867 ) ;
#4545 = LINE ( 'NONE', #2848, #3250 ) ;
#4546 = FILL_AREA_STYLE_COLOUR ( '', #4236 ) ;
#4547 = ORIENTED_EDGE ( 'NONE', *, *, #5650, .T. ) ;
#4548 = AXIS2_PLACEMENT_3D ( 'NONE', #4937, #5414, #1110 ) ;
#4549 = ORIENTED_EDGE ( 'NONE', *, *, #4447, .F. ) ;
#4550 = CARTESIAN_POINT ( 'NONE',  ( 0.000000000000000000, 0.000000000000000000, 0.000000000000000000 ) ) ;
#4551 = DIRECTION ( 'NONE',  ( 3.491481338843133355E-15, 0.000000000000000000, 1.000000000000000000 ) ) ;
#4552 = MECHANICAL_DESIGN_GEOMETRIC_PRESENTATION_REPRESENTATION (  '', ( #612 ), #2267 ) ;
#4553 = CARTESIAN_POINT ( 'NONE',  ( 4.538925740496074151E-15, 0.000000000000000000, 1.300000000000000266 ) ) ;
#4554 = EDGE_CURVE ( 'NONE', #813, #416, #5670, .T. ) ;
#4555 = DIRECTION ( 'NONE',  ( -3.636041628507867543E-15, 0.000000000000000000, -1.000000000000000000 ) ) ;
#4556 = DIRECTION ( 'NONE',  ( 3.491481338843133355E-15, 0.000000000000000000, 1.000000000000000000 ) ) ;
#4557 = ORIENTED_EDGE ( 'NONE', *, *, #2515, .T. ) ;
#4558 = CARTESIAN_POINT ( 'NONE',  ( 1.499999999999995115, 0.02500000000000006384, -1.300000000000005373 ) ) ;
#4559 = ADVANCED_FACE ( 'NONE', ( #3141 ), #2226, .F. ) ;
#4560 = CARTESIAN_POINT ( 'NONE',  ( 1.499999999999997113, 2.168404344971008868E-16, -0.7000000000000052847 ) ) ;
#4561 = PLANE ( 'NONE',  #4882 ) ;
#4562 = ORIENTED_EDGE ( 'NONE', *, *, #5480, .T. ) ;
#4563 = EDGE_CURVE ( 'NONE', #1461, #2111, #3899, .T. ) ;
#4564 = DIRECTION ( 'NONE',  ( -1.000000000000000000, 0.000000000000000000, 3.252606517456511724E-15 ) ) ;
#4565 = EDGE_CURVE ( 'NONE', #1849, #3482, #4819, .T. ) ;
#4566 = MANIFOLD_SOLID_BREP ( 'Boss-Extrude2[2]', #2358 ) ;
#4567 = SURFACE_STYLE_FILL_AREA ( #4993 ) ;
#4568 = EDGE_CURVE ( 'NONE', #382, #4945, #5226, .T. ) ;
#4569 = DIRECTION ( 'NONE',  ( 3.491481338843133355E-15, 0.000000000000000000, 1.000000000000000000 ) ) ;
#4570 = PRODUCT ( 'MAX17261METD+', 'MAX17261METD+', '', ( #932 ) ) ;
#4571 = CARTESIAN_POINT ( 'NONE',  ( -1.200000000000001066, -3.660069929215019169, -0.3999999999999957478 ) ) ;
#4572 = CARTESIAN_POINT ( 'NONE',  ( -1.500000000000004219, 2.168404344971008868E-16, -1.299999999999994937 ) ) ;
#4573 = VERTEX_POINT ( 'NONE', #3541 ) ;
#4574 = EDGE_CURVE ( 'NONE', #4473, #3704, #2719, .T. ) ;
#4575 = PLANE ( 'NONE',  #2454 ) ;
#4576 = CARTESIAN_POINT ( 'NONE',  ( -0.8499999999999999778, 0.02500000000000006384, 2.967759138016662958E-15 ) ) ;
#4577 = MANIFOLD_SOLID_BREP ( 'Boss-Extrude2[12]', #3195 ) ;
#4578 = ORIENTED_EDGE ( 'NONE', *, *, #3140, .T. ) ;
#4579 = FACE_OUTER_BOUND ( 'NONE', #2498, .T. ) ;
#4580 = VERTEX_POINT ( 'NONE', #1729 ) ;
#4581 = DIRECTION ( 'NONE',  ( 0.000000000000000000, -1.000000000000000000, 0.000000000000000000 ) ) ;
#4582 = DIRECTION ( 'NONE',  ( -1.000000000000000000, 0.000000000000000000, 3.491481338843133355E-15 ) ) ;
#4583 = CARTESIAN_POINT ( 'NONE',  ( -1.300000000000000266, 0.2000000000000000944, -0.09999999999999550915 ) ) ;
#4584 = CARTESIAN_POINT ( 'NONE',  ( -1.300000000000003819, 0.2000000000000000944, -1.199999999999995293 ) ) ;
#4585 = ORIENTED_EDGE ( 'NONE', *, *, #1698, .T. ) ;
#4586 = DIRECTION ( 'NONE',  ( 3.636041628507867543E-15, 0.000000000000000000, 1.000000000000000000 ) ) ;
#4587 = ORIENTED_EDGE ( 'NONE', *, *, #1079, .F. ) ;
#4588 = ADVANCED_FACE ( 'NONE', ( #4359 ), #442, .F. ) ;
#4589 = CARTESIAN_POINT ( 'NONE',  ( -1.500000000000001110, 0.8000000000000001554, -0.09999999999999481526 ) ) ;
#4590 = CARTESIAN_POINT ( 'NONE',  ( -1.299999999999998046, 0.1999999999999998723, 0.5000000000000045519 ) ) ;
#4591 = ORIENTED_EDGE ( 'NONE', *, *, #4339, .F. ) ;
#4592 = FACE_OUTER_BOUND ( 'NONE', #1572, .T. ) ;
#4593 = ORIENTED_EDGE ( 'NONE', *, *, #1670, .F. ) ;
#4594 = UNCERTAINTY_MEASURE_WITH_UNIT (LENGTH_MEASURE( 1.000000000000000082E-05 ), #3695, 'distance_accuracy_value', 'NONE');
#4595 = DIRECTION ( 'NONE',  ( -0.000000000000000000, -1.000000000000000000, -0.000000000000000000 ) ) ;
#4596 = MANIFOLD_SOLID_BREP ( 'Boss-Extrude2[13]', #5003 ) ;
#4597 = DIRECTION ( 'NONE',  ( 1.000000000000000000, 0.000000000000000000, -3.491481338843133355E-15 ) ) ;
#4598 = ADVANCED_FACE ( 'NONE', ( #517 ), #189, .F. ) ;
#4599 = CARTESIAN_POINT ( 'NONE',  ( 1.499999999999994005, 0.2000000000000000944, -1.500000000000004885 ) ) ;
#4600 = ORIENTED_EDGE ( 'NONE', *, *, #5536, .T. ) ;
#4601 = DIRECTION ( 'NONE',  ( -1.000000000000000000, 0.000000000000000000, 3.491481338843133355E-15 ) ) ;
#4602 = CARTESIAN_POINT ( 'NONE',  ( -1.300000000000000933, 0.1999999999999998723, -0.3999999999999954148 ) ) ;
#4603 = COLOUR_RGB ( '',1.000000000000000000, 1.000000000000000000, 1.000000000000000000 ) ;
#4604 = EDGE_CURVE ( 'NONE', #245, #3324, #5408, .T. ) ;
#4605 = ORIENTED_EDGE ( 'NONE', *, *, #192, .F. ) ;
#4606 = DIRECTION ( 'NONE',  ( 0.000000000000000000, 1.000000000000000000, 0.000000000000000000 ) ) ;
#4607 = EDGE_CURVE ( 'NONE', #4613, #1032, #1414, .T. ) ;
#4608 = CARTESIAN_POINT ( 'NONE',  ( -1.299999999999998046, 0.2000000000000000944, 0.5000000000000045519 ) ) ;
#4609 = EDGE_CURVE ( 'NONE', #5646, #11, #5437, .T. ) ;
#4610 = VECTOR ( 'NONE', #3640, 1000.000000000000000 ) ;
#4611 = LINE ( 'NONE', #4553, #2827 ) ;
#4612 = LINE ( 'NONE', #4113, #2168 ) ;
#4613 = VERTEX_POINT ( 'NONE', #169 ) ;
#4614 = DIRECTION ( 'NONE',  ( 1.000000000000000000, 0.000000000000000000, -3.491481338843133355E-15 ) ) ;
#4615 = EDGE_LOOP ( 'NONE', ( #1410, #4963, #580, #5266 ) ) ;
#4616 = MECHANICAL_DESIGN_GEOMETRIC_PRESENTATION_REPRESENTATION (  '', ( #5250 ), #4879 ) ;
#4617 = AXIS2_PLACEMENT_3D ( 'NONE', #2482, #3338, #775 ) ;
#4618 = FACE_OUTER_BOUND ( 'NONE', #1632, .T. ) ;
#4619 = DIRECTION ( 'NONE',  ( 3.491481338843133355E-15, -0.000000000000000000, 1.000000000000000000 ) ) ;
#4620 = ORIENTED_EDGE ( 'NONE', *, *, #1073, .T. ) ;
#4621 = ORIENTED_EDGE ( 'NONE', *, *, #4484, .T. ) ;
#4622 = DIRECTION ( 'NONE',  ( 0.000000000000000000, 1.000000000000000000, 0.000000000000000000 ) ) ;
#4623 = AXIS2_PLACEMENT_3D ( 'NONE', #4015, #964, #4412 ) ;
#4624 = AXIS2_PLACEMENT_3D ( 'NONE', #213, #5495, #2036 ) ;
#4625 = MANIFOLD_SOLID_BREP ( 'Boss-Extrude2[9]', #2562 ) ;
#4626 = DIRECTION ( 'NONE',  ( 0.000000000000000000, -1.000000000000000000, 0.000000000000000000 ) ) ;
#4627 = DIRECTION ( 'NONE',  ( 1.000000000000000000, 0.000000000000000000, -3.468277731116981327E-15 ) ) ;
#4628 = AXIS2_PLACEMENT_3D ( 'NONE', #3962, #3188, #36 ) ;
#4629 = VECTOR ( 'NONE', #3421, 1000.000000000000000 ) ;
#4630 = FACE_OUTER_BOUND ( 'NONE', #5240, .T. ) ;
#4631 = EDGE_LOOP ( 'NONE', ( #3705, #3221, #4081, #4816 ) ) ;
#4632 = CARTESIAN_POINT ( 'NONE',  ( -1.500000000000005329, 0.02500000000000006384, -1.299999999999994937 ) ) ;
#4633 = LINE ( 'NONE', #3351, #2723 ) ;
#4634 = EDGE_CURVE ( 'NONE', #5660, #1236, #2835, .T. ) ;
#4635 = VECTOR ( 'NONE', #1711, 1000.000000000000000 ) ;
#4636 = DIRECTION ( 'NONE',  ( 1.000000000000000000, 0.000000000000000000, -3.252606517456511724E-15 ) ) ;
#4637 = ORIENTED_EDGE ( 'NONE', *, *, #825, .F. ) ;
#4638 = VECTOR ( 'NONE', #3493, 1000.000000000000000 ) ;
#4639 = ADVANCED_FACE ( 'NONE', ( #2366 ), #543, .F. ) ;
#4640 = ORIENTED_EDGE ( 'NONE', *, *, #4902, .F. ) ;
#4641 = CARTESIAN_POINT ( 'NONE',  ( 1.300000000000002043, -3.660069929215019169, 0.6999999999999952927 ) ) ;
#4642 = AXIS2_PLACEMENT_3D ( 'NONE', #962, #4504, #1373 ) ;
#4643 = MECHANICAL_DESIGN_GEOMETRIC_PRESENTATION_REPRESENTATION (  '', ( #5452 ), #433 ) ;
#4644 = CARTESIAN_POINT ( 'NONE',  ( 1.499999999999999556, 0.000000000000000000, -5.237222008264698455E-15 ) ) ;
#4645 = EDGE_CURVE ( 'NONE', #813, #2108, #5381, .T. ) ;
#4646 = DIRECTION ( 'NONE',  ( 1.000000000000000000, 0.000000000000000000, -3.491481338843136511E-15 ) ) ;
#4647 = AXIS2_PLACEMENT_3D ( 'NONE', #4486, #134, #4424 ) ;
#4648 = FACE_OUTER_BOUND ( 'NONE', #2009, .T. ) ;
#4649 = ORIENTED_EDGE ( 'NONE', *, *, #2104, .F. ) ;
#4650 = ORIENTED_EDGE ( 'NONE', *, *, #3965, .T. ) ;
#4651 = EDGE_CURVE ( 'NONE', #5263, #4820, #3674, .T. ) ;
#4652 = AXIS2_PLACEMENT_3D ( 'NONE', #4155, #151, #1910 ) ;
#4653 = DIRECTION ( 'NONE',  ( -1.000000000000000000, 0.000000000000000000, 3.491481338843133355E-15 ) ) ;
#4654 = CARTESIAN_POINT ( 'NONE',  ( -1.500000000000003553, 0.02500000000000006384, -1.099999999999994538 ) ) ;
#4655 = VERTEX_POINT ( 'NONE', #1248 ) ;
#4656 = DIRECTION ( 'NONE',  ( -0.000000000000000000, -1.000000000000000000, -0.000000000000000000 ) ) ;
#4657 = VERTEX_POINT ( 'NONE', #2947 ) ;
#4658 = VECTOR ( 'NONE', #2497, 1000.000000000000000 ) ;
#4659 = DIRECTION ( 'NONE',  ( 1.000000000000000000, 0.000000000000000000, -4.336808689942015369E-15 ) ) ;
#4660 = FACE_OUTER_BOUND ( 'NONE', #5055, .T. ) ;
#4661 = DIRECTION ( 'NONE',  ( 0.000000000000000000, 1.000000000000000000, 0.000000000000000000 ) ) ;
#4662 = DIRECTION ( 'NONE',  ( 1.000000000000000000, 0.000000000000000000, -3.491481338843133355E-15 ) ) ;
#4663 = ORIENTED_EDGE ( 'NONE', *, *, #745, .T. ) ;
#4664 = DIRECTION ( 'NONE',  ( -1.000000000000000000, 0.000000000000000000, 3.252606517456511724E-15 ) ) ;
#4665 = DIRECTION ( 'NONE',  ( 1.000000000000000000, -0.000000000000000000, -3.491481338843133355E-15 ) ) ;
#4666 = CARTESIAN_POINT ( 'NONE',  ( -1.499999999999996225, 0.2000000000000000944, 1.100000000000004974 ) ) ;
#4667 = ADVANCED_FACE ( 'NONE', ( #2919 ), #2417, .F. ) ;
#4668 = MANIFOLD_SOLID_BREP ( 'Boss-Extrude2[14]', #1356 ) ;
#4669 = EDGE_LOOP ( 'NONE', ( #3038, #2017, #3905, #496 ) ) ;
#4670 = ORIENTED_EDGE ( 'NONE', *, *, #149, .F. ) ;
#4671 = EDGE_CURVE ( 'NONE', #1088, #2108, #3336, .T. ) ;
#4672 = DIRECTION ( 'NONE',  ( -1.000000000000000000, 0.000000000000000000, 3.252606517456511724E-15 ) ) ;
#4673 = DIRECTION ( 'NONE',  ( 1.000000000000000000, 0.000000000000000000, -3.762531881964509464E-15 ) ) ;
#4674 = LINE ( 'NONE', #4225, #1969 ) ;
#4675 = CARTESIAN_POINT ( 'NONE',  ( -1.300000000000002709, 2.168404344971008868E-16, -0.8999999999999956923 ) ) ;
#4676 = DIRECTION ( 'NONE',  ( -1.000000000000000000, 0.000000000000000000, 3.491481338843133355E-15 ) ) ;
#4677 = ORIENTED_EDGE ( 'NONE', *, *, #2503, .T. ) ;
#4678 = EDGE_CURVE ( 'NONE', #4395, #3704, #5139, .T. ) ;
#4679 = ORIENTED_EDGE ( 'NONE', *, *, #2509, .F. ) ;
#4680 = DIRECTION ( 'NONE',  ( 0.000000000000000000, -1.000000000000000000, 0.000000000000000000 ) ) ;
#4681 = EDGE_CURVE ( 'NONE', #921, #1449, #2453, .T. ) ;
#4682 = LINE ( 'NONE', #1159, #1615 ) ;
#4683 = ORIENTED_EDGE ( 'NONE', *, *, #3794, .F. ) ;
#4684 = DIRECTION ( 'NONE',  ( 0.000000000000000000, 1.000000000000000000, 0.000000000000000000 ) ) ;
#4685 = ORIENTED_EDGE ( 'NONE', *, *, #2405, .F. ) ;
#4686 = DIRECTION ( 'NONE',  ( -0.000000000000000000, -1.000000000000000000, -0.000000000000000000 ) ) ;
#4687 = CARTESIAN_POINT ( 'NONE',  ( 1.500000000000000000, 1.456896669277396583E-16, 0.09999999999999481526 ) ) ;
#4688 = CARTESIAN_POINT ( 'NONE',  ( 1.299999999999996936, 0.2000000000000000944, -0.8000000000000047073 ) ) ;
#4689 = DIRECTION ( 'NONE',  ( -0.000000000000000000, -1.000000000000000000, -0.000000000000000000 ) ) ;
#4690 = ORIENTED_EDGE ( 'NONE', *, *, #5106, .F. ) ;
#4691 = DIRECTION ( 'NONE',  ( 0.000000000000000000, 1.000000000000000000, 0.000000000000000000 ) ) ;
#4692 = DIRECTION ( 'NONE',  ( -0.000000000000000000, -1.000000000000000000, -0.000000000000000000 ) ) ;
#4693 = CARTESIAN_POINT ( 'NONE',  ( 1.299999999999999822, 0.2000000000000000944, -4.538925740496072573E-15 ) ) ;
#4694 = CARTESIAN_POINT ( 'NONE',  ( 1.500000000000003553, -3.660069929215019169, 1.099999999999994538 ) ) ;
#4695 = EDGE_LOOP ( 'NONE', ( #5664, #4456, #5188, #5496 ) ) ;
#4696 = CARTESIAN_POINT ( 'NONE',  ( 1.499999999999994005, 0.8000000000000001554, -1.500000000000004885 ) ) ;
#4697 = ORIENTED_EDGE ( 'NONE', *, *, #243, .T. ) ;
#4698 = PLANE ( 'NONE',  #2077 ) ;
#4699 = FACE_OUTER_BOUND ( 'NONE', #2993, .T. ) ;
#4700 = DIRECTION ( 'NONE',  ( 1.000000000000000000, 0.000000000000000000, -4.336808689942015369E-15 ) ) ;
#4701 = DIRECTION ( 'NONE',  ( 0.000000000000000000, 1.000000000000000000, 0.000000000000000000 ) ) ;
#4702 = VECTOR ( 'NONE', #3552, 1000.000000000000000 ) ;
#4703 = LINE ( 'NONE', #4139, #1062 ) ;
#4704 = VERTEX_POINT ( 'NONE', #3778 ) ;
#4705 = LINE ( 'NONE', #4175, #4718 ) ;
#4706 = EDGE_LOOP ( 'NONE', ( #1900, #366, #2856, #4445 ) ) ;
#4707 =( NAMED_UNIT ( * ) SI_UNIT ( $, .STERADIAN. ) SOLID_ANGLE_UNIT ( ) );
#4708 = DIRECTION ( 'NONE',  ( 3.491481338843133355E-15, 0.000000000000000000, 1.000000000000000000 ) ) ;
#4709 = VERTEX_POINT ( 'NONE', #720 ) ;
#4710 = DIRECTION ( 'NONE',  ( 0.000000000000000000, 1.000000000000000000, 0.000000000000000000 ) ) ;
#4711 = ORIENTED_EDGE ( 'NONE', *, *, #2439, .F. ) ;
#4712 = VECTOR ( 'NONE', #1911, 1000.000000000000000 ) ;
#4713 = ORIENTED_EDGE ( 'NONE', *, *, #5536, .F. ) ;
#4714 = AXIS2_PLACEMENT_3D ( 'NONE', #3462, #2763, #71 ) ;
#4715 = EDGE_CURVE ( 'NONE', #4466, #3149, #1412, .T. ) ;
#4716 = CARTESIAN_POINT ( 'NONE',  ( 1.299999999999998046, 0.2000000000000000944, -0.5000000000000045519 ) ) ;
#4717 = CARTESIAN_POINT ( 'NONE',  ( 0.000000000000000000, 0.000000000000000000, 0.000000000000000000 ) ) ;
#4718 = VECTOR ( 'NONE', #3333, 1000.000000000000000 ) ;
#4719 = VECTOR ( 'NONE', #371, 1000.000000000000000 ) ;
#4720 = ADVANCED_FACE ( 'NONE', ( #1157 ), #5042, .F. ) ;
#4721 = CARTESIAN_POINT ( 'NONE',  ( 1.299999999999997380, 0.2000000000000000944, -0.7000000000000046185 ) ) ;
#4722 = CARTESIAN_POINT ( 'NONE',  ( 1.300000000000001377, 0.2000000000000000944, 0.4999999999999954481 ) ) ;
#4723 = AXIS2_PLACEMENT_3D ( 'NONE', #509, #973, #2220 ) ;
#4724 = FACE_OUTER_BOUND ( 'NONE', #4475, .T. ) ;
#4725 = VERTEX_POINT ( 'NONE', #1693 ) ;
#4726 = PLANE ( 'NONE',  #697 ) ;
#4727 = CARTESIAN_POINT ( 'NONE',  ( -1.201669740778655404, 0.6999999999999999556, -1.201669740778646078 ) ) ;
#4728 = AXIS2_PLACEMENT_3D ( 'NONE', #3267, #4161, #239 ) ;
#4729 = AXIS2_PLACEMENT_3D ( 'NONE', #1565, #647, #2413 ) ;
#4730 = VECTOR ( 'NONE', #1340, 1000.000000000000000 ) ;
#4731 = PRESENTATION_STYLE_ASSIGNMENT (( #1612 ) ) ;
#4732 = ORIENTED_EDGE ( 'NONE', *, *, #846, .F. ) ;
#4733 = DIRECTION ( 'NONE',  ( -0.000000000000000000, -1.000000000000000000, -0.000000000000000000 ) ) ;
#4734 = VERTEX_POINT ( 'NONE', #1629 ) ;
#4735 = DIRECTION ( 'NONE',  ( -1.000000000000000000, -0.000000000000000000, 3.491481338843133355E-15 ) ) ;
#4736 = AXIS2_PLACEMENT_3D ( 'NONE', #140, #83, #1953 ) ;
#4737 = LINE ( 'NONE', #1657, #3966 ) ;
#4738 = LINE ( 'NONE', #1747, #5261 ) ;
#4739 = VECTOR ( 'NONE', #624, 1000.000000000000000 ) ;
#4740 = AXIS2_PLACEMENT_3D ( 'NONE', #4895, #2276, #4002 ) ;
#4741 = CARTESIAN_POINT ( 'NONE',  ( -1.500000000000002665, 0.2000000000000000944, -0.8999999999999951372 ) ) ;
#4742 = CARTESIAN_POINT ( 'NONE',  ( -1.299999999999999378, 1.626303258728256651E-16, 0.1000000000000045852 ) ) ;
#4743 = EDGE_LOOP ( 'NONE', ( #4912, #1771, #2586, #5171 ) ) ;
#4744 = EDGE_LOOP ( 'NONE', ( #5611, #943, #2270, #1501 ) ) ;
#4745 = VECTOR ( 'NONE', #1965, 1000.000000000000000 ) ;
#4746 = CARTESIAN_POINT ( 'NONE',  ( -1.300000000000000711, -3.660069929215019169, -0.2999999999999953815 ) ) ;
#4747 = ADVANCED_FACE ( 'NONE', ( #277 ), #5525, .F. ) ;
#4748 = ORIENTED_EDGE ( 'NONE', *, *, #4807, .T. ) ;
#4749 = DIRECTION ( 'NONE',  ( -1.000000000000000000, 0.000000000000000000, 3.491481338843133355E-15 ) ) ;
#4750 = ORIENTED_EDGE ( 'NONE', *, *, #3799, .T. ) ;
#4751 = ORIENTED_EDGE ( 'NONE', *, *, #155, .F. ) ;
#4752 = EDGE_CURVE ( 'NONE', #2296, #4361, #2976, .T. ) ;
#4753 = VECTOR ( 'NONE', #3861, 1000.000000000000000 ) ;
#4754 = FACE_OUTER_BOUND ( 'NONE', #2830, .T. ) ;
#4755 = SURFACE_STYLE_USAGE ( .BOTH. , #1574 ) ;
#4756 = VECTOR ( 'NONE', #1119, 1000.000000000000000 ) ;
#4757 = DIRECTION ( 'NONE',  ( 0.000000000000000000, 1.000000000000000000, 0.000000000000000000 ) ) ;
#4758 = DIRECTION ( 'NONE',  ( -1.000000000000000000, 0.000000000000000000, 3.491481338843133355E-15 ) ) ;
#4759 = ORIENTED_EDGE ( 'NONE', *, *, #2134, .F. ) ;
#4760 = LINE ( 'NONE', #417, #4357 ) ;
#4761 = EDGE_CURVE ( 'NONE', #4820, #2931, #5064, .T. ) ;
#4762 = FACE_OUTER_BOUND ( 'NONE', #4766, .T. ) ;
#4763 = DIRECTION ( 'NONE',  ( -3.491481338843133355E-15, 0.000000000000000000, -1.000000000000000000 ) ) ;
#4764 = VERTEX_POINT ( 'NONE', #681 ) ;
#4765 = CARTESIAN_POINT ( 'NONE',  ( 1.500000000000001998, 0.02500000000000006384, 0.6999999999999947375 ) ) ;
#4766 = EDGE_LOOP ( 'NONE', ( #2700, #5440, #1859, #4841 ) ) ;
#4767 = DIRECTION ( 'NONE',  ( -3.491481338843133355E-15, 0.000000000000000000, -1.000000000000000000 ) ) ;
#4768 = DIRECTION ( 'NONE',  ( 0.000000000000000000, -1.000000000000000000, 0.000000000000000000 ) ) ;
#4769 = CARTESIAN_POINT ( 'NONE',  ( -0.8499999999999962030, 0.2000000000000000944, 1.100000000000003197 ) ) ;
#4770 = ORIENTED_EDGE ( 'NONE', *, *, #2428, .T. ) ;
#4771 = ORIENTED_EDGE ( 'NONE', *, *, #318, .F. ) ;
#4772 = CARTESIAN_POINT ( 'NONE',  ( 1.300000000000002043, 0.2000000000000000944, 0.6999999999999952927 ) ) ;
#4773 = ORIENTED_EDGE ( 'NONE', *, *, #2150, .F. ) ;
#4774 = CARTESIAN_POINT ( 'NONE',  ( -1.299999999999999822, 0.2000000000000000944, 4.538925740496072573E-15 ) ) ;
#4775 = ORIENTED_EDGE ( 'NONE', *, *, #1845, .T. ) ;
#4776 = ORIENTED_EDGE ( 'NONE', *, *, #3346, .T. ) ;
#4777 = DIRECTION ( 'NONE',  ( -1.000000000000000000, 0.000000000000000000, 4.336808689942015369E-15 ) ) ;
#4778 = EDGE_CURVE ( 'NONE', #4361, #5014, #5164, .T. ) ;
#4779 = LINE ( 'NONE', #842, #2736 ) ;
#4780 = ORIENTED_EDGE ( 'NONE', *, *, #2787, .T. ) ;
#4781 = CARTESIAN_POINT ( 'NONE',  ( -1.299999999999999378, 0.2000000000000000944, 0.1000000000000045852 ) ) ;
#4782 = CARTESIAN_POINT ( 'NONE',  ( -0.5000000000000038858, 7.115076756936122848E-17, -1.149999999999998135 ) ) ;
#4783 = DIRECTION ( 'NONE',  ( -0.000000000000000000, -1.000000000000000000, 0.000000000000000000 ) ) ;
#4784 = ADVANCED_FACE ( 'NONE', ( #4618 ), #251, .F. ) ;
#4785 = VERTEX_POINT ( 'NONE', #4478 ) ;
#4786 =( NAMED_UNIT ( * ) PLANE_ANGLE_UNIT ( ) SI_UNIT ( $, .RADIAN. ) );
#4787 = VERTEX_POINT ( 'NONE', #530 ) ;
#4788 = CARTESIAN_POINT ( 'NONE',  ( 1.300000000000000266, 0.2000000000000000944, 0.09999999999999550915 ) ) ;
#4789 = DIRECTION ( 'NONE',  ( 1.000000000000000000, 0.000000000000000000, -3.252606517456511724E-15 ) ) ;
#4790 = ORIENTED_EDGE ( 'NONE', *, *, #1260, .F. ) ;
#4791 = ORIENTED_EDGE ( 'NONE', *, *, #111, .T. ) ;
#4792 = EDGE_CURVE ( 'NONE', #608, #4785, #3039, .T. ) ;
#4793 = DIRECTION ( 'NONE',  ( 1.000000000000000000, 0.000000000000000000, -3.491481338843133355E-15 ) ) ;
#4794 = ORIENTED_EDGE ( 'NONE', *, *, #755, .T. ) ;
#4795 = ORIENTED_EDGE ( 'NONE', *, *, #3216, .T. ) ;
#4796 = CARTESIAN_POINT ( 'NONE',  ( 1.300000000000003819, 0.2000000000000000944, 1.199999999999995293 ) ) ;
#4797 = VECTOR ( 'NONE', #4411, 1000.000000000000000 ) ;
#4798 = SURFACE_STYLE_USAGE ( .BOTH. , #4827 ) ;
#4799 = AXIS2_PLACEMENT_3D ( 'NONE', #1422, #5253, #2648 ) ;
#4800 = ORIENTED_EDGE ( 'NONE', *, *, #4309, .T. ) ;
#4801 = FACE_BOUND ( 'NONE', #3494, .T. ) ;
#4802 = CIRCLE ( 'NONE', #2334, 0.1000000000000000472 ) ;
#4803 = FACE_OUTER_BOUND ( 'NONE', #361, .T. ) ;
#4804 = CARTESIAN_POINT ( 'NONE',  ( 3.491481338843134834E-16, 0.02500000000000006384, 0.1000000000000000472 ) ) ;
#4805 = VERTEX_POINT ( 'NONE', #4885 ) ;
#4806 = ORIENTED_EDGE ( 'NONE', *, *, #2369, .F. ) ;
#4807 = EDGE_CURVE ( 'NONE', #2473, #3409, #3006, .T. ) ;
#4808 = SHAPE_DEFINITION_REPRESENTATION ( #4198, #5325 ) ;
#4809 = DIRECTION ( 'NONE',  ( -1.000000000000000000, -0.000000000000000000, 3.491481338843133355E-15 ) ) ;
#4810 = AXIS2_PLACEMENT_3D ( 'NONE', #2853, #3307, #4973 ) ;
#4811 = AXIS2_PLACEMENT_3D ( 'NONE', #5531, #3066, #3471 ) ;
#4812 = EDGE_CURVE ( 'NONE', #407, #3646, #3580, .T. ) ;
#4813 =( NAMED_UNIT ( * ) SI_UNIT ( $, .STERADIAN. ) SOLID_ANGLE_UNIT ( ) );
#4814 = VERTEX_POINT ( 'NONE', #3154 ) ;
#4815 = VECTOR ( 'NONE', #4308, 1000.000000000000000 ) ;
#4816 = ORIENTED_EDGE ( 'NONE', *, *, #1323, .F. ) ;
#4817 = DIRECTION ( 'NONE',  ( 1.000000000000000000, 0.000000000000000000, -3.252606517456511724E-15 ) ) ;
#4818 = ADVANCED_FACE ( 'NONE', ( #93 ), #913, .T. ) ;
#4819 = CIRCLE ( 'NONE', #5445, 0.1000000000000000472 ) ;
#4820 = VERTEX_POINT ( 'NONE', #39 ) ;
#4821 = VECTOR ( 'NONE', #4684, 1000.000000000000000 ) ;
#4822 = CARTESIAN_POINT ( 'NONE',  ( -1.299999999999999822, -3.660069929215019169, 4.538925740496072573E-15 ) ) ;
#4823 = VERTEX_POINT ( 'NONE', #3866 ) ;
#4824 = EDGE_CURVE ( 'NONE', #499, #4418, #4414, .T. ) ;
#4825 = CARTESIAN_POINT ( 'NONE',  ( -1.500000000000005107, 0.2000000000000000944, -1.299999999999994937 ) ) ;
#4826 = AXIS2_PLACEMENT_3D ( 'NONE', #2778, #1080, #4659 ) ;
#4827 = SURFACE_SIDE_STYLE ('',( #5205 ) ) ;
#4828 = AXIS2_PLACEMENT_3D ( 'NONE', #5034, #181, #642 ) ;
#4829 = CARTESIAN_POINT ( 'NONE',  ( -1.499999999999995115, 7.115076756936122848E-17, 1.300000000000005373 ) ) ;
#4830 = CARTESIAN_POINT ( 'NONE',  ( 1.299999999999998712, 0.1999999999999999278, -0.3000000000000044853 ) ) ;
#4831 = COLOUR_RGB ( '',1.000000000000000000, 1.000000000000000000, 1.000000000000000000 ) ;
#4832 = CARTESIAN_POINT ( 'NONE',  ( -1.499999999999995337, 0.02500000000000006384, 1.300000000000005151 ) ) ;
#4833 = ORIENTED_EDGE ( 'NONE', *, *, #2137, .T. ) ;
#4834 = CARTESIAN_POINT ( 'NONE',  ( -1.499999999999995337, 0.8000000000000001554, 1.500000000000005773 ) ) ;
#4835 = VERTEX_POINT ( 'NONE', #122 ) ;
#4836 = DIRECTION ( 'NONE',  ( -0.000000000000000000, -1.000000000000000000, 0.000000000000000000 ) ) ;
#4837 = DIRECTION ( 'NONE',  ( 0.000000000000000000, 0.000000000000000000, 1.000000000000000000 ) ) ;
#4838 = DIRECTION ( 'NONE',  ( 0.000000000000000000, -1.000000000000000000, 0.000000000000000000 ) ) ;
#4839 = DIRECTION ( 'NONE',  ( -1.000000000000000000, 0.000000000000000000, 3.491481338843133355E-15 ) ) ;
#4840 = ORIENTED_EDGE ( 'NONE', *, *, #640, .F. ) ;
#4841 = ORIENTED_EDGE ( 'NONE', *, *, #5465, .F. ) ;
#4842 = DIRECTION ( 'NONE',  ( 1.000000000000000000, -0.000000000000000000, -3.491481338843133355E-15 ) ) ;
#4843 = EDGE_CURVE ( 'NONE', #4657, #161, #4451, .T. ) ;
#4844 = ORIENTED_EDGE ( 'NONE', *, *, #2132, .F. ) ;
#4845 = DIRECTION ( 'NONE',  ( 1.000000000000000000, 0.000000000000000000, -4.336808689942015369E-15 ) ) ;
#4846 = ORIENTED_EDGE ( 'NONE', *, *, #715, .T. ) ;
#4847 = CARTESIAN_POINT ( 'NONE',  ( -1.300000000000002709, -3.660069929215019169, -0.8999999999999956923 ) ) ;
#4848 = CARTESIAN_POINT ( 'NONE',  ( -1.300000000000002487, -3.660069929215019169, -0.7999999999999956035 ) ) ;
#4849 = EDGE_CURVE ( 'NONE', #3369, #3166, #859, .T. ) ;
#4850 = DIRECTION ( 'NONE',  ( 0.000000000000000000, 1.000000000000000000, 0.000000000000000000 ) ) ;
#4851 = DIRECTION ( 'NONE',  ( 3.491481338843133355E-15, -0.000000000000000000, 1.000000000000000000 ) ) ;
#4852 = LINE ( 'NONE', #4384, #668 ) ;
#4853 = ORIENTED_EDGE ( 'NONE', *, *, #630, .F. ) ;
#4854 =( NAMED_UNIT ( * ) SI_UNIT ( $, .STERADIAN. ) SOLID_ANGLE_UNIT ( ) );
#4855 = ORIENTED_EDGE ( 'NONE', *, *, #3799, .F. ) ;
#4856 = CARTESIAN_POINT ( 'NONE',  ( -1.300000000000001377, 0.2000000000000000944, -0.4999999999999954481 ) ) ;
#4857 = CARTESIAN_POINT ( 'NONE',  ( -1.499999999999999556, 0.02500000000000006384, 5.237222008264698455E-15 ) ) ;
#4858 = LINE ( 'NONE', #2678, #2422 ) ;
#4859 = SURFACE_SIDE_STYLE ('',( #4454 ) ) ;
#4860 = ORIENTED_EDGE ( 'NONE', *, *, #174, .F. ) ;
#4861 = ORIENTED_EDGE ( 'NONE', *, *, #4452, .F. ) ;
#4862 = CARTESIAN_POINT ( 'NONE',  ( 1.500000000000004885, 0.8000000000000001554, 1.499999999999995337 ) ) ;
#4863 = CYLINDRICAL_SURFACE ( 'NONE', #4647, 0.1000000000000000472 ) ;
#4864 = DIRECTION ( 'NONE',  ( 0.000000000000000000, 1.000000000000000000, 0.000000000000000000 ) ) ;
#4865 = VERTEX_POINT ( 'NONE', #4772 ) ;
#4866 = DIRECTION ( 'NONE',  ( -0.000000000000000000, -1.000000000000000000, -0.000000000000000000 ) ) ;
#4867 = ORIENTED_EDGE ( 'NONE', *, *, #4902, .T. ) ;
#4868 = DIRECTION ( 'NONE',  ( 3.491481338843133355E-15, -0.000000000000000000, 1.000000000000000000 ) ) ;
#4869 = ADVANCED_FACE ( 'NONE', ( #1721 ), #1861, .T. ) ;
#4870 = CARTESIAN_POINT ( 'NONE',  ( -1.500000000000001998, -3.660069929215019169, -0.6999999999999948486 ) ) ;
#4871 = EDGE_CURVE ( 'NONE', #3842, #2868, #4858, .T. ) ;
#4872 = COLOUR_RGB ( '',1.000000000000000000, 1.000000000000000000, 1.000000000000000000 ) ;
#4873 = LINE ( 'NONE', #951, #892 ) ;
#4874 = EDGE_CURVE ( 'NONE', #3937, #3659, #5340, .T. ) ;
#4875 = VECTOR ( 'NONE', #1521, 1000.000000000000000 ) ;
#4876 = CARTESIAN_POINT ( 'NONE',  ( -1.299999999999999378, 0.2000000000000000944, 0.1000000000000045852 ) ) ;
#4877 = FACE_OUTER_BOUND ( 'NONE', #5562, .T. ) ;
#4878 = ORIENTED_EDGE ( 'NONE', *, *, #3917, .F. ) ;
#4879 =( GEOMETRIC_REPRESENTATION_CONTEXT ( 3 ) GLOBAL_UNCERTAINTY_ASSIGNED_CONTEXT ( ( #466 ) ) GLOBAL_UNIT_ASSIGNED_CONTEXT ( ( #3928, #2125, #422 ) ) REPRESENTATION_CONTEXT ( 'NONE', 'WORKASPACE' ) );
#4880 = ORIENTED_EDGE ( 'NONE', *, *, #3893, .F. ) ;
#4881 = ADVANCED_FACE ( 'NONE', ( #4389 ), #2268, .F. ) ;
#4882 = AXIS2_PLACEMENT_3D ( 'NONE', #3702, #544, #1105 ) ;
#4883 = LINE ( 'NONE', #3150, #5271 ) ;
#4884 = FACE_OUTER_BOUND ( 'NONE', #5593, .T. ) ;
#4885 = CARTESIAN_POINT ( 'NONE',  ( 1.500000000000003553, 0.02500000000000006384, 1.099999999999994538 ) ) ;
#4886 = VECTOR ( 'NONE', #4305, 1000.000000000000000 ) ;
#4887 = DIRECTION ( 'NONE',  ( -3.491481338843133355E-15, 0.000000000000000000, -1.000000000000000000 ) ) ;
#4888 = ORIENTED_EDGE ( 'NONE', *, *, #1359, .T. ) ;
#4889 = EDGE_LOOP ( 'NONE', ( #2163, #5258, #5602, #4795 ) ) ;
#4890 = AXIS2_PLACEMENT_3D ( 'NONE', #96, #4000, #3562 ) ;
#4891 = MECHANICAL_DESIGN_GEOMETRIC_PRESENTATION_REPRESENTATION (  '', ( #4525 ), #4343 ) ;
#4892 = LINE ( 'NONE', #4392, #3879 ) ;
#4893 = VECTOR ( 'NONE', #418, 1000.000000000000000 ) ;
#4894 = DIRECTION ( 'NONE',  ( 0.000000000000000000, -1.000000000000000000, 0.000000000000000000 ) ) ;
#4895 = CARTESIAN_POINT ( 'NONE',  ( 1.499999999999996669, -3.660069929215019169, -0.9000000000000054623 ) ) ;
#4896 = ORIENTED_EDGE ( 'NONE', *, *, #5654, .F. ) ;
#4897 = VECTOR ( 'NONE', #1196, 1000.000000000000000 ) ;
#4898 = PLANE ( 'NONE',  #2429 ) ;
#4899 = ORIENTED_EDGE ( 'NONE', *, *, #124, .T. ) ;
#4900 = CARTESIAN_POINT ( 'NONE',  ( 1.299999999999998490, 0.2000000000000000944, -0.4000000000000045186 ) ) ;
#4901 = VECTOR ( 'NONE', #1804, 1000.000000000000000 ) ;
#4902 = EDGE_CURVE ( 'NONE', #1265, #274, #5311, .T. ) ;
#4903 = FILL_AREA_STYLE ('',( #3171 ) ) ;
#4904 = DIRECTION ( 'NONE',  ( 1.000000000000000000, 0.000000000000000000, -4.336808689942015369E-15 ) ) ;
#4905 = ORIENTED_EDGE ( 'NONE', *, *, #3309, .T. ) ;
#4906 = ADVANCED_FACE ( 'NONE', ( #554 ), #2317, .F. ) ;
#4907 = AXIS2_PLACEMENT_3D ( 'NONE', #164, #3165, #2829 ) ;
#4908 = AXIS2_PLACEMENT_3D ( 'NONE', #5119, #2987, #360 ) ;
#4909 = DIRECTION ( 'NONE',  ( 1.000000000000000000, 0.000000000000000000, -3.491481338843133355E-15 ) ) ;
#4910 = DIRECTION ( 'NONE',  ( 3.491481338843133355E-15, 0.000000000000000000, 1.000000000000000000 ) ) ;
#4911 = EDGE_CURVE ( 'NONE', #2448, #4295, #3963, .T. ) ;
#4912 = ORIENTED_EDGE ( 'NONE', *, *, #4487, .T. ) ;
#4913 = CARTESIAN_POINT ( 'NONE',  ( -1.200000000000002398, 2.168404344971008868E-16, -0.7999999999999959366 ) ) ;
#4914 = ORIENTED_EDGE ( 'NONE', *, *, #5396, .T. ) ;
#4915 = FACE_OUTER_BOUND ( 'NONE', #2759, .T. ) ;
#4916 = AXIS2_PLACEMENT_3D ( 'NONE', #2023, #1167, #534 ) ;
#4917 = CARTESIAN_POINT ( 'NONE',  ( -1.500000000000004219, 0.2000000000000000944, -1.299999999999994937 ) ) ;
#4918 = DIRECTION ( 'NONE',  ( -0.000000000000000000, -1.000000000000000000, -0.000000000000000000 ) ) ;
#4919 = EDGE_CURVE ( 'NONE', #2043, #1162, #5371, .T. ) ;
#4920 = AXIS2_PLACEMENT_3D ( 'NONE', #5489, #5423, #1653 ) ;
#4921 = CARTESIAN_POINT ( 'NONE',  ( 1.299999999999995604, 0.2000000000000000944, -1.200000000000004396 ) ) ;
#4922 = ORIENTED_EDGE ( 'NONE', *, *, #5587, .F. ) ;
#4923 = VERTEX_POINT ( 'NONE', #1918 ) ;
#4924 = EDGE_CURVE ( 'NONE', #5559, #5649, #2786, .T. ) ;
#4925 = CARTESIAN_POINT ( 'NONE',  ( -1.300000000000003597, 0.2000000000000000944, -1.099999999999995204 ) ) ;
#4926 = DIRECTION ( 'NONE',  ( 0.000000000000000000, 1.000000000000000000, 0.000000000000000000 ) ) ;
#4927 = ORIENTED_EDGE ( 'NONE', *, *, #923, .T. ) ;
#4928 = LINE ( 'NONE', #4520, #2992 ) ;
#4929 = ORIENTED_EDGE ( 'NONE', *, *, #5614, .T. ) ;
#4930 = DIRECTION ( 'NONE',  ( 0.000000000000000000, -1.000000000000000000, 0.000000000000000000 ) ) ;
#4931 = DIRECTION ( 'NONE',  ( 3.491481338843133355E-15, 0.000000000000000000, 1.000000000000000000 ) ) ;
#4932 = CARTESIAN_POINT ( 'NONE',  ( -1.299999999999995604, 0.2000000000000000944, 1.200000000000004396 ) ) ;
#4933 = ADVANCED_FACE ( 'NONE', ( #2901 ), #5395, .T. ) ;
#4934 = EDGE_LOOP ( 'NONE', ( #1843, #237, #4182, #5373 ) ) ;
#4935 = DIRECTION ( 'NONE',  ( -0.000000000000000000, -1.000000000000000000, -0.000000000000000000 ) ) ;
#4936 = DIRECTION ( 'NONE',  ( 0.000000000000000000, 1.000000000000000000, 0.000000000000000000 ) ) ;
#4937 = CARTESIAN_POINT ( 'NONE',  ( 1.500000000000004885, 0.8000000000000001554, 1.499999999999995337 ) ) ;
#4938 = CARTESIAN_POINT ( 'NONE',  ( -1.300000000000003597, 2.168404344971008868E-16, -1.099999999999995204 ) ) ;
#4939 = ORIENTED_EDGE ( 'NONE', *, *, #833, .T. ) ;
#4940 =( NAMED_UNIT ( * ) PLANE_ANGLE_UNIT ( ) SI_UNIT ( $, .RADIAN. ) );
#4941 = ORIENTED_EDGE ( 'NONE', *, *, #3120, .T. ) ;
#4942 = CARTESIAN_POINT ( 'NONE',  ( 1.299999999999999378, 0.2000000000000000944, -0.1000000000000045852 ) ) ;
#4943 = CARTESIAN_POINT ( 'NONE',  ( 1.300000000000002043, 0.02500000000000006384, 0.6999999999999952927 ) ) ;
#4944 = EDGE_CURVE ( 'NONE', #16, #4835, #4079, .T. ) ;
#4945 = VERTEX_POINT ( 'NONE', #1493 ) ;
#4946 = EDGE_CURVE ( 'NONE', #4141, #2026, #4545, .T. ) ;
#4947 = ORIENTED_EDGE ( 'NONE', *, *, #904, .T. ) ;
#4948 = DIRECTION ( 'NONE',  ( 1.000000000000000000, 0.000000000000000000, -3.491481338843133355E-15 ) ) ;
#4949 = CARTESIAN_POINT ( 'NONE',  ( -5.237222008264698455E-15, 0.8000000000000001554, -1.499999999999999556 ) ) ;
#4950 = EDGE_CURVE ( 'NONE', #545, #4970, #4106, .T. ) ;
#4951 = CARTESIAN_POINT ( 'NONE',  ( 1.299999999999999822, 0.2000000000000000944, -4.538925740496072573E-15 ) ) ;
#4952 = DIRECTION ( 'NONE',  ( -1.000000000000000000, -0.000000000000000000, 3.491481338843133355E-15 ) ) ;
#4953 = ORIENTED_EDGE ( 'NONE', *, *, #4494, .T. ) ;
#4954 = DIRECTION ( 'NONE',  ( 0.000000000000000000, 1.000000000000000000, 0.000000000000000000 ) ) ;
#4955 = ORIENTED_EDGE ( 'NONE', *, *, #4568, .T. ) ;
#4956 = DIRECTION ( 'NONE',  ( -0.000000000000000000, -1.000000000000000000, -0.000000000000000000 ) ) ;
#4957 = EDGE_CURVE ( 'NONE', #4473, #4481, #3269, .T. ) ;
#4958 = CARTESIAN_POINT ( 'NONE',  ( -1.499999999999995115, 0.1999999999999998723, 1.300000000000005373 ) ) ;
#4959 = DIRECTION ( 'NONE',  ( 3.491481338843133355E-15, -0.000000000000000000, 1.000000000000000000 ) ) ;
#4960 = CYLINDRICAL_SURFACE ( 'NONE', #5004, 0.1000000000000000472 ) ;
#4961 = DIRECTION ( 'NONE',  ( 3.491481338843133355E-15, 0.000000000000000000, 1.000000000000000000 ) ) ;
#4962 = FACE_OUTER_BOUND ( 'NONE', #1177, .T. ) ;
#4963 = ORIENTED_EDGE ( 'NONE', *, *, #1051, .F. ) ;
#4964 = CARTESIAN_POINT ( 'NONE',  ( 1.299999999999995159, 0.02500000000000006384, -1.300000000000004707 ) ) ;
#4965 = ORIENTED_EDGE ( 'NONE', *, *, #2873, .T. ) ;
#4966 = LINE ( 'NONE', #69, #2920 ) ;
#4967 = DIRECTION ( 'NONE',  ( 3.491481338843133355E-15, -0.000000000000000000, 1.000000000000000000 ) ) ;
#4968 = AXIS2_PLACEMENT_3D ( 'NONE', #2651, #5630, #447 ) ;
#4969 =( NAMED_UNIT ( * ) PLANE_ANGLE_UNIT ( ) SI_UNIT ( $, .RADIAN. ) );
#4970 = VERTEX_POINT ( 'NONE', #4666 ) ;
#4971 = CARTESIAN_POINT ( 'NONE',  ( 1.300000000000002709, 0.2000000000000000944, 0.8999999999999955813 ) ) ;
#4972 = EDGE_LOOP ( 'NONE', ( #5514, #160, #3869, #1246 ) ) ;
#4973 = DIRECTION ( 'NONE',  ( -1.000000000000000000, 0.000000000000000000, 3.252606517456511724E-15 ) ) ;
#4974 = AXIS2_PLACEMENT_3D ( 'NONE', #1951, #3247, #2747 ) ;
#4975 = AXIS2_PLACEMENT_3D ( 'NONE', #4316, #271, #2939 ) ;
#4976 = EDGE_CURVE ( 'NONE', #4613, #3775, #1269, .T. ) ;
#4977 = EDGE_LOOP ( 'NONE', ( #3931, #3040, #3665, #449 ) ) ;
#4978 = LINE ( 'NONE', #3587, #1165 ) ;
#4979 = ORIENTED_EDGE ( 'NONE', *, *, #3242, .F. ) ;
#4980 = VECTOR ( 'NONE', #917, 1000.000000000000000 ) ;
#4981 = DIRECTION ( 'NONE',  ( -0.000000000000000000, 1.000000000000000000, -0.000000000000000000 ) ) ;
#4982 = ORIENTED_EDGE ( 'NONE', *, *, #2981, .T. ) ;
#4983 = EDGE_CURVE ( 'NONE', #3460, #1078, #2596, .T. ) ;
#4984 = DIRECTION ( 'NONE',  ( 0.000000000000000000, -1.000000000000000000, 0.000000000000000000 ) ) ;
#4985 = VECTOR ( 'NONE', #1465, 1000.000000000000000 ) ;
#4986 = AXIS2_PLACEMENT_3D ( 'NONE', #3488, #3081, #454 ) ;
#4987 = LINE ( 'NONE', #1076, #490 ) ;
#4988 = AXIS2_PLACEMENT_3D ( 'NONE', #1637, #5652, #2641 ) ;
#4989 = VERTEX_POINT ( 'NONE', #4310 ) ;
#4990 = AXIS2_PLACEMENT_3D ( 'NONE', #428, #1768, #1819 ) ;
#4991 = DIRECTION ( 'NONE',  ( 0.000000000000000000, -1.000000000000000000, 0.000000000000000000 ) ) ;
#4992 = VECTOR ( 'NONE', #910, 1000.000000000000000 ) ;
#4993 = FILL_AREA_STYLE ('',( #547 ) ) ;
#4994 = VECTOR ( 'NONE', #4240, 1000.000000000000000 ) ;
#4995 = DIRECTION ( 'NONE',  ( 1.000000000000000000, 0.000000000000000000, -3.491481338843133355E-15 ) ) ;
#4996 = AXIS2_PLACEMENT_3D ( 'NONE', #723, #4234, #4181 ) ;
#4997 = AXIS2_PLACEMENT_3D ( 'NONE', #289, #2430, #176 ) ;
#4998 = DIRECTION ( 'NONE',  ( -1.000000000000000000, 0.000000000000000000, 4.336808689942015369E-15 ) ) ;
#4999 = FACE_OUTER_BOUND ( 'NONE', #635, .T. ) ;
#5000 = EDGE_LOOP ( 'NONE', ( #4587, #4941, #3203, #5224 ) ) ;
#5001 = CYLINDRICAL_SURFACE ( 'NONE', #976, 0.1000000000000000472 ) ;
#5002 = DIRECTION ( 'NONE',  ( -3.491481338843133355E-15, 0.000000000000000000, -1.000000000000000000 ) ) ;
#5003 = CLOSED_SHELL ( 'NONE', ( #2139, #725, #1204, #1421, #4523, #241, #3654 ) ) ;
#5004 = AXIS2_PLACEMENT_3D ( 'NONE', #4121, #2808, #5411 ) ;
#5005 = FACE_OUTER_BOUND ( 'NONE', #3600, .T. ) ;
#5006 = ORIENTED_EDGE ( 'NONE', *, *, #1288, .T. ) ;
#5007 = AXIS2_PLACEMENT_3D ( 'NONE', #64, #5160, #1242 ) ;
#5008 = PLANE ( 'NONE',  #4920 ) ;
#5009 = ORIENTED_EDGE ( 'NONE', *, *, #2132, .T. ) ;
#5010 = CARTESIAN_POINT ( 'NONE',  ( -1.499999999999996003, 0.8000000000000001554, 1.300000000000005151 ) ) ;
#5011 = CARTESIAN_POINT ( 'NONE',  ( -1.300000000000002487, 0.1999999999999998723, -0.7999999999999956035 ) ) ;
#5012 = PRESENTATION_LAYER_ASSIGNMENT (  '', '', ( #612 ) ) ;
#5013 = CARTESIAN_POINT ( 'NONE',  ( -1.300000000000000711, 0.2000000000000000944, -0.2999999999999953815 ) ) ;
#5014 = VERTEX_POINT ( 'NONE', #4333 ) ;
#5015 = CARTESIAN_POINT ( 'NONE',  ( 1.299999999999996936, 0.02500000000000006384, -0.8000000000000047073 ) ) ;
#5016 = ORIENTED_EDGE ( 'NONE', *, *, #278, .T. ) ;
#5017 = EDGE_CURVE ( 'NONE', #4655, #5156, #2149, .T. ) ;
#5018 = CARTESIAN_POINT ( 'NONE',  ( 0.7999999999999963807, 0.2000000000000000944, -1.100000000000002975 ) ) ;
#5019 = ORIENTED_EDGE ( 'NONE', *, *, #1432, .T. ) ;
#5020 = CARTESIAN_POINT ( 'NONE',  ( 1.300000000000003819, 0.02500000000000006384, 1.199999999999995293 ) ) ;
#5021 = EDGE_LOOP ( 'NONE', ( #896, #4750, #3689, #4947, #438 ) ) ;
#5022 = DIRECTION ( 'NONE',  ( -1.000000000000000000, 0.000000000000000000, 4.336808689942015369E-15 ) ) ;
#5023 = PRESENTATION_STYLE_ASSIGNMENT (( #2397 ) ) ;
#5024 = CARTESIAN_POINT ( 'NONE',  ( 1.299999999999999822, 0.1999999999999998723, -4.538925740496072573E-15 ) ) ;
#5025 = PRODUCT_DEFINITION ( 'UNKNOWN', '', #1037, #3739 ) ;
#5026 = CARTESIAN_POINT ( 'NONE',  ( 1.047444401652939612E-15, 0.000000000000000000, 0.2999999999999999334 ) ) ;
#5027 = LINE ( 'NONE', #1577, #5197 ) ;
#5028 = ORIENTED_EDGE ( 'NONE', *, *, #2314, .F. ) ;
#5029 = FACE_OUTER_BOUND ( 'NONE', #5369, .T. ) ;
#5030 = PLANE ( 'NONE',  #4728 ) ;
#5031 = DIRECTION ( 'NONE',  ( 0.000000000000000000, 1.000000000000000000, 0.000000000000000000 ) ) ;
#5032 =( LENGTH_UNIT ( ) NAMED_UNIT ( * ) SI_UNIT ( .MILLI., .METRE. ) );
#5033 = ORIENTED_EDGE ( 'NONE', *, *, #1671, .T. ) ;
#5034 = CARTESIAN_POINT ( 'NONE',  ( 0.8499999999999965361, 0.2000000000000000944, -1.100000000000003197 ) ) ;
#5035 = ORIENTED_EDGE ( 'NONE', *, *, #3297, .F. ) ;
#5036 = DIRECTION ( 'NONE',  ( 1.000000000000000000, 0.000000000000000000, -3.491481338843133355E-15 ) ) ;
#5037 = DIRECTION ( 'NONE',  ( 1.000000000000000000, 0.000000000000000000, -3.491481338843133355E-15 ) ) ;
#5038 = FACE_OUTER_BOUND ( 'NONE', #960, .T. ) ;
#5039 = ORIENTED_EDGE ( 'NONE', *, *, #3912, .T. ) ;
#5040 = DIRECTION ( 'NONE',  ( 1.000000000000000000, 0.000000000000000000, -3.252606517456511724E-15 ) ) ;
#5041 = ORIENTED_EDGE ( 'NONE', *, *, #1150, .T. ) ;
#5042 = PLANE ( 'NONE',  #3157 ) ;
#5043 = CARTESIAN_POINT ( 'NONE',  ( 1.499999999999998446, 1.456896669277396583E-16, -0.3000000000000051514 ) ) ;
#5044 = ADVANCED_FACE ( 'NONE', ( #2185 ), #3051, .F. ) ;
#5045 = VERTEX_POINT ( 'NONE', #419 ) ;
#5046 = CARTESIAN_POINT ( 'NONE',  ( 1.500000000000002665, 0.02500000000000006384, 0.8999999999999949152 ) ) ;
#5047 = EDGE_LOOP ( 'NONE', ( #2011, #4540, #3284, #3194 ) ) ;
#5048 = ADVANCED_FACE ( 'NONE', ( #847 ), #2528, .F. ) ;
#5049 = CARTESIAN_POINT ( 'NONE',  ( 1.299999999999995159, 0.2000000000000000944, -1.300000000000004707 ) ) ;
#5050 = DIRECTION ( 'NONE',  ( 1.000000000000000000, 0.000000000000000000, -3.491481338843133355E-15 ) ) ;
#5051 = EDGE_CURVE ( 'NONE', #4970, #1463, #953, .T. ) ;
#5052 = DIRECTION ( 'NONE',  ( 0.000000000000000000, 1.000000000000000000, 0.000000000000000000 ) ) ;
#5053 = PLANE ( 'NONE',  #5420 ) ;
#5054 = CARTESIAN_POINT ( 'NONE',  ( 1.499999999999999112, 0.2000000000000000111, -0.1000000000000052791 ) ) ;
#5055 = EDGE_LOOP ( 'NONE', ( #2815, #4679, #863, #3676 ) ) ;
#5056 = LINE ( 'NONE', #3350, #3190 ) ;
#5057 = ADVANCED_FACE ( 'NONE', ( #4803 ), #2725, .F. ) ;
#5058 = DIRECTION ( 'NONE',  ( 1.000000000000000000, 0.000000000000000000, -3.491481338843133355E-15 ) ) ;
#5059 = EDGE_CURVE ( 'NONE', #4083, #377, #26, .T. ) ;
#5060 = EDGE_LOOP ( 'NONE', ( #3008, #4775, #969, #2739 ) ) ;
#5061 = EDGE_LOOP ( 'NONE', ( #559, #5398, #1606, #3588, #1691, #5120, #1330, #2965 ) ) ;
#5062 = DIRECTION ( 'NONE',  ( 0.000000000000000000, 1.000000000000000000, 0.000000000000000000 ) ) ;
#5063 = DIRECTION ( 'NONE',  ( -1.000000000000000000, 0.000000000000000000, 3.468277731116981327E-15 ) ) ;
#5064 = CIRCLE ( 'NONE', #768, 0.05000000000000002359 ) ;
#5065 = DIRECTION ( 'NONE',  ( 3.491481338843133355E-15, 0.000000000000000000, 1.000000000000000000 ) ) ;
#5066 = DIRECTION ( 'NONE',  ( 1.000000000000000000, 0.000000000000000000, -3.491481338843136511E-15 ) ) ;
#5067 = ORIENTED_EDGE ( 'NONE', *, *, #1656, .F. ) ;
#5068 = CARTESIAN_POINT ( 'NONE',  ( -4.538925740496074151E-15, 0.02500000000000006384, -1.300000000000000266 ) ) ;
#5069 = ORIENTED_EDGE ( 'NONE', *, *, #5283, .T. ) ;
#5070 = PRESENTATION_LAYER_ASSIGNMENT (  '', '', ( #5250 ) ) ;
#5071 = AXIS2_PLACEMENT_3D ( 'NONE', #4292, #2578, #2967 ) ;
#5072 = SURFACE_STYLE_FILL_AREA ( #4206 ) ;
#5073 = DIRECTION ( 'NONE',  ( -1.000000000000000000, 0.000000000000000000, 3.491481338843133355E-15 ) ) ;
#5074 = ORIENTED_EDGE ( 'NONE', *, *, #5239, .T. ) ;
#5075 = CARTESIAN_POINT ( 'NONE',  ( 1.300000000000001377, 0.2000000000000000944, 0.4999999999999954481 ) ) ;
#5076 = ORIENTED_EDGE ( 'NONE', *, *, #1249, .T. ) ;
#5077 = CARTESIAN_POINT ( 'NONE',  ( 1.499999999999999556, 0.2000000000000000944, -5.237222008264698455E-15 ) ) ;
#5078 = VECTOR ( 'NONE', #9, 1000.000000000000114 ) ;
#5079 = VECTOR ( 'NONE', #593, 1000.000000000000000 ) ;
#5080 = PLANE ( 'NONE',  #3733 ) ;
#5081 = AXIS2_PLACEMENT_3D ( 'NONE', #4602, #1491, #4477 ) ;
#5082 = CARTESIAN_POINT ( 'NONE',  ( -0.5000000000000036637, 0.2000000000000000944, -1.149999999999998357 ) ) ;
#5083 = APPLICATION_CONTEXT ( 'automotive_design' ) ;
#5084 = DIRECTION ( 'NONE',  ( -1.000000000000000000, 0.000000000000000000, 3.252606517456511724E-15 ) ) ;
#5085 = ORIENTED_EDGE ( 'NONE', *, *, #4210, .F. ) ;
#5086 = DIRECTION ( 'NONE',  ( -1.000000000000000000, 0.000000000000000000, 3.491481338843133355E-15 ) ) ;
#5087 = LINE ( 'NONE', #363, #5264 ) ;
#5088 = VECTOR ( 'NONE', #5595, 1000.000000000000000 ) ;
#5089 = ADVANCED_FACE ( 'NONE', ( #3179 ), #4068, .F. ) ;
#5090 = VECTOR ( 'NONE', #4074, 1000.000000000000000 ) ;
#5091 = ORIENTED_EDGE ( 'NONE', *, *, #4752, .F. ) ;
#5092 = CIRCLE ( 'NONE', #3012, 0.1000000000000000472 ) ;
#5093 = LINE ( 'NONE', #5126, #3108 ) ;
#5094 = ORIENTED_EDGE ( 'NONE', *, *, #2306, .F. ) ;
#5095 = PLANE ( 'NONE',  #1813 ) ;
#5096 = EDGE_CURVE ( 'NONE', #1032, #915, #357, .T. ) ;
#5097 = CARTESIAN_POINT ( 'NONE',  ( 2.444036937190192954E-15, 0.000000000000000000, 0.6999999999999998446 ) ) ;
#5098 = AXIS2_PLACEMENT_3D ( 'NONE', #844, #1232, #2616 ) ;
#5099 = VECTOR ( 'NONE', #3207, 1000.000000000000000 ) ;
#5100 = DIRECTION ( 'NONE',  ( 1.000000000000000000, -0.000000000000000000, -3.491481338843133355E-15 ) ) ;
#5101 = EDGE_CURVE ( 'NONE', #3528, #2219, #1140, .T. ) ;
#5102 = CARTESIAN_POINT ( 'NONE',  ( -1.499999999999996891, 0.2000000000000000944, 0.9000000000000053513 ) ) ;
#5103 = AXIS2_PLACEMENT_3D ( 'NONE', #4951, #2034, #5518 ) ;
#5104 = DIRECTION ( 'NONE',  ( 0.000000000000000000, -1.000000000000000000, 0.000000000000000000 ) ) ;
#5105 = ORIENTED_EDGE ( 'NONE', *, *, #5293, .T. ) ;
#5106 = EDGE_CURVE ( 'NONE', #1438, #1886, #3016, .T. ) ;
#5107 = ORIENTED_EDGE ( 'NONE', *, *, #4924, .F. ) ;
#5108 = AXIS2_PLACEMENT_3D ( 'NONE', #3384, #3320, #3440 ) ;
#5109 = DIRECTION ( 'NONE',  ( -1.000000000000000000, 0.000000000000000000, 4.336808689942015369E-15 ) ) ;
#5110 = DIRECTION ( 'NONE',  ( -1.000000000000000000, 0.000000000000000000, 3.491481338843133355E-15 ) ) ;
#5111 = ORIENTED_EDGE ( 'NONE', *, *, #3833, .F. ) ;
#5112 = DIRECTION ( 'NONE',  ( 1.000000000000000000, 0.000000000000000000, -3.491481338843133355E-15 ) ) ;
#5113 = ORIENTED_EDGE ( 'NONE', *, *, #2255, .F. ) ;
#5114 = VERTEX_POINT ( 'NONE', #4302 ) ;
#5115 = LINE ( 'NONE', #2082, #2444 ) ;
#5116 = DIRECTION ( 'NONE',  ( 1.000000000000000000, 0.000000000000000000, -3.491481338843133355E-15 ) ) ;
#5117 = DIRECTION ( 'NONE',  ( -1.000000000000000000, 0.000000000000000000, 3.491481338843133355E-15 ) ) ;
#5118 = DIRECTION ( 'NONE',  ( 0.000000000000000000, 1.000000000000000000, 0.000000000000000000 ) ) ;
#5119 = CARTESIAN_POINT ( 'NONE',  ( -1.499999999999996669, 0.2000000000000000944, 0.9000000000000052403 ) ) ;
#5120 = ORIENTED_EDGE ( 'NONE', *, *, #693, .F. ) ;
#5121 = LINE ( 'NONE', #702, #51 ) ;
#5122 = DIRECTION ( 'NONE',  ( 3.636041628507867543E-15, 0.000000000000000000, 1.000000000000000000 ) ) ;
#5123 = CARTESIAN_POINT ( 'NONE',  ( -1.200000000000003730, -3.660069929215019169, -1.199999999999995737 ) ) ;
#5124 = DIRECTION ( 'NONE',  ( -1.000000000000000000, -0.000000000000000000, 3.491481338843133355E-15 ) ) ;
#5125 = ORIENTED_EDGE ( 'NONE', *, *, #3526, .F. ) ;
#5126 = CARTESIAN_POINT ( 'NONE',  ( 1.500000000000001110, 0.8000000000000001554, 0.4999999999999947820 ) ) ;
#5127 = VERTEX_POINT ( 'NONE', #5623 ) ;
#5128 = ADVANCED_FACE ( 'NONE', ( #4432 ), #5671, .F. ) ;
#5129 = DIRECTION ( 'NONE',  ( -3.491481338843133355E-15, 0.000000000000000000, -1.000000000000000000 ) ) ;
#5130 = DIRECTION ( 'NONE',  ( -0.000000000000000000, -1.000000000000000000, -0.000000000000000000 ) ) ;
#5131 = DIRECTION ( 'NONE',  ( -0.000000000000000000, -1.000000000000000000, -0.000000000000000000 ) ) ;
#5132 = DIRECTION ( 'NONE',  ( -1.000000000000000000, 0.000000000000000000, 3.636041628507867543E-15 ) ) ;
#5133 = EDGE_CURVE ( 'NONE', #4483, #1762, #413, .T. ) ;
#5134 = DIRECTION ( 'NONE',  ( -0.000000000000000000, -1.000000000000000000, -0.000000000000000000 ) ) ;
#5135 = ORIENTED_EDGE ( 'NONE', *, *, #4565, .F. ) ;
#5136 = DIRECTION ( 'NONE',  ( 1.000000000000000000, -0.000000000000000000, -3.491481338843133355E-15 ) ) ;
#5137 = ORIENTED_EDGE ( 'NONE', *, *, #2374, .T. ) ;
#5138 = EDGE_CURVE ( 'NONE', #724, #3598, #5227, .T. ) ;
#5139 = LINE ( 'NONE', #4589, #1045 ) ;
#5140 = PLANE ( 'NONE',  #3162 ) ;
#5141 = ORIENTED_EDGE ( 'NONE', *, *, #2374, .F. ) ;
#5142 = EDGE_LOOP ( 'NONE', ( #3356, #5474, #1709, #5256, #1131 ) ) ;
#5143 = ORIENTED_EDGE ( 'NONE', *, *, #5175, .T. ) ;
#5144 = ADVANCED_FACE ( 'NONE', ( #3947 ), #21, .F. ) ;
#5145 = DIRECTION ( 'NONE',  ( 0.000000000000000000, 1.000000000000000000, 0.000000000000000000 ) ) ;
#5146 = FACE_OUTER_BOUND ( 'NONE', #3290, .T. ) ;
#5147 = FACE_OUTER_BOUND ( 'NONE', #2015, .T. ) ;
#5148 = DIRECTION ( 'NONE',  ( -1.000000000000000000, 0.000000000000000000, 3.252606517456511724E-15 ) ) ;
#5149 = CARTESIAN_POINT ( 'NONE',  ( 0.8000000000000040412, 0.02500000000000006384, 1.149999999999997247 ) ) ;
#5150 = ORIENTED_EDGE ( 'NONE', *, *, #999, .F. ) ;
#5151 = FACE_OUTER_BOUND ( 'NONE', #4147, .T. ) ;
#5152 = DIRECTION ( 'NONE',  ( -0.000000000000000000, -1.000000000000000000, -0.000000000000000000 ) ) ;
#5153 = DIRECTION ( 'NONE',  ( 1.000000000000000000, 0.000000000000000000, -3.636041628507867543E-15 ) ) ;
#5154 = EDGE_LOOP ( 'NONE', ( #1544, #2753, #4131, #748 ) ) ;
#5155 = DIRECTION ( 'NONE',  ( 3.491481338843133355E-15, 0.000000000000000000, 1.000000000000000000 ) ) ;
#5156 = VERTEX_POINT ( 'NONE', #3289 ) ;
#5157 = LINE ( 'NONE', #5380, #2349 ) ;
#5158 = LINE ( 'NONE', #1238, #940 ) ;
#5159 = CARTESIAN_POINT ( 'NONE',  ( 1.300000000000002487, 0.2000000000000000944, 0.7999999999999953815 ) ) ;
#5160 = DIRECTION ( 'NONE',  ( -0.000000000000000000, 1.000000000000000000, -0.000000000000000000 ) ) ;
#5161 = ORIENTED_EDGE ( 'NONE', *, *, #3110, .T. ) ;
#5162 = ORIENTED_EDGE ( 'NONE', *, *, #3717, .F. ) ;
#5163 = EDGE_CURVE ( 'NONE', #2260, #5263, #4119, .T. ) ;
#5164 = LINE ( 'NONE', #219, #4042 ) ;
#5165 = AXIS2_PLACEMENT_3D ( 'NONE', #2819, #706, #201 ) ;
#5166 = ORIENTED_EDGE ( 'NONE', *, *, #3948, .F. ) ;
#5167 = CARTESIAN_POINT ( 'NONE',  ( -1.500000000000003553, 0.2000000000000000111, -1.099999999999994538 ) ) ;
#5168 = ORIENTED_EDGE ( 'NONE', *, *, #3218, .T. ) ;
#5169 =( GEOMETRIC_REPRESENTATION_CONTEXT ( 3 ) GLOBAL_UNCERTAINTY_ASSIGNED_CONTEXT ( ( #1041 ) ) GLOBAL_UNIT_ASSIGNED_CONTEXT ( ( #2872, #4969, #3239 ) ) REPRESENTATION_CONTEXT ( 'NONE', 'WORKASPACE' ) );
#5170 = ADVANCED_FACE ( 'NONE', ( #5473 ), #3652, .T. ) ;
#5171 = ORIENTED_EDGE ( 'NONE', *, *, #2165, .T. ) ;
#5172 = AXIS2_PLACEMENT_3D ( 'NONE', #4135, #1976, #3723 ) ;
#5173 = DIRECTION ( 'NONE',  ( 0.000000000000000000, 1.000000000000000000, 0.000000000000000000 ) ) ;
#5174 = DIRECTION ( 'NONE',  ( 3.491481338843133355E-15, 0.000000000000000000, 1.000000000000000000 ) ) ;
#5175 = EDGE_CURVE ( 'NONE', #2448, #4466, #4987, .T. ) ;
#5176 = PLANE ( 'NONE',  #1994 ) ;
#5177 = CARTESIAN_POINT ( 'NONE',  ( 1.300000000000002487, 0.2000000000000000944, 0.7999999999999953815 ) ) ;
#5178 = VECTOR ( 'NONE', #5463, 1000.000000000000000 ) ;
#5179 = PRESENTATION_LAYER_ASSIGNMENT (  '', '', ( #38 ) ) ;
#5180 = ORIENTED_EDGE ( 'NONE', *, *, #4681, .T. ) ;
#5181 = LINE ( 'NONE', #793, #5451 ) ;
#5182 = DIRECTION ( 'NONE',  ( 1.000000000000000000, 0.000000000000000000, -3.491481338843133355E-15 ) ) ;
#5183 = AXIS2_PLACEMENT_3D ( 'NONE', #1887, #5486, #3637 ) ;
#5184 = VECTOR ( 'NONE', #5669, 1000.000000000000000 ) ;
#5185 = FACE_OUTER_BOUND ( 'NONE', #2781, .T. ) ;
#5186 = ORIENTED_EDGE ( 'NONE', *, *, #3120, .F. ) ;
#5187 = CARTESIAN_POINT ( 'NONE',  ( 1.299999999999998046, -3.660069929215019169, -0.5000000000000045519 ) ) ;
#5188 = ORIENTED_EDGE ( 'NONE', *, *, #1758, .T. ) ;
#5189 = LINE ( 'NONE', #8, #5447 ) ;
#5190 = FACE_OUTER_BOUND ( 'NONE', #4743, .T. ) ;
#5191 = DIRECTION ( 'NONE',  ( 1.000000000000000000, -0.000000000000000000, -3.491481338843133355E-15 ) ) ;
#5192 = CIRCLE ( 'NONE', #144, 0.1000000000000000472 ) ;
#5193 = CARTESIAN_POINT ( 'NONE',  ( -1.500000000000000888, 0.02500000000000006384, 5.237222008264703188E-15 ) ) ;
#5194 = VERTEX_POINT ( 'NONE', #1013 ) ;
#5195 = VECTOR ( 'NONE', #654, 1000.000000000000000 ) ;
#5196 = EDGE_LOOP ( 'NONE', ( #1925, #4578, #3226, #722 ) ) ;
#5197 = VECTOR ( 'NONE', #3680, 1000.000000000000000 ) ;
#5198 = CARTESIAN_POINT ( 'NONE',  ( 1.500000000000002665, 2.168404344971008868E-16, 0.8999999999999949152 ) ) ;
#5199 = VERTEX_POINT ( 'NONE', #600 ) ;
#5200 = DIRECTION ( 'NONE',  ( 0.000000000000000000, 1.000000000000000000, 0.000000000000000000 ) ) ;
#5201 = ORIENTED_EDGE ( 'NONE', *, *, #5601, .T. ) ;
#5202 = ORIENTED_EDGE ( 'NONE', *, *, #1677, .F. ) ;
#5203 = CARTESIAN_POINT ( 'NONE',  ( -1.500000000000001776, 0.8000000000000001554, -0.2999999999999946598 ) ) ;
#5204 = EDGE_CURVE ( 'NONE', #2451, #3369, #984, .T. ) ;
#5205 = SURFACE_STYLE_FILL_AREA ( #464 ) ;
#5206 = VECTOR ( 'NONE', #269, 1000.000000000000000 ) ;
#5207 = ORIENTED_EDGE ( 'NONE', *, *, #4976, .F. ) ;
#5208 = DIRECTION ( 'NONE',  ( 1.000000000000000000, 0.000000000000000000, -3.491481338843133355E-15 ) ) ;
#5209 = CARTESIAN_POINT ( 'NONE',  ( 3.142333204958820414E-15, 0.000000000000000000, 0.9000000000000001332 ) ) ;
#5210 = DIRECTION ( 'NONE',  ( 3.636041628507867543E-15, 0.000000000000000000, 1.000000000000000000 ) ) ;
#5211 = ADVANCED_FACE ( 'NONE', ( #1542 ), #1453, .F. ) ;
#5212 = FACE_OUTER_BOUND ( 'NONE', #4744, .T. ) ;
#5213 = ORIENTED_EDGE ( 'NONE', *, *, #2198, .F. ) ;
#5214 = DIRECTION ( 'NONE',  ( -1.000000000000000000, 0.000000000000000000, 3.491481338843133355E-15 ) ) ;
#5215 = VERTEX_POINT ( 'NONE', #1039 ) ;
#5216 = EDGE_CURVE ( 'NONE', #1494, #4043, #3080, .T. ) ;
#5217 = DIRECTION ( 'NONE',  ( -1.000000000000000000, 0.000000000000000000, 3.491481338843133355E-15 ) ) ;
#5218 = LINE ( 'NONE', #2033, #871 ) ;
#5219 = ORIENTED_EDGE ( 'NONE', *, *, #1824, .F. ) ;
#5220 = VERTEX_POINT ( 'NONE', #2836 ) ;
#5221 = ADVANCED_FACE ( 'NONE', ( #4495 ), #142, .F. ) ;
#5222 = ORIENTED_EDGE ( 'NONE', *, *, #5133, .F. ) ;
#5223 = DIRECTION ( 'NONE',  ( -1.000000000000000000, 0.000000000000000000, 3.252606517456511724E-15 ) ) ;
#5224 = ORIENTED_EDGE ( 'NONE', *, *, #1243, .T. ) ;
#5225 = LINE ( 'NONE', #5203, #1826 ) ;
#5226 = LINE ( 'NONE', #925, #4901 ) ;
#5227 = LINE ( 'NONE', #2205, #3520 ) ;
#5228 = ADVANCED_FACE ( 'NONE', ( #1955 ), #4561, .F. ) ;
#5229 = FACE_OUTER_BOUND ( 'NONE', #5509, .T. ) ;
#5230 = ORIENTED_EDGE ( 'NONE', *, *, #1845, .F. ) ;
#5231 = CARTESIAN_POINT ( 'NONE',  ( 1.499999999999996225, 0.8000000000000001554, -0.9000000000000054623 ) ) ;
#5232 = EDGE_CURVE ( 'NONE', #1762, #5649, #4060, .T. ) ;
#5233 = LINE ( 'NONE', #4804, #2158 ) ;
#5234 = VERTEX_POINT ( 'NONE', #2859 ) ;
#5235 = DIRECTION ( 'NONE',  ( -3.491481338843133355E-15, 0.000000000000000000, -1.000000000000000000 ) ) ;
#5236 = VERTEX_POINT ( 'NONE', #4590 ) ;
#5237 = DIRECTION ( 'NONE',  ( 0.000000000000000000, 1.000000000000000000, 0.000000000000000000 ) ) ;
#5238 = CARTESIAN_POINT ( 'NONE',  ( 3.142333204958820414E-15, 0.02500000000000006384, 0.9000000000000001332 ) ) ;
#5239 = EDGE_CURVE ( 'NONE', #1371, #5666, #652, .T. ) ;
#5240 = EDGE_LOOP ( 'NONE', ( #1235, #3062, #5, #4982, #2666 ) ) ;
#5241 = ORIENTED_EDGE ( 'NONE', *, *, #590, .F. ) ;
#5242 = CARTESIAN_POINT ( 'NONE',  ( -1.499999999999999112, 0.02500000000000006384, 0.1000000000000052791 ) ) ;
#5243 = ORIENTED_EDGE ( 'NONE', *, *, #4487, .F. ) ;
#5244 = DIRECTION ( 'NONE',  ( 1.000000000000000000, 0.000000000000000000, -2.710505431213759902E-15 ) ) ;
#5245 = ORIENTED_EDGE ( 'NONE', *, *, #3692, .F. ) ;
#5246 = CARTESIAN_POINT ( 'NONE',  ( -1.500000000000001332, 2.168404344971008868E-16, -0.4999999999999947820 ) ) ;
#5247 = VECTOR ( 'NONE', #527, 1000.000000000000000 ) ;
#5248 = DIRECTION ( 'NONE',  ( 0.000000000000000000, 1.000000000000000000, 0.000000000000000000 ) ) ;
#5249 = VECTOR ( 'NONE', #1963, 1000.000000000000000 ) ;
#5250 = STYLED_ITEM ( 'NONE', ( #4731 ), #2775 ) ;
#5251 = AXIS2_PLACEMENT_3D ( 'NONE', #5018, #571, #4096 ) ;
#5252 = CARTESIAN_POINT ( 'NONE',  ( -1.500000000000000666, 0.2000000000000000944, -0.09999999999999481526 ) ) ;
#5253 = DIRECTION ( 'NONE',  ( 0.000000000000000000, 1.000000000000000000, 0.000000000000000000 ) ) ;
#5254 = CIRCLE ( 'NONE', #3167, 0.1000000000000000472 ) ;
#5255 = LINE ( 'NONE', #3183, #2891 ) ;
#5256 = ORIENTED_EDGE ( 'NONE', *, *, #1790, .F. ) ;
#5257 = CARTESIAN_POINT ( 'NONE',  ( 1.299999999999998046, -3.660069929215019169, -0.5000000000000045519 ) ) ;
#5258 = ORIENTED_EDGE ( 'NONE', *, *, #4027, .F. ) ;
#5259 = CARTESIAN_POINT ( 'NONE',  ( -1.299999999999996714, 0.02500000000000006384, 0.9000000000000046851 ) ) ;
#5260 = ADVANCED_FACE ( 'NONE', ( #1905 ), #1930, .F. ) ;
#5261 = VECTOR ( 'NONE', #3058, 1000.000000000000000 ) ;
#5262 = PLANE ( 'NONE',  #2903 ) ;
#5263 = VERTEX_POINT ( 'NONE', #4465 ) ;
#5264 = VECTOR ( 'NONE', #2469, 1000.000000000000000 ) ;
#5265 = EDGE_CURVE ( 'NONE', #3047, #1449, #3877, .T. ) ;
#5266 = ORIENTED_EDGE ( 'NONE', *, *, #3550, .F. ) ;
#5267 = AXIS2_PLACEMENT_3D ( 'NONE', #4094, #167, #2064 ) ;
#5268 = LINE ( 'NONE', #5242, #4980 ) ;
#5269 = VECTOR ( 'NONE', #2020, 1000.000000000000000 ) ;
#5270 = EDGE_CURVE ( 'NONE', #3646, #5666, #2892, .T. ) ;
#5271 = VECTOR ( 'NONE', #5288, 1000.000000000000000 ) ;
#5272 = AXIS2_PLACEMENT_3D ( 'NONE', #2521, #3849, #1703 ) ;
#5273 = CARTESIAN_POINT ( 'NONE',  ( -1.500000000000002665, 0.02500000000000006384, -0.8999999999999951372 ) ) ;
#5274 = ORIENTED_EDGE ( 'NONE', *, *, #1850, .T. ) ;
#5275 = LINE ( 'NONE', #3442, #1338 ) ;
#5276 = LINE ( 'NONE', #3139, #2544 ) ;
#5277 = AXIS2_PLACEMENT_3D ( 'NONE', #3727, #5132, #3280 ) ;
#5278 = VECTOR ( 'NONE', #2231, 1000.000000000000000 ) ;
#5279 = CARTESIAN_POINT ( 'NONE',  ( -1.499999999999999556, 0.02500000000000006384, 5.237222008264698455E-15 ) ) ;
#5280 = CIRCLE ( 'NONE', #5007, 0.1250421398215223190 ) ;
#5281 = UNCERTAINTY_MEASURE_WITH_UNIT (LENGTH_MEASURE( 1.000000000000000082E-05 ), #868, 'distance_accuracy_value', 'NONE');
#5282 = COLOUR_RGB ( '',1.000000000000000000, 1.000000000000000000, 1.000000000000000000 ) ;
#5283 = EDGE_CURVE ( 'NONE', #1476, #921, #1507, .T. ) ;
#5284 = LINE ( 'NONE', #955, #1360 ) ;
#5285 = DIRECTION ( 'NONE',  ( 1.000000000000000000, 0.000000000000000000, -3.491481338843133355E-15 ) ) ;
#5286 = ORIENTED_EDGE ( 'NONE', *, *, #841, .F. ) ;
#5287 = VERTEX_POINT ( 'NONE', #1694 ) ;
#5288 = DIRECTION ( 'NONE',  ( 0.000000000000000000, 1.000000000000000000, 0.000000000000000000 ) ) ;
#5289 = CARTESIAN_POINT ( 'NONE',  ( -0.5000000000000037748, 0.1999999999999998723, -1.149999999999998135 ) ) ;
#5290 = CARTESIAN_POINT ( 'NONE',  ( 2.444036937190192954E-15, 0.000000000000000000, 0.6999999999999998446 ) ) ;
#5291 = CARTESIAN_POINT ( 'NONE',  ( -1.199999999999998401, -3.660069929215019169, 0.4000000000000041855 ) ) ;
#5292 = ORIENTED_EDGE ( 'NONE', *, *, #5494, .F. ) ;
#5293 = EDGE_CURVE ( 'NONE', #3939, #307, #25, .T. ) ;
#5294 = VERTEX_POINT ( 'NONE', #2921 ) ;
#5295 = DIRECTION ( 'NONE',  ( 0.000000000000000000, 1.000000000000000000, 0.000000000000000000 ) ) ;
#5296 = DIRECTION ( 'NONE',  ( 3.491481338843133355E-15, 0.000000000000000000, 1.000000000000000000 ) ) ;
#5297 = LINE ( 'NONE', #942, #5079 ) ;
#5298 = EDGE_LOOP ( 'NONE', ( #2419, #5137, #3613, #3881 ) ) ;
#5299 = CYLINDRICAL_SURFACE ( 'NONE', #4146, 0.1000000000000000472 ) ;
#5300 = EDGE_CURVE ( 'NONE', #4194, #3313, #1663, .T. ) ;
#5301 = CARTESIAN_POINT ( 'NONE',  ( -1.299999999999996714, 0.1999999999999998723, 0.9000000000000045741 ) ) ;
#5302 = ADVANCED_FACE ( 'NONE', ( #3374 ), #3779, .F. ) ;
#5303 = CARTESIAN_POINT ( 'NONE',  ( 1.499999999999995781, 2.168404344971008868E-16, -1.100000000000004974 ) ) ;
#5304 = CARTESIAN_POINT ( 'NONE',  ( -1.300000000000001377, 0.1999999999999999278, -0.4999999999999954481 ) ) ;
#5305 = ORIENTED_EDGE ( 'NONE', *, *, #877, .F. ) ;
#5306 = LINE ( 'NONE', #4036, #1445 ) ;
#5307 = VERTEX_POINT ( 'NONE', #3315 ) ;
#5308 = LINE ( 'NONE', #1397, #233 ) ;
#5309 = CARTESIAN_POINT ( 'NONE',  ( 1.499999999999997113, 1.456896669277396583E-16, -0.7000000000000052847 ) ) ;
#5310 = DIRECTION ( 'NONE',  ( 0.000000000000000000, 1.000000000000000000, 0.000000000000000000 ) ) ;
#5311 = LINE ( 'NONE', #5198, #3872 ) ;
#5312 = FILL_AREA_STYLE_COLOUR ( '', #3797 ) ;
#5313 = ORIENTED_EDGE ( 'NONE', *, *, #4678, .T. ) ;
#5314 = VERTEX_POINT ( 'NONE', #5043 ) ;
#5315 = LINE ( 'NONE', #2240, #4415 ) ;
#5316 = ADVANCED_FACE ( 'NONE', ( #3758 ), #1192, .T. ) ;
#5317 = ORIENTED_EDGE ( 'NONE', *, *, #1790, .T. ) ;
#5318 = DIRECTION ( 'NONE',  ( 1.000000000000000000, 0.000000000000000000, -4.336808689942015369E-15 ) ) ;
#5319 = ORIENTED_EDGE ( 'NONE', *, *, #4439, .F. ) ;
#5320 = FACE_OUTER_BOUND ( 'NONE', #1281, .T. ) ;
#5321 = VERTEX_POINT ( 'NONE', #2948 ) ;
#5322 = DIRECTION ( 'NONE',  ( 0.000000000000000000, 1.000000000000000000, 0.000000000000000000 ) ) ;
#5323 = DIRECTION ( 'NONE',  ( 3.491481338843133355E-15, -0.000000000000000000, 1.000000000000000000 ) ) ;
#5324 = EDGE_CURVE ( 'NONE', #4787, #2552, #774, .T. ) ;
#5326 = ORIENTED_EDGE ( 'NONE', *, *, #4568, .F. ) ;
#5325 = ADVANCED_BREP_SHAPE_REPRESENTATION ( 'MAX17261METD+', ( #855, #2775, #2741, #732, #4577, #832, #2633, #2683, #4668, #4625, #4596, #2708, #686, #4461, #2698, #4479, #4566, #5413 ), #479 ) ;
#5327 = COLOUR_RGB ( '',1.000000000000000000, 1.000000000000000000, 1.000000000000000000 ) ;
#5328 = DIRECTION ( 'NONE',  ( -1.000000000000000000, -0.000000000000000000, 3.491481338843133355E-15 ) ) ;
#5329 = DIRECTION ( 'NONE',  ( -0.7071067811865504593, 0.000000000000000000, -0.7071067811865446862 ) ) ;
#5330 = VECTOR ( 'NONE', #3026, 1000.000000000000000 ) ;
#5331 = CARTESIAN_POINT ( 'NONE',  ( -1.199999999999999734, 2.168404344971008868E-16, 4.189777606611758449E-15 ) ) ;
#5332 = FACE_OUTER_BOUND ( 'NONE', #791, .T. ) ;
#5333 = EDGE_LOOP ( 'NONE', ( #1664, #2151, #1974, #551 ) ) ;
#5334 = AXIS2_PLACEMENT_3D ( 'NONE', #2699, #1779, #495 ) ;
#5335 = DIRECTION ( 'NONE',  ( -3.491481338843133355E-15, 0.000000000000000000, -1.000000000000000000 ) ) ;
#5336 = ORIENTED_EDGE ( 'NONE', *, *, #3827, .T. ) ;
#5337 = AXIS2_PLACEMENT_3D ( 'NONE', #4224, #5062, #5516 ) ;
#5338 = CARTESIAN_POINT ( 'NONE',  ( 1.299999999999995826, 0.02500000000000006384, -1.100000000000004308 ) ) ;
#5339 = LINE ( 'NONE', #3993, #5078 ) ;
#5340 = LINE ( 'NONE', #503, #112 ) ;
#5341 = CIRCLE ( 'NONE', #4723, 0.1000000000000000472 ) ;
#5342 = ORIENTED_EDGE ( 'NONE', *, *, #1401, .T. ) ;
#5343 = ORIENTED_EDGE ( 'NONE', *, *, #3054, .T. ) ;
#5344 = AXIS2_PLACEMENT_3D ( 'NONE', #4341, #5131, #4789 ) ;
#5345 = MECHANICAL_DESIGN_GEOMETRIC_PRESENTATION_REPRESENTATION (  '', ( #957 ), #2436 ) ;
#5346 = CARTESIAN_POINT ( 'NONE',  ( 0.7999999999999961586, 0.2000000000000000944, -1.150000000000003020 ) ) ;
#5347 = VECTOR ( 'NONE', #2310, 1000.000000000000000 ) ;
#5348 = EDGE_LOOP ( 'NONE', ( #3291, #5085, #2076, #5039, #3936 ) ) ;
#5349 = CARTESIAN_POINT ( 'NONE',  ( -1.500000000000005995, 0.2000000000000000944, -1.499999999999994449 ) ) ;
#5350 = ORIENTED_EDGE ( 'NONE', *, *, #1531, .T. ) ;
#5351 = AXIS2_PLACEMENT_3D ( 'NONE', #3118, #924, #2690 ) ;
#5352 = DIRECTION ( 'NONE',  ( -1.000000000000000000, 0.000000000000000000, 3.491481338843133355E-15 ) ) ;
#5353 = EDGE_LOOP ( 'NONE', ( #1006, #1129 ) ) ;
#5354 = LINE ( 'NONE', #2750, #1063 ) ;
#5355 = AXIS2_PLACEMENT_3D ( 'NONE', #411, #1367, #3474 ) ;
#5356 = EDGE_CURVE ( 'NONE', #2949, #937, #311, .T. ) ;
#5357 = AXIS2_PLACEMENT_3D ( 'NONE', #802, #33, #2130 ) ;
#5358 = DIRECTION ( 'NONE',  ( -0.000000000000000000, -1.000000000000000000, -0.000000000000000000 ) ) ;
#5359 = AXIS2_PLACEMENT_3D ( 'NONE', #1846, #1475, #1446 ) ;
#5360 = EDGE_CURVE ( 'NONE', #2438, #4306, #2510, .T. ) ;
#5361 = DIRECTION ( 'NONE',  ( -0.7071067811865445751, 0.000000000000000000, 0.7071067811865503483 ) ) ;
#5362 = VECTOR ( 'NONE', #3386, 1000.000000000000000 ) ;
#5363 = EDGE_CURVE ( 'NONE', #2531, #2038, #4682, .T. ) ;
#5364 = CLOSED_SHELL ( 'NONE', ( #1807, #4933, #4818, #4747 ) ) ;
#5365 = FACE_OUTER_BOUND ( 'NONE', #3737, .T. ) ;
#5366 = LINE ( 'NONE', #4938, #1511 ) ;
#5367 = ORIENTED_EDGE ( 'NONE', *, *, #1023, .T. ) ;
#5368 = CARTESIAN_POINT ( 'NONE',  ( -1.499999999999995781, 0.1999999999999998723, 1.100000000000004974 ) ) ;
#5369 = EDGE_LOOP ( 'NONE', ( #3109, #1364, #405, #1298 ) ) ;
#5370 = CARTESIAN_POINT ( 'NONE',  ( -1.300000000000000266, 0.2000000000000000944, -0.09999999999999550915 ) ) ;
#5371 = LINE ( 'NONE', #5291, #1710 ) ;
#5372 = ORIENTED_EDGE ( 'NONE', *, *, #1382, .T. ) ;
#5373 = ORIENTED_EDGE ( 'NONE', *, *, #4849, .F. ) ;
#5374 = LINE ( 'NONE', #4949, #2248 ) ;
#5375 = ORIENTED_EDGE ( 'NONE', *, *, #2172, .F. ) ;
#5376 = PLANE ( 'NONE',  #4421 ) ;
#5377 = ORIENTED_EDGE ( 'NONE', *, *, #5106, .T. ) ;
#5378 = CARTESIAN_POINT ( 'NONE',  ( -1.299999999999995604, -6.505213034913026604E-16, 1.200000000000004396 ) ) ;
#5379 = EDGE_LOOP ( 'NONE', ( #3053, #2534, #5422, #3958 ) ) ;
#5380 = CARTESIAN_POINT ( 'NONE',  ( -1.299999999999998046, 0.2000000000000000944, 0.5000000000000045519 ) ) ;
#5381 = LINE ( 'NONE', #4958, #4038 ) ;
#5382 = DIRECTION ( 'NONE',  ( 1.000000000000000000, 0.000000000000000000, -3.252606517456511724E-15 ) ) ;
#5383 = ORIENTED_EDGE ( 'NONE', *, *, #1789, .F. ) ;
#5384 = ADVANCED_FACE ( 'NONE', ( #2885 ), #2977, .F. ) ;
#5385 = FACE_OUTER_BOUND ( 'NONE', #1938, .T. ) ;
#5386 = EDGE_CURVE ( 'NONE', #245, #2242, #5561, .T. ) ;
#5387 = LINE ( 'NONE', #3233, #420 ) ;
#5388 = LINE ( 'NONE', #3710, #2659 ) ;
#5389 = ORIENTED_EDGE ( 'NONE', *, *, #787, .F. ) ;
#5390 = CARTESIAN_POINT ( 'NONE',  ( -1.500000000000001332, 0.02500000000000006384, -0.4999999999999947820 ) ) ;
#5391 = ORIENTED_EDGE ( 'NONE', *, *, #1418, .F. ) ;
#5392 = DIRECTION ( 'NONE',  ( -1.000000000000000000, -0.000000000000000000, 3.762531881964509464E-15 ) ) ;
#5393 = ADVANCED_FACE ( 'NONE', ( #683 ), #5140, .F. ) ;
#5394 = CARTESIAN_POINT ( 'NONE',  ( 1.199999999999998401, 0.2000000000000000944, -0.4000000000000041855 ) ) ;
#5395 = PLANE ( 'NONE',  #5165 ) ;
#5396 = EDGE_CURVE ( 'NONE', #3528, #1463, #1593, .T. ) ;
#5397 =( NAMED_UNIT ( * ) PLANE_ANGLE_UNIT ( ) SI_UNIT ( $, .RADIAN. ) );
#5398 = ORIENTED_EDGE ( 'NONE', *, *, #3944, .F. ) ;
#5399 = ORIENTED_EDGE ( 'NONE', *, *, #3927, .T. ) ;
#5400 = LINE ( 'NONE', #2386, #1960 ) ;
#5401 = DIRECTION ( 'NONE',  ( 0.000000000000000000, 1.000000000000000000, 0.000000000000000000 ) ) ;
#5402 = ADVANCED_FACE ( 'NONE', ( #721 ), #279, .F. ) ;
#5403 = CARTESIAN_POINT ( 'NONE',  ( -1.499999999999997335, 0.8000000000000001554, 0.9000000000000053513 ) ) ;
#5404 = VERTEX_POINT ( 'NONE', #2792 ) ;
#5405 = FACE_OUTER_BOUND ( 'NONE', #5196, .T. ) ;
#5406 = ORIENTED_EDGE ( 'NONE', *, *, #1715, .F. ) ;
#5407 = CARTESIAN_POINT ( 'NONE',  ( 1.499999999999997113, 0.2000000000000000944, -0.7000000000000052847 ) ) ;
#5408 = LINE ( 'NONE', #4007, #570 ) ;
#5409 = DIRECTION ( 'NONE',  ( 0.000000000000000000, 1.000000000000000000, 0.000000000000000000 ) ) ;
#5410 = ORIENTED_EDGE ( 'NONE', *, *, #2428, .F. ) ;
#5411 = DIRECTION ( 'NONE',  ( -1.000000000000000000, 0.000000000000000000, 4.336808689942015369E-15 ) ) ;
#5412 = DIRECTION ( 'NONE',  ( 0.000000000000000000, -1.000000000000000000, 0.000000000000000000 ) ) ;
#5413 = AXIS2_PLACEMENT_3D ( 'NONE', #3105, #4837, #4340 ) ;
#5414 = DIRECTION ( 'NONE',  ( -3.491481338843133355E-15, 0.000000000000000000, -1.000000000000000000 ) ) ;
#5415 = DIRECTION ( 'NONE',  ( -1.000000000000000000, -0.000000000000000000, 3.491481338843133355E-15 ) ) ;
#5416 = VERTEX_POINT ( 'NONE', #183 ) ;
#5417 = CARTESIAN_POINT ( 'NONE',  ( -1.199999999999995515, 0.1999999999999998723, 1.200000000000003952 ) ) ;
#5418 = ORIENTED_EDGE ( 'NONE', *, *, #1722, .F. ) ;
#5419 = DIRECTION ( 'NONE',  ( -0.000000000000000000, -1.000000000000000000, -0.000000000000000000 ) ) ;
#5420 = AXIS2_PLACEMENT_3D ( 'NONE', #2842, #3322, #1136 ) ;
#5421 = CARTESIAN_POINT ( 'NONE',  ( 1.300000000000000933, -3.660069929215019169, 0.3999999999999954148 ) ) ;
#5422 = ORIENTED_EDGE ( 'NONE', *, *, #3780, .T. ) ;
#5423 = DIRECTION ( 'NONE',  ( -3.491481338843133355E-15, 0.000000000000000000, -1.000000000000000000 ) ) ;
#5424 = ORIENTED_EDGE ( 'NONE', *, *, #4088, .T. ) ;
#5425 = ADVANCED_FACE ( 'NONE', ( #671 ), #2442, .F. ) ;
#5426 = CARTESIAN_POINT ( 'NONE',  ( 1.500000000000001998, -2.168404344971008868E-16, 0.6999999999999946265 ) ) ;
#5427 = DIRECTION ( 'NONE',  ( -3.491481338843133355E-15, 0.000000000000000000, -1.000000000000000000 ) ) ;
#5428 = VECTOR ( 'NONE', #4245, 1000.000000000000000 ) ;
#5429 = AXIS2_PLACEMENT_3D ( 'NONE', #5589, #3431, #1569 ) ;
#5430 = CARTESIAN_POINT ( 'NONE',  ( 0.8000000000000038192, 0.1999999999999998723, 1.099999999999996980 ) ) ;
#5431 = EDGE_CURVE ( 'NONE', #2029, #5307, #208, .T. ) ;
#5432 = ORIENTED_EDGE ( 'NONE', *, *, #4268, .F. ) ;
#5433 = CARTESIAN_POINT ( 'NONE',  ( -1.299999999999996936, 0.2000000000000000944, 0.8000000000000044853 ) ) ;
#5434 = ORIENTED_EDGE ( 'NONE', *, *, #3404, .F. ) ;
#5435 = ADVANCED_FACE ( 'NONE', ( #1061 ), #1585, .F. ) ;
#5436 = DIRECTION ( 'NONE',  ( -1.000000000000000000, 0.000000000000000000, 3.491481338843133355E-15 ) ) ;
#5437 = LINE ( 'NONE', #1038, #4500 ) ;
#5438 = VECTOR ( 'NONE', #3683, 1000.000000000000000 ) ;
#5439 = CARTESIAN_POINT ( 'NONE',  ( 1.499999999999994005, 0.02500000000000006384, -1.500000000000004885 ) ) ;
#5440 = ORIENTED_EDGE ( 'NONE', *, *, #4554, .F. ) ;
#5441 = AXIS2_PLACEMENT_3D ( 'NONE', #193, #4185, #603 ) ;
#5442 = ORIENTED_EDGE ( 'NONE', *, *, #2679, .T. ) ;
#5443 = UNCERTAINTY_MEASURE_WITH_UNIT (LENGTH_MEASURE( 1.000000000000000082E-05 ), #2758, 'distance_accuracy_value', 'NONE');
#5444 = EDGE_CURVE ( 'NONE', #4496, #3482, #560, .T. ) ;
#5445 = AXIS2_PLACEMENT_3D ( 'NONE', #1312, #3923, #947 ) ;
#5446 = FACE_OUTER_BOUND ( 'NONE', #1950, .T. ) ;
#5447 = VECTOR ( 'NONE', #1275, 1000.000000000000000 ) ;
#5448 = SURFACE_SIDE_STYLE ('',( #4567 ) ) ;
#5449 = AXIS2_PLACEMENT_3D ( 'NONE', #538, #4864, #5318 ) ;
#5450 = CARTESIAN_POINT ( 'NONE',  ( 1.499999999999997780, -3.660069929215019169, -0.5000000000000052180 ) ) ;
#5451 = VECTOR ( 'NONE', #1735, 1000.000000000000000 ) ;
#5452 = STYLED_ITEM ( 'NONE', ( #1913 ), #855 ) ;
#5453 = CARTESIAN_POINT ( 'NONE',  ( 0.000000000000000000, 0.000000000000000000, 0.000000000000000000 ) ) ;
#5454 = VERTEX_POINT ( 'NONE', #4512 ) ;
#5455 = DIRECTION ( 'NONE',  ( 1.000000000000000000, 0.000000000000000000, -3.491481338843133355E-15 ) ) ;
#5456 = ADVANCED_FACE ( 'NONE', ( #129 ), #162, .F. ) ;
#5457 = CARTESIAN_POINT ( 'NONE',  ( -1.499999999999997780, 0.2000000000000000944, 0.5000000000000052180 ) ) ;
#5458 = AXIS2_PLACEMENT_3D ( 'NONE', #3751, #1587, #2913 ) ;
#5459 = EDGE_LOOP ( 'NONE', ( #2522, #152, #1251, #2566 ) ) ;
#5460 = AXIS2_PLACEMENT_3D ( 'NONE', #991, #607, #1604 ) ;
#5461 = ORIENTED_EDGE ( 'NONE', *, *, #205, .F. ) ;
#5462 = LINE ( 'NONE', #1562, #1876 ) ;
#5463 = DIRECTION ( 'NONE',  ( -3.491481338843133355E-15, 0.000000000000000000, -1.000000000000000000 ) ) ;
#5464 =( GEOMETRIC_REPRESENTATION_CONTEXT ( 3 ) GLOBAL_UNCERTAINTY_ASSIGNED_CONTEXT ( ( #108 ) ) GLOBAL_UNIT_ASSIGNED_CONTEXT ( ( #295, #2003, #1616 ) ) REPRESENTATION_CONTEXT ( 'NONE', 'WORKASPACE' ) );
#5465 = EDGE_CURVE ( 'NONE', #5114, #2907, #1096, .T. ) ;
#5466 = CARTESIAN_POINT ( 'NONE',  ( -0.5000000000000038858, 0.02500000000000006384, -1.149999999999998135 ) ) ;
#5467 = CARTESIAN_POINT ( 'NONE',  ( -3.491481338843134834E-16, 0.000000000000000000, -0.1000000000000000472 ) ) ;
#5468 = ORIENTED_EDGE ( 'NONE', *, *, #3138, .F. ) ;
#5469 = CARTESIAN_POINT ( 'NONE',  ( -1.500000000000001998, 0.2000000000000000944, -0.4999999999999947820 ) ) ;
#5470 = VERTEX_POINT ( 'NONE', #3690 ) ;
#5471 = EDGE_CURVE ( 'NONE', #764, #5194, #5400, .T. ) ;
#5472 = DIRECTION ( 'NONE',  ( 0.000000000000000000, 1.000000000000000000, 0.000000000000000000 ) ) ;
#5473 = FACE_OUTER_BOUND ( 'NONE', #5548, .T. ) ;
#5474 = ORIENTED_EDGE ( 'NONE', *, *, #3663, .F. ) ;
#5475 = PLANE ( 'NONE',  #3472 ) ;
#5476 = VERTEX_POINT ( 'NONE', #5426 ) ;
#5477 = EDGE_CURVE ( 'NONE', #3010, #545, #1528, .T. ) ;
#5478 = CARTESIAN_POINT ( 'NONE',  ( 1.499999999999995781, -3.660069929215019169, -1.100000000000004974 ) ) ;
#5479 = LINE ( 'NONE', #3784, #4994 ) ;
#5480 = EDGE_CURVE ( 'NONE', #5220, #1195, #1802, .T. ) ;
#5481 = DIRECTION ( 'NONE',  ( 1.000000000000000000, 0.000000000000000000, -3.491481338843133355E-15 ) ) ;
#5482 = CARTESIAN_POINT ( 'NONE',  ( 1.299999999999995604, 0.2000000000000000944, -1.200000000000004396 ) ) ;
#5483 = PLANE ( 'NONE',  #3473 ) ;
#5484 = ORIENTED_EDGE ( 'NONE', *, *, #1430, .T. ) ;
#5485 = CARTESIAN_POINT ( 'NONE',  ( 1.499999999999998446, -3.660069929215019169, -0.3000000000000051514 ) ) ;
#5486 = DIRECTION ( 'NONE',  ( 0.000000000000000000, -1.000000000000000000, 0.000000000000000000 ) ) ;
#5487 = FACE_OUTER_BOUND ( 'NONE', #835, .T. ) ;
#5488 = ORIENTED_EDGE ( 'NONE', *, *, #4843, .F. ) ;
#5489 = CARTESIAN_POINT ( 'NONE',  ( -1.299999999999995159, -3.660069929215019169, 1.300000000000004707 ) ) ;
#5490 = ORIENTED_EDGE ( 'NONE', *, *, #3865, .T. ) ;
#5491 = CARTESIAN_POINT ( 'NONE',  ( 1.299999999999996714, -3.660069929215019169, -0.9000000000000049072 ) ) ;
#5492 = CARTESIAN_POINT ( 'NONE',  ( 0.8000000000000040412, -3.660069929215019169, 1.149999999999997247 ) ) ;
#5493 = DIRECTION ( 'NONE',  ( 1.000000000000000000, 0.000000000000000000, -3.491481338843133355E-15 ) ) ;
#5494 = EDGE_CURVE ( 'NONE', #2949, #1952, #5462, .T. ) ;
#5495 = DIRECTION ( 'NONE',  ( 0.000000000000000000, 1.000000000000000000, 0.000000000000000000 ) ) ;
#5496 = ORIENTED_EDGE ( 'NONE', *, *, #1934, .T. ) ;
#5497 = DIRECTION ( 'NONE',  ( -0.000000000000000000, -1.000000000000000000, -0.000000000000000000 ) ) ;
#5498 = ORIENTED_EDGE ( 'NONE', *, *, #900, .F. ) ;
#5499 = DIRECTION ( 'NONE',  ( 0.000000000000000000, -1.000000000000000000, 0.000000000000000000 ) ) ;
#5500 = DIRECTION ( 'NONE',  ( 3.491481338843133355E-15, 0.000000000000000000, 1.000000000000000000 ) ) ;
#5501 = EDGE_LOOP ( 'NONE', ( #3450, #3560, #1769, #280 ) ) ;
#5502 = CARTESIAN_POINT ( 'NONE',  ( 1.300000000000001377, -3.660069929215019169, 0.4999999999999954481 ) ) ;
#5503 = VERTEX_POINT ( 'NONE', #4199 ) ;
#5504 = CARTESIAN_POINT ( 'NONE',  ( -1.199999999999998401, 0.1999999999999998723, 0.4000000000000041855 ) ) ;
#5505 = DIRECTION ( 'NONE',  ( 0.000000000000000000, -1.000000000000000000, 0.000000000000000000 ) ) ;
#5506 = PLANE ( 'NONE',  #1550 ) ;
#5507 = ADVANCED_FACE ( 'NONE', ( #4699 ), #5635, .F. ) ;
#5508 = LINE ( 'NONE', #1937, #4745 ) ;
#5509 = EDGE_LOOP ( 'NONE', ( #3583, #1190, #354, #2302 ) ) ;
#5510 = CARTESIAN_POINT ( 'NONE',  ( -1.299999999999998490, 0.1999999999999998723, 0.4000000000000045186 ) ) ;
#5511 = FACE_OUTER_BOUND ( 'NONE', #3228, .T. ) ;
#5512 = CARTESIAN_POINT ( 'NONE',  ( 1.499999999999994005, 0.2000000000000000944, -1.500000000000004885 ) ) ;
#5513 = CARTESIAN_POINT ( 'NONE',  ( -1.299999999999998046, 0.2000000000000000944, 0.5000000000000045519 ) ) ;
#5514 = ORIENTED_EDGE ( 'NONE', *, *, #4607, .T. ) ;
#5515 = ORIENTED_EDGE ( 'NONE', *, *, #2893, .T. ) ;
#5516 = DIRECTION ( 'NONE',  ( 1.000000000000000000, 0.000000000000000000, -3.491481338843133355E-15 ) ) ;
#5517 = CARTESIAN_POINT ( 'NONE',  ( 1.499999999999994893, 0.2000000000000000944, -1.300000000000005373 ) ) ;
#5518 = DIRECTION ( 'NONE',  ( -1.000000000000000000, 0.000000000000000000, 3.491481338843136511E-15 ) ) ;
#5519 = DIRECTION ( 'NONE',  ( 1.000000000000000000, 0.000000000000000000, -3.252606517456511724E-15 ) ) ;
#5520 = ORIENTED_EDGE ( 'NONE', *, *, #625, .T. ) ;
#5521 = VERTEX_POINT ( 'NONE', #3805 ) ;
#5522 = AXIS2_PLACEMENT_3D ( 'NONE', #5421, #1057, #4636 ) ;
#5523 = ADVANCED_FACE ( 'NONE', ( #3772 ), #1745, .F. ) ;
#5524 = AXIS2_PLACEMENT_3D ( 'NONE', #1988, #2307, #3252 ) ;
#5525 = PLANE ( 'NONE',  #3959 ) ;
#5526 = CARTESIAN_POINT ( 'NONE',  ( -1.500000000000001998, 0.2000000000000000944, -0.6999999999999948486 ) ) ;
#5527 = EDGE_LOOP ( 'NONE', ( #4955, #2714, #5019, #2142 ) ) ;
#5528 = DIRECTION ( 'NONE',  ( -3.491481338843133355E-15, 0.000000000000000000, -1.000000000000000000 ) ) ;
#5529 = VERTEX_POINT ( 'NONE', #397 ) ;
#5530 = ORIENTED_EDGE ( 'NONE', *, *, #3475, .F. ) ;
#5531 = CARTESIAN_POINT ( 'NONE',  ( -1.299999999999995604, 0.1999999999999998723, 1.200000000000004396 ) ) ;
#5532 = VECTOR ( 'NONE', #5427, 1000.000000000000000 ) ;
#5533 = AXIS2_PLACEMENT_3D ( 'NONE', #675, #2447, #4676 ) ;
#5534 = VECTOR ( 'NONE', #4300, 1000.000000000000000 ) ;
#5535 = LINE ( 'NONE', #2894, #807 ) ;
#5536 = EDGE_CURVE ( 'NONE', #1319, #3492, #4409, .T. ) ;
#5537 = AXIS2_PLACEMENT_3D ( 'NONE', #520, #1854, #3049 ) ;
#5538 = FACE_OUTER_BOUND ( 'NONE', #4221, .T. ) ;
#5539 = AXIS2_PLACEMENT_3D ( 'NONE', #1071, #2773, #2329 ) ;
#5540 = CARTESIAN_POINT ( 'NONE',  ( -1.499999999999997113, 7.115076756936122848E-17, 0.7000000000000049516 ) ) ;
#5541 = VERTEX_POINT ( 'NONE', #1619 ) ;
#5542 = CARTESIAN_POINT ( 'NONE',  ( 1.300000000000002709, 0.1999999999999999278, 0.8999999999999954703 ) ) ;
#5543 = DIRECTION ( 'NONE',  ( 0.000000000000000000, 1.000000000000000000, 0.000000000000000000 ) ) ;
#5544 = CIRCLE ( 'NONE', #1439, 0.1000000000000000472 ) ;
#5545 = EDGE_CURVE ( 'NONE', #2654, #881, #1183, .T. ) ;
#5546 = CARTESIAN_POINT ( 'NONE',  ( 1.500000000000004219, 2.168404344971008868E-16, 1.299999999999994937 ) ) ;
#5547 = VECTOR ( 'NONE', #4656, 1000.000000000000000 ) ;
#5548 = EDGE_LOOP ( 'NONE', ( #2060, #993, #4204, #737 ) ) ;
#5549 = EDGE_CURVE ( 'NONE', #1595, #4228, #1210, .T. ) ;
#5550 = FACE_OUTER_BOUND ( 'NONE', #2136, .T. ) ;
#5551 = EDGE_LOOP ( 'NONE', ( #5166, #4455, #2190, #3729, #772, #525, #2686, #3476, #585, #1482, #2611, #4914, #3679, #2731, #1093, #669, #743, #1862, #930, #773, #929, #5577, #735, #435, #1217, #2639, #4861, #4939, #3503, #5074, #2161, #1875, #4108, #2353, #2351, #1231, #1567, #1001, #1696, #3068, #898, #5135, #1214, #2974, #5107, #5434, #54, #1835, #883, #572, #4491, #3989, #437, #4833, #3452, #1707, #1496, #2636, #688, #3854, #810, #5406, #196, #874, #4896, #4751, #1823 ) ) ;
#5552 = CARTESIAN_POINT ( 'NONE',  ( -1.299999999999999378, 0.02500000000000006384, 0.1000000000000045852 ) ) ;
#5553 = FACE_OUTER_BOUND ( 'NONE', #1379, .T. ) ;
#5554 = DIRECTION ( 'NONE',  ( 0.000000000000000000, -1.000000000000000000, 0.000000000000000000 ) ) ;
#5555 = VECTOR ( 'NONE', #3123, 1000.000000000000000 ) ;
#5556 = ADVANCED_FACE ( 'NONE', ( #5190 ), #3454, .F. ) ;
#5557 = SURFACE_STYLE_USAGE ( .BOTH. , #2943 ) ;
#5558 = VERTEX_POINT ( 'NONE', #5552 ) ;
#5559 = VERTEX_POINT ( 'NONE', #739 ) ;
#5560 = VECTOR ( 'NONE', #3599, 1000.000000000000000 ) ;
#5561 = LINE ( 'NONE', #4654, #3255 ) ;
#5562 = EDGE_LOOP ( 'NONE', ( #2662, #138, #423, #2978 ) ) ;
#5563 = DIRECTION ( 'NONE',  ( -1.000000000000000000, 0.000000000000000000, 3.491481338843133355E-15 ) ) ;
#5564 = ORIENTED_EDGE ( 'NONE', *, *, #5270, .T. ) ;
#5565 = ORIENTED_EDGE ( 'NONE', *, *, #4761, .T. ) ;
#5566 = SURFACE_STYLE_FILL_AREA ( #3820 ) ;
#5567 = EDGE_CURVE ( 'NONE', #592, #5321, #3034, .T. ) ;
#5568 = DIRECTION ( 'NONE',  ( 0.000000000000000000, 1.000000000000000000, 0.000000000000000000 ) ) ;
#5569 = CARTESIAN_POINT ( 'NONE',  ( 1.299999999999996936, 0.02500000000000006384, -0.8000000000000047073 ) ) ;
#5570 = ORIENTED_EDGE ( 'NONE', *, *, #27, .F. ) ;
#5571 = FACE_OUTER_BOUND ( 'NONE', #1982, .T. ) ;
#5572 = CARTESIAN_POINT ( 'NONE',  ( -1.499999999999997780, 0.02500000000000006384, 0.7000000000000051736 ) ) ;
#5573 = EDGE_CURVE ( 'NONE', #1646, #1724, #5579, .T. ) ;
#5574 = CARTESIAN_POINT ( 'NONE',  ( 1.300000000000000711, 0.2000000000000000944, 0.2999999999999953815 ) ) ;
#5575 = ORIENTED_EDGE ( 'NONE', *, *, #2206, .F. ) ;
#5576 = EDGE_CURVE ( 'NONE', #5314, #592, #4737, .T. ) ;
#5577 = ORIENTED_EDGE ( 'NONE', *, *, #3563, .T. ) ;
#5578 = CARTESIAN_POINT ( 'NONE',  ( 1.500000000000000000, 0.2000000000000000944, 0.09999999999999481526 ) ) ;
#5579 = LINE ( 'NONE', #2500, #119 ) ;
#5580 = EDGE_CURVE ( 'NONE', #16, #4805, #2156, .T. ) ;
#5581 = DIRECTION ( 'NONE',  ( -1.000000000000000000, 0.000000000000000000, 3.491481338843133355E-15 ) ) ;
#5582 = EDGE_CURVE ( 'NONE', #214, #5521, #3396, .T. ) ;
#5583 = DIRECTION ( 'NONE',  ( 0.000000000000000000, -1.000000000000000000, 0.000000000000000000 ) ) ;
#5584 = ORIENTED_EDGE ( 'NONE', *, *, #1055, .T. ) ;
#5585 = CARTESIAN_POINT ( 'NONE',  ( 1.299999999999995159, 0.2000000000000000944, -1.300000000000004707 ) ) ;
#5586 = ORIENTED_EDGE ( 'NONE', *, *, #5657, .T. ) ;
#5587 = EDGE_CURVE ( 'NONE', #4709, #5156, #2046, .T. ) ;
#5588 = DIRECTION ( 'NONE',  ( -1.000000000000000000, 0.000000000000000000, 3.252606517456511724E-15 ) ) ;
#5589 = CARTESIAN_POINT ( 'NONE',  ( 1.300000000000003819, 0.1999999999999998723, 1.199999999999995293 ) ) ;
#5590 = ORIENTED_EDGE ( 'NONE', *, *, #3924, .F. ) ;
#5591 = CARTESIAN_POINT ( 'NONE',  ( -1.500000000000003553, 2.168404344971008868E-16, -1.099999999999994538 ) ) ;
#5592 = EDGE_LOOP ( 'NONE', ( #752, #3856, #5076, #849 ) ) ;
#5593 = EDGE_LOOP ( 'NONE', ( #2738, #4035, #5243, #217 ) ) ;
#5594 = PLANE ( 'NONE',  #4988 ) ;
#5595 = DIRECTION ( 'NONE',  ( -1.000000000000000000, 0.000000000000000000, 3.491481338843133355E-15 ) ) ;
#5596 = LINE ( 'NONE', #4721, #3992 ) ;
#5597 = DIRECTION ( 'NONE',  ( 0.000000000000000000, -1.000000000000000000, 0.000000000000000000 ) ) ;
#5598 = VERTEX_POINT ( 'NONE', #2909 ) ;
#5599 = DIRECTION ( 'NONE',  ( 1.000000000000000000, 0.000000000000000000, -3.252606517456511724E-15 ) ) ;
#5600 = CARTESIAN_POINT ( 'NONE',  ( -1.499999999999995781, -3.660069929215019169, 1.100000000000004974 ) ) ;
#5601 = EDGE_CURVE ( 'NONE', #1162, #5236, #4802, .T. ) ;
#5602 = ORIENTED_EDGE ( 'NONE', *, *, #491, .T. ) ;
#5603 = FILL_AREA_STYLE_COLOUR ( '', #5282 ) ;
#5604 = ORIENTED_EDGE ( 'NONE', *, *, #1776, .F. ) ;
#5605 = DIRECTION ( 'NONE',  ( -1.000000000000000000, -0.000000000000000000, 3.491481338843133355E-15 ) ) ;
#5606 = LINE ( 'NONE', #711, #2619 ) ;
#5607 = DIRECTION ( 'NONE',  ( 0.000000000000000000, 1.000000000000000000, 0.000000000000000000 ) ) ;
#5608 = DIRECTION ( 'NONE',  ( -1.000000000000000000, 0.000000000000000000, 3.491481338843133355E-15 ) ) ;
#5609 = ORIENTED_EDGE ( 'NONE', *, *, #605, .T. ) ;
#5610 = EDGE_CURVE ( 'NONE', #3011, #1503, #803, .T. ) ;
#5611 = ORIENTED_EDGE ( 'NONE', *, *, #4792, .T. ) ;
#5612 = DIRECTION ( 'NONE',  ( 1.000000000000000000, 0.000000000000000000, -3.468277731116981327E-15 ) ) ;
#5613 = AXIS2_PLACEMENT_3D ( 'NONE', #3656, #259, #4242 ) ;
#5614 = EDGE_CURVE ( 'NONE', #1724, #2029, #2994, .T. ) ;
#5615 = CARTESIAN_POINT ( 'NONE',  ( -1.300000000000000266, 0.1999999999999998723, -0.09999999999999550915 ) ) ;
#5616 = ORIENTED_EDGE ( 'NONE', *, *, #710, .T. ) ;
#5617 = VECTOR ( 'NONE', #1018, 1000.000000000000000 ) ;
#5618 = EDGE_LOOP ( 'NONE', ( #865, #328, #4794, #2232 ) ) ;
#5619 = VECTOR ( 'NONE', #4619, 1000.000000000000000 ) ;
#5620 = CARTESIAN_POINT ( 'NONE',  ( -1.300000000000000933, 2.168404344971008868E-16, -0.3999999999999954148 ) ) ;
#5621 = EDGE_CURVE ( 'NONE', #1893, #126, #5158, .T. ) ;
#5622 = AXIS2_PLACEMENT_3D ( 'NONE', #3227, #4556, #1901 ) ;
#5623 = CARTESIAN_POINT ( 'NONE',  ( -1.300000000000000266, 0.02500000000000006384, -0.09999999999999550915 ) ) ;
#5624 = DIRECTION ( 'NONE',  ( -0.000000000000000000, -1.000000000000000000, 0.000000000000000000 ) ) ;
#5625 = VECTOR ( 'NONE', #2318, 1000.000000000000000 ) ;
#5626 = EDGE_LOOP ( 'NONE', ( #5442, #2925, #2682, #4299 ) ) ;
#5627 = CARTESIAN_POINT ( 'NONE',  ( -1.076627600957133168, 0.6999999999999999556, -1.201669740778646522 ) ) ;
#5628 = LINE ( 'NONE', #1268, #4156 ) ;
#5629 = AXIS2_PLACEMENT_3D ( 'NONE', #4438, #2694, #446 ) ;
#5630 = DIRECTION ( 'NONE',  ( 3.491481338843133355E-15, 0.000000000000000000, 1.000000000000000000 ) ) ;
#5631 = EDGE_LOOP ( 'NONE', ( #2553, #3056, #3408, #1654 ) ) ;
#5632 = CARTESIAN_POINT ( 'NONE',  ( -0.8500000000000023093, 0.1999999999999998723, -0.7999999999999970468 ) ) ;
#5633 = ORIENTED_EDGE ( 'NONE', *, *, #3133, .T. ) ;
#5634 = CARTESIAN_POINT ( 'NONE',  ( 1.500000000000002665, 0.2000000000000000944, 0.8999999999999949152 ) ) ;
#5635 = PLANE ( 'NONE',  #4975 ) ;
#5636 = CARTESIAN_POINT ( 'NONE',  ( -1.299999999999995159, -3.660069929215019169, 1.300000000000004485 ) ) ;
#5637 = AXIS2_PLACEMENT_3D ( 'NONE', #1504, #2101, #3673 ) ;
#5638 = VECTOR ( 'NONE', #2325, 1000.000000000000000 ) ;
#5639 = DIRECTION ( 'NONE',  ( 1.000000000000000000, -0.000000000000000000, -3.491481338843133355E-15 ) ) ;
#5640 = ORIENTED_EDGE ( 'NONE', *, *, #4417, .T. ) ;
#5641 = VECTOR ( 'NONE', #120, 1000.000000000000000 ) ;
#5642 = EDGE_LOOP ( 'NONE', ( #2729, #1682, #2881, #4230 ) ) ;
#5643 = VECTOR ( 'NONE', #4850, 1000.000000000000000 ) ;
#5644 = EDGE_CURVE ( 'NONE', #2552, #4228, #5606, .T. ) ;
#5645 = EDGE_CURVE ( 'NONE', #1469, #2768, #2795, .T. ) ;
#5646 = VERTEX_POINT ( 'NONE', #35 ) ;
#5647 = DIRECTION ( 'NONE',  ( 0.000000000000000000, -1.000000000000000000, 0.000000000000000000 ) ) ;
#5648 = ORIENTED_EDGE ( 'NONE', *, *, #1748, .T. ) ;
#5649 = VERTEX_POINT ( 'NONE', #853 ) ;
#5650 = EDGE_CURVE ( 'NONE', #3916, #4371, #2291, .T. ) ;
#5651 = VECTOR ( 'NONE', #4701, 1000.000000000000000 ) ;
#5652 = DIRECTION ( 'NONE',  ( -0.000000000000000000, -1.000000000000000000, 0.000000000000000000 ) ) ;
#5653 = DIRECTION ( 'NONE',  ( -1.000000000000000000, 0.000000000000000000, 3.263228249898816653E-15 ) ) ;
#5654 = EDGE_CURVE ( 'NONE', #4140, #744, #1818, .T. ) ;
#5655 = ORIENTED_EDGE ( 'NONE', *, *, #1267, .T. ) ;
#5656 = CARTESIAN_POINT ( 'NONE',  ( -1.199999999999998401, 2.168404344971008868E-16, 0.4000000000000041855 ) ) ;
#5657 = EDGE_CURVE ( 'NONE', #3814, #1847, #1838, .T. ) ;
#5658 = VERTEX_POINT ( 'NONE', #5289 ) ;
#5659 = CARTESIAN_POINT ( 'NONE',  ( 1.499999999999999556, 0.8000000000000001554, -5.237222008264698455E-15 ) ) ;
#5660 = VERTEX_POINT ( 'NONE', #5309 ) ;
#5661 = DIRECTION ( 'NONE',  ( 1.000000000000000000, 0.000000000000000000, -3.252606517456511724E-15 ) ) ;
#5662 = PLANE ( 'NONE',  #1811 ) ;
#5663 = DIRECTION ( 'NONE',  ( 0.000000000000000000, 1.000000000000000000, 0.000000000000000000 ) ) ;
#5664 = ORIENTED_EDGE ( 'NONE', *, *, #796, .F. ) ;
#5665 = ORIENTED_EDGE ( 'NONE', *, *, #3827, .F. ) ;
#5666 = VERTEX_POINT ( 'NONE', #1374 ) ;
#5667 = CARTESIAN_POINT ( 'NONE',  ( -1.499999999999999556, 0.02500000000000006384, 5.237222008264698455E-15 ) ) ;
#5668 = ORIENTED_EDGE ( 'NONE', *, *, #4330, .F. ) ;
#5669 = DIRECTION ( 'NONE',  ( 0.000000000000000000, 1.000000000000000000, 0.000000000000000000 ) ) ;
#5670 = LINE ( 'NONE', #3119, #2555 ) ;
#5671 = PLANE ( 'NONE',  #302 ) ;
#5672 = LINE ( 'NONE', #2644, #798 ) ;
ENDSEC;
END-ISO-10303-21;
